season,award,player_award,player_id,age_award,first,pts_won,pts_max,share,winner,lg,player_stats,age_stats,team,pos,g,gs,mp_per_game,fg_per_game,fga_per_game,fg_percent,x3p_per_game,x3pa_per_game,x3p_percent,x2p_per_game,x2pa_per_game,x2p_percent,e_fg_percent,ft_per_game,fta_per_game,ft_percent,orb_per_game,drb_per_game,trb_per_game,ast_per_game,stl_per_game,blk_per_game,tov_per_game,pf_per_game,pts_per_game
2025,nba clutch_poy,Jalen Brunson,brunsja01,28,70.0,426.0,500.0,0.852,True,NBA,Jalen Brunson,28.0,NYK,PG,65.0,65.0,35.4,9.0,18.5,0.488,2.3,6.1,0.383,6.7,12.4,0.539,0.551,5.7,6.9,0.821,0.4,2.5,2.9,7.3,0.9,0.1,2.5,2.1,26.0
2025,nba clutch_poy,Nikola Jokić,jokicni01,29,26.0,312.0,500.0,0.624,False,NBA,Nikola Jokić,29.0,DEN,C,70.0,70.0,36.7,11.2,19.5,0.576,2.0,4.7,0.417,9.3,14.8,0.627,0.627,5.2,6.4,0.8,2.9,9.9,12.7,10.2,1.8,0.6,3.3,2.3,29.6
2025,nba clutch_poy,Anthony Edwards,edwaran01,23,2.0,47.0,500.0,0.094,False,NBA,Anthony Edwards,23.0,MIN,SG,79.0,79.0,36.3,9.1,20.4,0.447,4.1,10.3,0.395,5.1,10.1,0.501,0.547,5.3,6.3,0.837,0.8,4.9,5.7,4.5,1.2,0.6,3.2,1.9,27.6
2025,nba clutch_poy,Trae Young,youngtr01,26,0.0,44.0,500.0,0.088,False,NBA,Trae Young,26.0,ATL,PG,76.0,76.0,36.0,7.4,18.1,0.411,2.9,8.4,0.34,4.6,9.7,0.474,0.491,6.5,7.4,0.875,0.5,2.6,3.1,11.6,1.2,0.2,4.7,1.9,24.2
2025,nba clutch_poy,Stephen Curry,curryst01,36,1.0,27.0,500.0,0.054,False,NBA,Stephen Curry,36.0,GSW,PG,70.0,70.0,32.2,8.1,18.0,0.448,4.4,11.2,0.397,3.6,6.8,0.534,0.572,4.0,4.3,0.933,0.6,3.9,4.4,6.0,1.1,0.4,2.9,1.4,24.5
2025,nba clutch_poy,Darius Garland,garlada01,25,0.0,16.0,500.0,0.032,False,NBA,Darius Garland,25.0,CLE,PG,75.0,75.0,30.7,7.4,15.7,0.472,2.8,7.1,0.401,4.6,8.6,0.53,0.562,3.0,3.4,0.878,0.6,2.2,2.9,6.7,1.2,0.1,2.5,1.9,20.6
2025,nba clutch_poy,LeBron James,jamesle01,40,1.0,14.0,500.0,0.028,False,NBA,LeBron James,40.0,LAL,SF,70.0,70.0,34.9,9.3,18.1,0.513,2.1,5.7,0.376,7.2,12.5,0.574,0.571,3.7,4.7,0.782,1.0,6.8,7.8,8.2,1.0,0.6,3.7,1.4,24.4
2025,nba clutch_poy,Shai Gilgeous-Alexander,gilgesh01,26,0.0,8.0,500.0,0.016,False,NBA,Shai Gilgeous-Alexander,26.0,OKC,PG,76.0,76.0,34.2,11.3,21.8,0.519,2.1,5.7,0.375,9.2,16.1,0.571,0.569,7.9,8.8,0.898,0.9,4.1,5.0,6.4,1.7,1.0,2.4,2.2,32.7
2025,nba clutch_poy,Donovan Mitchell,mitchdo01,28,0.0,3.0,500.0,0.006,False,NBA,Donovan Mitchell,28.0,CLE,SG,71.0,71.0,31.4,8.2,18.6,0.443,3.3,8.9,0.368,5.0,9.7,0.512,0.531,4.2,5.1,0.823,0.8,3.7,4.5,5.0,1.3,0.2,2.1,2.0,24.0
2025,nba clutch_poy,Kyrie Irving,irvinky01,32,0.0,1.0,500.0,0.002,False,NBA,Kyrie Irving,32.0,DAL,SG,50.0,50.0,36.1,8.9,18.9,0.473,2.9,7.2,0.401,6.1,11.7,0.517,0.549,3.9,4.3,0.916,1.2,3.6,4.8,4.6,1.3,0.5,2.2,2.0,24.7
2025,nba clutch_poy,Tyrese Maxey,maxeyty01,24,0.0,1.0,500.0,0.002,False,NBA,Tyrese Maxey,24.0,PHI,PG,52.0,52.0,37.7,9.2,21.0,0.437,3.1,9.2,0.337,6.1,11.8,0.515,0.511,4.9,5.6,0.879,0.3,3.1,3.3,6.1,1.8,0.4,2.4,2.2,26.3
2025,nba clutch_poy,Jayson Tatum,tatumja01,26,0.0,1.0,500.0,0.002,False,NBA,Jayson Tatum,26.0,BOS,PF,72.0,72.0,36.4,9.2,20.3,0.452,3.5,10.1,0.343,5.7,10.2,0.559,0.537,5.0,6.1,0.814,0.7,8.0,8.7,6.0,1.1,0.5,2.9,2.2,26.8
2025,nba dpoy,Evan Mobley,mobleev01,23,35.0,285.0,500.0,0.57,True,NBA,Evan Mobley,23.0,CLE,PF,71.0,71.0,30.5,7.1,12.8,0.557,1.2,3.2,0.37,5.9,9.5,0.621,0.604,3.1,4.3,0.725,2.3,7.0,9.3,3.2,0.9,1.6,2.0,2.0,18.5
2025,nba dpoy,Dyson Daniels,daniedy01,21,25.0,197.0,500.0,0.394,False,NBA,Dyson Daniels,21.0,ATL,SG,76.0,76.0,33.8,6.0,12.1,0.493,1.1,3.1,0.34,4.9,9.1,0.545,0.536,1.1,1.8,0.593,1.6,4.3,5.9,4.4,3.0,0.7,2.0,2.3,14.1
2025,nba dpoy,Draymond Green,greendr01,34,15.0,154.0,500.0,0.308,False,NBA,Draymond Green,34.0,GSW,PF,68.0,66.0,29.2,3.2,7.5,0.424,1.2,3.6,0.325,2.0,3.9,0.517,0.503,1.5,2.2,0.687,1.1,5.0,6.1,5.6,1.5,1.0,2.6,3.2,9.0
2025,nba dpoy,Luguentz Dort,dortlu01,25,11.0,109.0,500.0,0.218,False,NBA,Luguentz Dort,25.0,OKC,SF,71.0,71.0,29.2,3.6,8.4,0.435,2.4,5.8,0.412,1.2,2.5,0.489,0.578,0.5,0.6,0.717,1.3,2.9,4.1,1.6,1.1,0.5,0.7,2.9,10.1
2025,nba dpoy,Amen Thompson,thompam01,22,9.0,93.0,500.0,0.186,False,NBA,Amen Thompson,22.0,HOU,SF,69.0,42.0,32.2,5.6,10.1,0.557,0.4,1.3,0.275,5.3,8.8,0.599,0.575,2.4,3.6,0.684,2.8,5.4,8.2,3.8,1.4,1.3,2.0,2.4,14.1
2025,nba dpoy,Ivica Zubac,zubaciv01,27,4.0,34.0,500.0,0.068,False,NBA,Ivica Zubac,27.0,LAC,C,80.0,80.0,32.8,7.4,11.8,0.628,0.0,0.0,,7.4,11.8,0.628,0.628,2.0,3.0,0.661,3.8,8.9,12.6,2.7,0.7,1.1,1.6,2.1,16.8
2025,nba dpoy,Jaren Jackson Jr.,jacksja02,25,0.0,9.0,500.0,0.018,False,NBA,Jaren Jackson Jr.,25.0,MEM,C,74.0,74.0,29.8,8.0,16.4,0.488,2.0,5.3,0.375,6.0,11.1,0.541,0.548,4.2,5.4,0.781,1.2,4.4,5.6,2.0,1.2,1.5,2.1,3.5,22.2
2025,nba dpoy,Giannis Antetokounmpo,antetgi01,30,1.0,5.0,500.0,0.01,False,NBA,Giannis Antetokounmpo,30.0,MIL,PF,67.0,67.0,34.2,11.8,19.7,0.601,0.2,0.9,0.222,11.6,18.7,0.62,0.607,6.5,10.6,0.617,2.2,9.7,11.9,6.5,0.9,1.2,3.1,2.3,30.4
2025,nba dpoy,Toumani Camara,camarto01,24,0.0,4.0,500.0,0.008,False,NBA,Toumani Camara,24.0,POR,PF,78.0,78.0,32.7,4.2,9.2,0.458,1.7,4.6,0.375,2.5,4.6,0.542,0.552,1.2,1.6,0.722,2.2,3.6,5.8,2.2,1.5,0.6,1.4,2.9,11.3
2025,nba dpoy,Bam Adebayo,adebaba01,27,0.0,3.0,500.0,0.006,False,NBA,Bam Adebayo,27.0,MIA,C,78.0,78.0,34.3,6.9,14.3,0.485,1.0,2.8,0.357,5.9,11.4,0.517,0.521,3.2,4.2,0.765,2.4,7.2,9.6,4.3,1.3,0.7,2.1,2.1,18.1
2025,nba dpoy,Shai Gilgeous-Alexander,gilgesh01,26,0.0,3.0,500.0,0.006,False,NBA,Shai Gilgeous-Alexander,26.0,OKC,PG,76.0,76.0,34.2,11.3,21.8,0.519,2.1,5.7,0.375,9.2,16.1,0.571,0.569,7.9,8.8,0.898,0.9,4.1,5.0,6.4,1.7,1.0,2.4,2.2,32.7
2025,nba dpoy,Derrick White,whitede01,30,0.0,3.0,500.0,0.006,False,NBA,Derrick White,30.0,BOS,SG,76.0,76.0,33.9,5.6,12.6,0.442,3.5,9.1,0.384,2.1,3.5,0.593,0.58,1.8,2.1,0.839,0.9,3.6,4.5,4.8,0.9,1.1,1.7,1.8,16.4
2025,nba dpoy,Rudy Gobert,goberru01,32,0.0,1.0,500.0,0.002,False,NBA,Rudy Gobert,32.0,MIN,C,72.0,72.0,33.2,4.7,7.1,0.669,0.0,0.0,,4.7,7.1,0.669,0.669,2.6,3.8,0.674,3.7,7.2,10.9,1.8,0.8,1.4,1.2,2.5,12.0
2025,nba mip,Dyson Daniels,daniedy01,21,44.0,332.0,500.0,0.664,True,NBA,Dyson Daniels,21.0,ATL,SG,76.0,76.0,33.8,6.0,12.1,0.493,1.1,3.1,0.34,4.9,9.1,0.545,0.536,1.1,1.8,0.593,1.6,4.3,5.9,4.4,3.0,0.7,2.0,2.3,14.1
2025,nba mip,Ivica Zubac,zubaciv01,27,23.0,186.0,500.0,0.372,False,NBA,Ivica Zubac,27.0,LAC,C,80.0,80.0,32.8,7.4,11.8,0.628,0.0,0.0,,7.4,11.8,0.628,0.628,2.0,3.0,0.661,3.8,8.9,12.6,2.7,0.7,1.1,1.6,2.1,16.8
2025,nba mip,Cade Cunningham,cunnica01,23,15.0,122.0,500.0,0.244,False,NBA,Cade Cunningham,23.0,DET,PG,70.0,70.0,35.0,9.8,20.8,0.469,2.1,6.0,0.356,7.6,14.8,0.515,0.521,4.5,5.3,0.846,0.8,5.3,6.1,9.1,1.0,0.8,4.4,2.8,26.1
2025,nba mip,Christian Braun,braunch01,23,9.0,120.0,500.0,0.24,False,NBA,Christian Braun,23.0,DEN,SG,79.0,77.0,33.9,6.0,10.4,0.58,1.1,2.8,0.397,4.9,7.6,0.648,0.634,2.2,2.7,0.827,1.2,3.9,5.2,2.6,1.1,0.5,1.0,2.2,15.4
2025,nba mip,Austin Reaves,reaveau01,26,3.0,39.0,500.0,0.078,False,NBA,Austin Reaves,26.0,LAL,SG,73.0,73.0,34.9,6.5,14.2,0.46,2.7,7.3,0.377,3.8,6.9,0.547,0.556,4.4,5.0,0.877,0.8,3.7,4.5,5.8,1.1,0.3,2.4,2.1,20.2
2025,nba mip,Evan Mobley,mobleev01,23,2.0,21.0,500.0,0.042,False,NBA,Evan Mobley,23.0,CLE,PF,71.0,71.0,30.5,7.1,12.8,0.557,1.2,3.2,0.37,5.9,9.5,0.621,0.604,3.1,4.3,0.725,2.3,7.0,9.3,3.2,0.9,1.6,2.0,2.0,18.5
2025,nba mip,Amen Thompson,thompam01,22,1.0,18.0,500.0,0.036,False,NBA,Amen Thompson,22.0,HOU,SF,69.0,42.0,32.2,5.6,10.1,0.557,0.4,1.3,0.275,5.3,8.8,0.599,0.575,2.4,3.6,0.684,2.8,5.4,8.2,3.8,1.4,1.3,2.0,2.4,14.1
2025,nba mip,Deni Avdija,avdijde01,24,1.0,17.0,500.0,0.034,False,NBA,Deni Avdija,24.0,POR,SF,72.0,54.0,30.0,5.6,11.7,0.476,1.7,4.8,0.365,3.8,7.0,0.552,0.55,4.0,5.2,0.78,1.5,5.7,7.3,3.9,1.0,0.5,2.7,2.4,16.9
2025,nba mip,Tyler Herro,herroty01,25,1.0,16.0,500.0,0.032,False,NBA,Tyler Herro,25.0,MIA,SG,77.0,77.0,35.4,8.5,17.9,0.472,3.3,8.7,0.375,5.2,9.2,0.565,0.563,3.7,4.2,0.878,0.5,4.7,5.2,5.5,0.9,0.2,2.6,1.1,23.9
2025,nba mip,Josh Giddey,giddejo01,22,1.0,13.0,500.0,0.026,False,NBA,Josh Giddey,22.0,CHI,PG,70.0,69.0,30.2,5.3,11.4,0.465,1.5,4.0,0.378,3.8,7.4,0.512,0.531,2.5,3.2,0.781,1.8,6.3,8.1,7.2,1.2,0.6,2.9,1.7,14.6
2025,nba mip,Payton Pritchard,pritcpa01,27,0.0,6.0,500.0,0.012,False,NBA,Payton Pritchard,27.0,BOS,PG,80.0,3.0,28.4,5.1,10.8,0.472,3.2,7.8,0.407,1.9,3.0,0.642,0.62,0.9,1.1,0.845,1.3,2.6,3.8,3.5,0.9,0.2,1.0,1.5,14.3
2025,nba mip,Toumani Camara,camarto01,24,0.0,5.0,500.0,0.01,False,NBA,Toumani Camara,24.0,POR,PF,78.0,78.0,32.7,4.2,9.2,0.458,1.7,4.6,0.375,2.5,4.6,0.542,0.552,1.2,1.6,0.722,2.2,3.6,5.8,2.2,1.5,0.6,1.4,2.9,11.3
2025,nba mip,OG Anunoby,anunoog01,27,0.0,3.0,500.0,0.006,False,NBA,OG Anunoby,27.0,NYK,PF,74.0,74.0,36.6,6.6,13.9,0.476,2.3,6.2,0.372,4.3,7.7,0.561,0.559,2.5,3.1,0.81,1.3,3.5,4.8,2.2,1.5,0.9,1.4,2.3,18.0
2025,nba mip,Jalen Williams,willija06,23,0.0,2.0,500.0,0.004,False,NBA,Jalen Williams,23.0,OKC,SG,69.0,69.0,32.4,8.2,16.9,0.484,1.8,4.9,0.365,6.4,12.0,0.533,0.537,3.4,4.3,0.789,0.9,4.5,5.3,5.1,1.6,0.7,2.2,2.3,21.6
2025,nba mvp,Shai Gilgeous-Alexander,gilgesh01,26,71.0,913.0,1000.0,0.913,True,NBA,Shai Gilgeous-Alexander,26.0,OKC,PG,76.0,76.0,34.2,11.3,21.8,0.519,2.1,5.7,0.375,9.2,16.1,0.571,0.569,7.9,8.8,0.898,0.9,4.1,5.0,6.4,1.7,1.0,2.4,2.2,32.7
2025,nba mvp,Nikola Jokić,jokicni01,29,29.0,787.0,1000.0,0.787,False,NBA,Nikola Jokić,29.0,DEN,C,70.0,70.0,36.7,11.2,19.5,0.576,2.0,4.7,0.417,9.3,14.8,0.627,0.627,5.2,6.4,0.8,2.9,9.9,12.7,10.2,1.8,0.6,3.3,2.3,29.6
2025,nba mvp,Giannis Antetokounmpo,antetgi01,30,0.0,470.0,1000.0,0.47,False,NBA,Giannis Antetokounmpo,30.0,MIL,PF,67.0,67.0,34.2,11.8,19.7,0.601,0.2,0.9,0.222,11.6,18.7,0.62,0.607,6.5,10.6,0.617,2.2,9.7,11.9,6.5,0.9,1.2,3.1,2.3,30.4
2025,nba mvp,Jayson Tatum,tatumja01,26,0.0,311.0,1000.0,0.311,False,NBA,Jayson Tatum,26.0,BOS,PF,72.0,72.0,36.4,9.2,20.3,0.452,3.5,10.1,0.343,5.7,10.2,0.559,0.537,5.0,6.1,0.814,0.7,8.0,8.7,6.0,1.1,0.5,2.9,2.2,26.8
2025,nba mvp,Donovan Mitchell,mitchdo01,28,0.0,74.0,1000.0,0.074,False,NBA,Donovan Mitchell,28.0,CLE,SG,71.0,71.0,31.4,8.2,18.6,0.443,3.3,8.9,0.368,5.0,9.7,0.512,0.531,4.2,5.1,0.823,0.8,3.7,4.5,5.0,1.3,0.2,2.1,2.0,24.0
2025,nba mvp,LeBron James,jamesle01,40,0.0,16.0,1000.0,0.016,False,NBA,LeBron James,40.0,LAL,SF,70.0,70.0,34.9,9.3,18.1,0.513,2.1,5.7,0.376,7.2,12.5,0.574,0.571,3.7,4.7,0.782,1.0,6.8,7.8,8.2,1.0,0.6,3.7,1.4,24.4
2025,nba mvp,Cade Cunningham,cunnica01,23,0.0,12.0,1000.0,0.012,False,NBA,Cade Cunningham,23.0,DET,PG,70.0,70.0,35.0,9.8,20.8,0.469,2.1,6.0,0.356,7.6,14.8,0.515,0.521,4.5,5.3,0.846,0.8,5.3,6.1,9.1,1.0,0.8,4.4,2.8,26.1
2025,nba mvp,Anthony Edwards,edwaran01,23,0.0,12.0,1000.0,0.012,False,NBA,Anthony Edwards,23.0,MIN,SG,79.0,79.0,36.3,9.1,20.4,0.447,4.1,10.3,0.395,5.1,10.1,0.501,0.547,5.3,6.3,0.837,0.8,4.9,5.7,4.5,1.2,0.6,3.2,1.9,27.6
2025,nba mvp,Stephen Curry,curryst01,36,0.0,2.0,1000.0,0.002,False,NBA,Stephen Curry,36.0,GSW,PG,70.0,70.0,32.2,8.1,18.0,0.448,4.4,11.2,0.397,3.6,6.8,0.534,0.572,4.0,4.3,0.933,0.6,3.9,4.4,6.0,1.1,0.4,2.9,1.4,24.5
2025,nba mvp,Jalen Brunson,brunsja01,28,0.0,1.0,1000.0,0.001,False,NBA,Jalen Brunson,28.0,NYK,PG,65.0,65.0,35.4,9.0,18.5,0.488,2.3,6.1,0.383,6.7,12.4,0.539,0.551,5.7,6.9,0.821,0.4,2.5,2.9,7.3,0.9,0.1,2.5,2.1,26.0
2025,nba mvp,James Harden,hardeja01,35,0.0,1.0,1000.0,0.001,False,NBA,James Harden,35.0,LAC,PG,79.0,79.0,35.3,6.7,16.4,0.41,3.0,8.5,0.352,3.7,7.9,0.472,0.501,6.4,7.3,0.874,0.7,5.1,5.8,8.7,1.5,0.7,4.3,2.1,22.8
2025,nba mvp,Evan Mobley,mobleev01,23,0.0,1.0,1000.0,0.001,False,NBA,Evan Mobley,23.0,CLE,PF,71.0,71.0,30.5,7.1,12.8,0.557,1.2,3.2,0.37,5.9,9.5,0.621,0.604,3.1,4.3,0.725,2.3,7.0,9.3,3.2,0.9,1.6,2.0,2.0,18.5
2025,nba roy,Stephon Castle,castlst01,20,92.0,482.0,500.0,0.964,True,NBA,Stephon Castle,20.0,SAS,PG,81.0,47.0,26.7,5.2,12.2,0.428,1.2,4.1,0.285,4.0,8.1,0.501,0.476,3.1,4.2,0.724,1.1,2.6,3.7,4.1,0.9,0.3,2.2,2.0,14.7
2025,nba roy,Zaccharie Risacher,risacza01,19,5.0,245.0,500.0,0.49,False,NBA,Zaccharie Risacher,19.0,ATL,SF,75.0,73.0,24.6,4.8,10.4,0.458,1.6,4.6,0.355,3.1,5.8,0.54,0.537,1.4,2.0,0.711,1.1,2.4,3.6,1.2,0.7,0.5,1.2,2.0,12.6
2025,nba roy,Jaylen Wells,wellsja01,21,3.0,123.0,500.0,0.246,False,NBA,Jaylen Wells,21.0,MEM,SG,79.0,74.0,25.9,3.6,8.6,0.425,1.7,5.0,0.352,1.9,3.6,0.525,0.527,1.4,1.7,0.822,1.1,2.3,3.4,1.7,0.6,0.1,0.9,1.8,10.4
2025,nba roy,Alex Sarr,sarral01,19,0.0,34.0,500.0,0.068,False,NBA,Alex Sarr,19.0,WAS,C,67.0,67.0,27.1,4.9,12.4,0.394,1.6,5.1,0.308,3.3,7.3,0.454,0.457,1.7,2.5,0.679,1.9,4.6,6.5,2.4,0.7,1.5,1.7,2.2,13.0
2025,nba roy,Zach Edey,edeyza01,22,0.0,10.0,500.0,0.02,False,NBA,Zach Edey,22.0,MEM,C,66.0,55.0,21.5,3.8,6.6,0.58,0.3,0.8,0.346,3.5,5.8,0.612,0.6,1.4,1.9,0.709,3.5,4.8,8.3,1.0,0.5,1.3,1.3,2.8,9.2
2025,nba roy,Kel'el Ware,wareke01,20,0.0,4.0,500.0,0.008,False,NBA,Kel'el Ware,20.0,MIA,C,64.0,36.0,22.2,4.0,7.3,0.554,0.5,1.7,0.315,3.5,5.5,0.629,0.592,0.7,1.0,0.687,1.8,5.6,7.4,0.9,0.6,1.1,0.9,1.7,9.3
2025,nba roy,Matas Buzelis,buzelma01,20,0.0,1.0,500.0,0.002,False,NBA,Matas Buzelis,20.0,CHI,SF,80.0,31.0,18.9,3.2,6.9,0.454,1.2,3.3,0.361,2.0,3.6,0.54,0.541,1.1,1.4,0.815,0.7,2.8,3.5,1.0,0.4,0.9,0.9,1.6,8.6
2025,nba roy,Jared McCain,mccaija01,20,0.0,1.0,500.0,0.002,False,NBA,Jared McCain,20.0,PHI,SG,23.0,8.0,25.7,5.5,11.9,0.46,2.2,5.8,0.383,3.3,6.1,0.532,0.553,2.1,2.4,0.875,0.6,1.9,2.4,2.6,0.7,0.0,1.6,1.6,15.3
2025,nba smoy,Payton Pritchard,pritcpa01,27,82.0,454.0,500.0,0.908,True,NBA,Payton Pritchard,27.0,BOS,PG,80.0,3.0,28.4,5.1,10.8,0.472,3.2,7.8,0.407,1.9,3.0,0.642,0.62,0.9,1.1,0.845,1.3,2.6,3.8,3.5,0.9,0.2,1.0,1.5,14.3
2025,nba smoy,Malik Beasley,beaslma01,28,13.0,279.0,500.0,0.558,False,NBA,Malik Beasley,28.0,DET,SG,82.0,18.0,27.8,5.6,13.1,0.43,3.9,9.3,0.416,1.7,3.7,0.466,0.579,1.2,1.7,0.679,0.6,2.0,2.6,1.7,0.9,0.1,1.0,1.5,16.3
2025,nba smoy,Ty Jerome,jeromty01,27,2.0,91.0,500.0,0.182,False,NBA,Ty Jerome,27.0,CLE,SG,70.0,3.0,19.9,4.6,8.8,0.516,1.6,3.6,0.439,3.0,5.2,0.57,0.606,1.8,2.1,0.872,0.7,1.8,2.5,3.4,1.1,0.0,1.3,1.5,12.5
2025,nba smoy,De'Andre Hunter,huntede01,27,2.0,33.0,500.0,0.066,False,NBA,De'Andre Hunter,27.0,2TM,SF,64.0,9.0,27.2,5.6,11.9,0.47,2.5,6.1,0.405,3.1,5.8,0.537,0.573,3.4,4.0,0.846,0.7,3.3,4.0,1.4,0.8,0.2,1.3,2.4,17.0
2025,nba smoy,Naz Reid,reidna01,25,1.0,31.0,500.0,0.062,False,NBA,Naz Reid,25.0,MIN,C,80.0,17.0,27.5,5.3,11.5,0.462,2.2,5.8,0.379,3.1,5.8,0.544,0.556,1.4,1.8,0.776,1.2,4.9,6.0,2.3,0.7,0.9,1.4,2.4,14.2
2025,nba smoy,Nickeil Alexander-Walker,alexani01,26,0.0,7.0,500.0,0.014,False,NBA,Nickeil Alexander-Walker,26.0,MIN,SG,82.0,10.0,25.3,3.3,7.5,0.438,1.7,4.5,0.381,1.6,3.0,0.524,0.553,1.1,1.4,0.78,0.7,2.6,3.2,2.7,0.6,0.4,1.2,1.7,9.4
2025,nba smoy,Russell Westbrook,westbru01,36,0.0,4.0,500.0,0.008,False,NBA,Russell Westbrook,36.0,DEN,PG,75.0,36.0,27.9,5.0,11.1,0.449,1.3,3.9,0.323,3.7,7.2,0.517,0.505,2.1,3.1,0.661,1.4,3.6,4.9,6.1,1.4,0.5,3.2,2.5,13.3
2025,nba smoy,Alex Caruso,carusal01,30,0.0,1.0,500.0,0.002,False,NBA,Alex Caruso,30.0,OKC,SG,54.0,3.0,19.3,2.6,5.8,0.446,1.1,3.1,0.353,1.5,2.7,0.556,0.541,0.8,0.9,0.824,0.7,2.2,2.9,2.5,1.6,0.6,0.7,1.9,7.1
2024,nba clutch_poy,Stephen Curry,curryst01,35,45.0,298.0,495.0,0.602,True,NBA,Stephen Curry,35.0,GSW,PG,74.0,74.0,32.7,8.8,19.5,0.45,4.8,11.8,0.408,4.0,7.7,0.515,0.573,4.0,4.4,0.923,0.5,4.0,4.5,5.1,0.7,0.4,2.8,1.6,26.4
2024,nba clutch_poy,DeMar DeRozan,derozde01,34,34.0,272.0,495.0,0.549,False,NBA,DeMar DeRozan,34.0,CHI,SF,79.0,79.0,37.8,8.2,17.2,0.48,0.9,2.8,0.333,7.3,14.3,0.509,0.507,6.6,7.7,0.853,0.5,3.8,4.3,5.3,1.1,0.6,1.7,2.0,24.0
2024,nba clutch_poy,Shai Gilgeous-Alexander,gilgesh01,25,11.0,160.0,495.0,0.323,False,NBA,Shai Gilgeous-Alexander,25.0,OKC,PG,75.0,75.0,34.0,10.6,19.8,0.535,1.3,3.6,0.353,9.3,16.2,0.576,0.567,7.6,8.7,0.874,0.9,4.7,5.5,6.2,2.0,0.9,2.2,2.5,30.1
2024,nba clutch_poy,Nikola Jokić,jokicni01,28,4.0,85.0,495.0,0.172,False,NBA,Nikola Jokić,28.0,DEN,C,79.0,79.0,34.6,10.4,17.9,0.583,1.1,2.9,0.359,9.4,14.9,0.626,0.612,4.5,5.5,0.817,2.8,9.5,12.4,9.0,1.4,0.9,3.0,2.5,26.4
2024,nba clutch_poy,Jalen Brunson,brunsja01,27,2.0,26.0,495.0,0.053,False,NBA,Jalen Brunson,27.0,NYK,PG,77.0,77.0,35.4,10.3,21.4,0.479,2.7,6.8,0.401,7.5,14.6,0.516,0.543,5.5,6.5,0.847,0.6,3.1,3.6,6.7,0.9,0.2,2.4,1.9,28.7
2024,nba clutch_poy,Luka Dončić,doncilu01,24,1.0,16.0,495.0,0.032,False,NBA,Luka Dončić,24.0,DAL,PG,70.0,70.0,37.5,11.5,23.6,0.487,4.1,10.6,0.382,7.4,13.0,0.573,0.573,6.8,8.7,0.786,0.8,8.4,9.2,9.8,1.4,0.5,4.0,2.1,33.9
2024,nba clutch_poy,Kyrie Irving,irvinky01,31,0.0,14.0,495.0,0.028,False,NBA,Kyrie Irving,31.0,DAL,SG,58.0,58.0,35.0,9.7,19.5,0.497,3.0,7.3,0.411,6.7,12.2,0.548,0.573,3.3,3.6,0.905,0.8,4.2,5.0,5.2,1.3,0.5,1.8,1.9,25.6
2024,nba clutch_poy,Anthony Edwards,edwaran01,22,1.0,6.0,495.0,0.012,False,NBA,Anthony Edwards,22.0,MIN,SG,79.0,78.0,35.1,9.1,19.7,0.461,2.4,6.7,0.357,6.7,13.0,0.515,0.522,5.4,6.4,0.836,0.7,4.8,5.4,5.1,1.3,0.5,3.1,1.8,25.9
2024,nba clutch_poy,Jayson Tatum,tatumja01,25,1.0,5.0,495.0,0.01,False,NBA,Jayson Tatum,25.0,BOS,PF,74.0,74.0,35.7,9.1,19.3,0.471,3.1,8.2,0.376,6.0,11.0,0.542,0.552,5.6,6.7,0.833,0.9,7.2,8.1,4.9,1.0,0.6,2.5,2.0,26.9
2024,nba clutch_poy,LeBron James,jamesle01,39,0.0,3.0,495.0,0.006,False,NBA,LeBron James,39.0,LAL,PF,71.0,71.0,35.3,9.6,17.9,0.54,2.1,5.1,0.41,7.5,12.8,0.592,0.599,4.3,5.7,0.75,0.9,6.4,7.3,8.3,1.3,0.5,3.5,1.1,25.7
2024,nba clutch_poy,Damian Lillard,lillada01,33,0.0,2.0,495.0,0.004,False,NBA,Damian Lillard,33.0,MIL,PG,73.0,73.0,35.3,7.4,17.5,0.424,3.0,8.5,0.354,4.4,9.0,0.49,0.51,6.5,7.0,0.92,0.5,3.9,4.4,7.0,1.0,0.2,2.6,1.8,24.3
2024,nba clutch_poy,Giannis Antetokounmpo,antetgi01,29,0.0,1.0,495.0,0.002,False,NBA,Giannis Antetokounmpo,29.0,MIL,PF,73.0,73.0,35.2,11.5,18.8,0.611,0.5,1.7,0.274,11.0,17.1,0.645,0.624,7.0,10.7,0.657,2.7,8.8,11.5,6.5,1.2,1.1,3.4,2.9,30.4
2024,nba clutch_poy,De'Aaron Fox,foxde01,26,0.0,1.0,495.0,0.002,False,NBA,De'Aaron Fox,26.0,SAC,PG,74.0,74.0,35.9,9.7,20.9,0.465,2.9,7.8,0.369,6.8,13.1,0.522,0.534,4.2,5.7,0.738,0.9,3.7,4.6,5.6,2.0,0.4,2.6,2.6,26.6
2024,nba clutch_poy,Malik Monk,monkma01,25,0.0,1.0,495.0,0.002,False,NBA,Malik Monk,25.0,SAC,SG,72.0,0.0,26.0,5.5,12.4,0.443,2.1,5.9,0.35,3.4,6.5,0.528,0.526,2.4,2.8,0.829,0.4,2.6,2.9,5.1,0.6,0.5,2.1,2.2,15.4
2024,nba clutch_poy,Jalen Williams,willija06,22,0.0,1.0,495.0,0.002,False,NBA,Jalen Williams,22.0,OKC,PF,71.0,71.0,31.3,7.5,14.0,0.54,1.5,3.4,0.427,6.1,10.6,0.576,0.592,2.5,3.1,0.814,0.5,3.5,4.0,4.5,1.1,0.6,1.7,2.5,19.1
2024,nba dpoy,Rudy Gobert,goberru01,31,72.0,433.0,495.0,0.875,True,NBA,Rudy Gobert,31.0,MIN,C,76.0,76.0,34.1,5.3,8.1,0.661,0.0,0.0,0.0,5.3,8.0,0.664,0.661,3.3,5.1,0.638,3.8,9.2,12.9,1.3,0.7,2.1,1.6,3.1,14.0
2024,nba dpoy,Victor Wembanyama,wembavi01,20,19.0,245.0,495.0,0.495,False,NBA,Victor Wembanyama,20.0,SAS,C,71.0,71.0,29.7,7.8,16.7,0.465,1.8,5.5,0.325,6.0,11.2,0.534,0.519,4.1,5.2,0.796,2.3,8.4,10.6,3.9,1.2,3.6,3.7,2.2,21.4
2024,nba dpoy,Bam Adebayo,adebaba01,26,3.0,91.0,495.0,0.184,False,NBA,Bam Adebayo,26.0,MIA,C,71.0,71.0,34.0,7.5,14.3,0.521,0.2,0.6,0.357,7.3,13.7,0.528,0.529,4.1,5.5,0.755,2.2,8.1,10.4,3.9,1.1,0.9,2.3,2.2,19.3
2024,nba dpoy,Anthony Davis,davisan02,30,4.0,83.0,495.0,0.168,False,NBA,Anthony Davis,30.0,LAL,C,76.0,76.0,35.5,9.4,16.9,0.556,0.4,1.4,0.271,9.0,15.5,0.582,0.567,5.5,6.8,0.816,3.1,9.5,12.6,3.5,1.2,2.3,2.1,2.3,24.7
2024,nba dpoy,Herbert Jones,joneshe01,25,0.0,14.0,495.0,0.028,False,NBA,Herbert Jones,25.0,NOP,SF,76.0,76.0,30.5,3.9,7.7,0.498,1.5,3.6,0.418,2.4,4.1,0.568,0.595,1.8,2.1,0.867,1.0,2.6,3.6,2.6,1.4,0.8,1.2,2.9,11.0
2024,nba dpoy,Jrue Holiday,holidjr01,33,1.0,7.0,495.0,0.014,False,NBA,Jrue Holiday,33.0,BOS,PG,69.0,69.0,32.8,4.8,10.0,0.48,2.0,4.7,0.429,2.8,5.3,0.526,0.581,0.9,1.0,0.833,1.2,4.2,5.4,4.8,0.9,0.8,1.8,1.6,12.5
2024,nba dpoy,Shai Gilgeous-Alexander,gilgesh01,25,0.0,6.0,495.0,0.012,False,NBA,Shai Gilgeous-Alexander,25.0,OKC,PG,75.0,75.0,34.0,10.6,19.8,0.535,1.3,3.6,0.353,9.3,16.2,0.576,0.567,7.6,8.7,0.874,0.9,4.7,5.5,6.2,2.0,0.9,2.2,2.5,30.1
2024,nba dpoy,Derrick White,whitede01,29,0.0,5.0,495.0,0.01,False,NBA,Derrick White,29.0,BOS,SG,73.0,73.0,32.6,5.3,11.5,0.461,2.7,6.8,0.396,2.6,4.7,0.555,0.578,1.9,2.1,0.901,0.7,3.5,4.2,5.2,1.0,1.2,1.5,2.1,15.2
2024,nba dpoy,Giannis Antetokounmpo,antetgi01,29,0.0,3.0,495.0,0.006,False,NBA,Giannis Antetokounmpo,29.0,MIL,PF,73.0,73.0,35.2,11.5,18.8,0.611,0.5,1.7,0.274,11.0,17.1,0.645,0.624,7.0,10.7,0.657,2.7,8.8,11.5,6.5,1.2,1.1,3.4,2.9,30.4
2024,nba dpoy,Jarrett Allen,allenja01,25,0.0,1.0,495.0,0.002,False,NBA,Jarrett Allen,25.0,CLE,C,77.0,77.0,31.7,6.7,10.6,0.634,0.0,0.1,0.0,6.7,10.6,0.638,0.634,3.0,4.1,0.742,3.2,7.4,10.5,2.7,0.7,1.1,1.6,1.9,16.5
2024,nba dpoy,Alex Caruso,carusal01,29,0.0,1.0,495.0,0.002,False,NBA,Alex Caruso,29.0,CHI,SG,71.0,57.0,28.7,3.6,7.6,0.468,1.9,4.7,0.408,1.6,2.9,0.563,0.593,1.0,1.4,0.76,0.9,3.0,3.8,3.5,1.7,1.0,1.4,2.5,10.1
2024,nba dpoy,Domantas Sabonis,sabondo01,27,0.0,1.0,495.0,0.002,False,NBA,Domantas Sabonis,27.0,SAC,C,82.0,82.0,35.7,7.7,13.0,0.594,0.4,1.1,0.379,7.3,12.0,0.613,0.609,3.6,5.1,0.704,3.6,10.1,13.7,8.2,0.9,0.6,3.3,3.0,19.4
2024,nba dpoy,Jalen Suggs,suggsja01,22,0.0,1.0,495.0,0.002,False,NBA,Jalen Suggs,22.0,ORL,SG,75.0,75.0,27.0,4.5,9.5,0.471,2.0,5.1,0.397,2.4,4.4,0.556,0.578,1.6,2.1,0.756,0.6,2.4,3.1,2.7,1.4,0.6,1.8,2.7,12.6
2024,nba mip,Tyrese Maxey,maxeyty01,23,51.0,319.0,495.0,0.644,True,NBA,Tyrese Maxey,23.0,PHI,PG,70.0,70.0,37.5,9.1,20.3,0.45,3.0,8.1,0.373,6.1,12.1,0.501,0.524,4.7,5.4,0.868,0.5,3.2,3.7,6.2,1.0,0.5,1.7,2.2,25.9
2024,nba mip,Coby White,whiteco01,23,32.0,305.0,495.0,0.616,False,NBA,Coby White,23.0,CHI,PG,79.0,78.0,36.5,6.8,15.3,0.447,2.6,7.0,0.376,4.2,8.3,0.508,0.534,2.8,3.3,0.838,0.6,4.0,4.5,5.1,0.7,0.2,2.1,2.4,19.1
2024,nba mip,Alperen Şengün,sengual01,21,6.0,92.0,495.0,0.186,False,NBA,Alperen Şengün,21.0,HOU,C,63.0,63.0,32.5,8.4,15.6,0.537,0.5,1.8,0.297,7.8,13.8,0.567,0.553,3.9,5.6,0.693,2.9,6.4,9.3,5.0,1.2,0.7,2.6,3.3,21.1
2024,nba mip,Jalen Williams,willija06,22,5.0,79.0,495.0,0.16,False,NBA,Jalen Williams,22.0,OKC,PF,71.0,71.0,31.3,7.5,14.0,0.54,1.5,3.4,0.427,6.1,10.6,0.576,0.592,2.5,3.1,0.814,0.5,3.5,4.0,4.5,1.1,0.6,1.7,2.5,19.1
2024,nba mip,Jalen Brunson,brunsja01,27,3.0,25.0,495.0,0.051,False,NBA,Jalen Brunson,27.0,NYK,PG,77.0,77.0,35.4,10.3,21.4,0.479,2.7,6.8,0.401,7.5,14.6,0.516,0.543,5.5,6.5,0.847,0.6,3.1,3.6,6.7,0.9,0.2,2.4,1.9,28.7
2024,nba mip,Deni Avdija,avdijde01,23,1.0,24.0,495.0,0.048,False,NBA,Deni Avdija,23.0,WAS,SF,75.0,75.0,30.1,5.4,10.7,0.506,1.2,3.1,0.374,4.2,7.6,0.56,0.56,2.7,3.6,0.74,1.1,6.1,7.2,3.8,0.8,0.5,2.1,2.5,14.7
2024,nba mip,Cam Thomas,thomaca02,22,0.0,16.0,495.0,0.032,False,NBA,Cam Thomas,22.0,BRK,SG,66.0,51.0,31.4,8.0,18.0,0.442,2.2,6.0,0.364,5.8,12.0,0.481,0.503,4.3,5.1,0.856,0.4,2.8,3.2,2.9,0.7,0.2,1.9,2.1,22.5
2024,nba mip,Jalen Suggs,suggsja01,22,0.0,11.0,495.0,0.022,False,NBA,Jalen Suggs,22.0,ORL,SG,75.0,75.0,27.0,4.5,9.5,0.471,2.0,5.1,0.397,2.4,4.4,0.556,0.578,1.6,2.1,0.756,0.6,2.4,3.1,2.7,1.4,0.6,1.8,2.7,12.6
2024,nba mip,Tyrese Haliburton,halibty01,23,1.0,5.0,495.0,0.01,False,NBA,Tyrese Haliburton,23.0,IND,PG,69.0,68.0,32.2,7.2,15.2,0.477,2.8,7.8,0.364,4.4,7.4,0.595,0.57,2.8,3.3,0.855,0.5,3.4,3.9,10.9,1.2,0.7,2.3,1.1,20.1
2024,nba mip,Grayson Allen,allengr01,28,0.0,4.0,495.0,0.008,False,NBA,Grayson Allen,28.0,PHO,SG,75.0,74.0,33.5,4.5,9.1,0.499,2.7,5.9,0.461,1.8,3.2,0.57,0.649,1.7,2.0,0.878,0.6,3.3,3.9,3.0,0.9,0.6,1.3,2.1,13.5
2024,nba mip,Duncan Robinson,robindu01,29,0.0,4.0,495.0,0.008,False,NBA,Duncan Robinson,29.0,MIA,SF,68.0,36.0,28.0,4.5,9.9,0.45,2.8,7.0,0.395,1.7,3.0,0.579,0.589,1.2,1.3,0.889,0.2,2.3,2.5,2.8,0.7,0.2,1.4,2.4,12.9
2024,nba mip,Shai Gilgeous-Alexander,gilgesh01,25,0.0,3.0,495.0,0.006,False,NBA,Shai Gilgeous-Alexander,25.0,OKC,PG,75.0,75.0,34.0,10.6,19.8,0.535,1.3,3.6,0.353,9.3,16.2,0.576,0.567,7.6,8.7,0.874,0.9,4.7,5.5,6.2,2.0,0.9,2.2,2.5,30.1
2024,nba mip,Devin Vassell,vassede01,23,0.0,3.0,495.0,0.006,False,NBA,Devin Vassell,23.0,SAS,SG,68.0,62.0,33.1,7.3,15.5,0.472,2.4,6.6,0.372,4.9,9.0,0.544,0.55,2.4,3.0,0.801,0.4,3.4,3.8,4.1,1.1,0.3,1.6,1.1,19.5
2024,nba mip,Aaron Nesmith,nesmiaa01,24,0.0,1.0,495.0,0.002,False,NBA,Aaron Nesmith,24.0,IND,SF,72.0,47.0,27.7,4.4,8.8,0.496,1.9,4.6,0.419,2.4,4.2,0.581,0.606,1.5,1.9,0.781,0.9,2.9,3.8,1.5,0.9,0.7,0.9,3.3,12.2
2024,nba mvp,Nikola Jokić,jokicni01,28,79.0,926.0,990.0,0.935,True,NBA,Nikola Jokić,28.0,DEN,C,79.0,79.0,34.6,10.4,17.9,0.583,1.1,2.9,0.359,9.4,14.9,0.626,0.612,4.5,5.5,0.817,2.8,9.5,12.4,9.0,1.4,0.9,3.0,2.5,26.4
2024,nba mvp,Shai Gilgeous-Alexander,gilgesh01,25,15.0,640.0,990.0,0.646,False,NBA,Shai Gilgeous-Alexander,25.0,OKC,PG,75.0,75.0,34.0,10.6,19.8,0.535,1.3,3.6,0.353,9.3,16.2,0.576,0.567,7.6,8.7,0.874,0.9,4.7,5.5,6.2,2.0,0.9,2.2,2.5,30.1
2024,nba mvp,Luka Dončić,doncilu01,24,4.0,566.0,990.0,0.572,False,NBA,Luka Dončić,24.0,DAL,PG,70.0,70.0,37.5,11.5,23.6,0.487,4.1,10.6,0.382,7.4,13.0,0.573,0.573,6.8,8.7,0.786,0.8,8.4,9.2,9.8,1.4,0.5,4.0,2.1,33.9
2024,nba mvp,Giannis Antetokounmpo,antetgi01,29,1.0,192.0,990.0,0.194,False,NBA,Giannis Antetokounmpo,29.0,MIL,PF,73.0,73.0,35.2,11.5,18.8,0.611,0.5,1.7,0.274,11.0,17.1,0.645,0.624,7.0,10.7,0.657,2.7,8.8,11.5,6.5,1.2,1.1,3.4,2.9,30.4
2024,nba mvp,Jalen Brunson,brunsja01,27,0.0,142.0,990.0,0.143,False,NBA,Jalen Brunson,27.0,NYK,PG,77.0,77.0,35.4,10.3,21.4,0.479,2.7,6.8,0.401,7.5,14.6,0.516,0.543,5.5,6.5,0.847,0.6,3.1,3.6,6.7,0.9,0.2,2.4,1.9,28.7
2024,nba mvp,Jayson Tatum,tatumja01,25,0.0,86.0,990.0,0.087,False,NBA,Jayson Tatum,25.0,BOS,PF,74.0,74.0,35.7,9.1,19.3,0.471,3.1,8.2,0.376,6.0,11.0,0.542,0.552,5.6,6.7,0.833,0.9,7.2,8.1,4.9,1.0,0.6,2.5,2.0,26.9
2024,nba mvp,Anthony Edwards,edwaran01,22,0.0,18.0,990.0,0.018,False,NBA,Anthony Edwards,22.0,MIN,SG,79.0,78.0,35.1,9.1,19.7,0.461,2.4,6.7,0.357,6.7,13.0,0.515,0.522,5.4,6.4,0.836,0.7,4.8,5.4,5.1,1.3,0.5,3.1,1.8,25.9
2024,nba mvp,Domantas Sabonis,sabondo01,27,0.0,3.0,990.0,0.003,False,NBA,Domantas Sabonis,27.0,SAC,C,82.0,82.0,35.7,7.7,13.0,0.594,0.4,1.1,0.379,7.3,12.0,0.613,0.609,3.6,5.1,0.704,3.6,10.1,13.7,8.2,0.9,0.6,3.3,3.0,19.4
2024,nba mvp,Kevin Durant,duranke01,35,0.0,1.0,990.0,0.001,False,NBA,Kevin Durant,35.0,PHO,PF,75.0,75.0,37.2,10.0,19.1,0.523,2.2,5.4,0.413,7.8,13.7,0.567,0.581,4.8,5.6,0.856,0.5,6.1,6.6,5.0,0.9,1.2,3.3,1.8,27.1
2024,nba roy,Victor Wembanyama,wembavi01,20,99.0,495.0,495.0,1.0,True,NBA,Victor Wembanyama,20.0,SAS,C,71.0,71.0,29.7,7.8,16.7,0.465,1.8,5.5,0.325,6.0,11.2,0.534,0.519,4.1,5.2,0.796,2.3,8.4,10.6,3.9,1.2,3.6,3.7,2.2,21.4
2024,nba roy,Chet Holmgren,holmgch01,21,0.0,295.0,495.0,0.596,False,NBA,Chet Holmgren,21.0,OKC,C,82.0,82.0,29.4,6.2,11.6,0.53,1.6,4.3,0.37,4.6,7.4,0.623,0.598,2.7,3.4,0.793,1.6,6.3,7.9,2.4,0.6,2.3,1.6,2.4,16.5
2024,nba roy,Brandon Miller,millebr02,21,0.0,86.0,495.0,0.174,False,NBA,Brandon Miller,21.0,CHO,SF,74.0,68.0,32.2,6.4,14.6,0.44,2.5,6.7,0.373,3.9,8.0,0.495,0.524,1.9,2.3,0.827,0.8,3.4,4.3,2.4,0.9,0.6,1.8,2.5,17.3
2024,nba roy,Jaime Jaquez Jr.,jaqueja01,22,0.0,10.0,495.0,0.02,False,NBA,Jaime Jaquez Jr.,22.0,MIA,SF,75.0,20.0,28.2,4.5,9.3,0.489,0.9,2.7,0.322,3.7,6.6,0.558,0.536,1.9,2.3,0.811,1.1,2.7,3.8,2.6,1.0,0.3,1.5,2.2,11.9
2024,nba roy,Brandin Podziemski,podzibr01,20,0.0,4.0,495.0,0.008,False,NBA,Brandin Podziemski,20.0,GSW,SG,74.0,28.0,26.6,3.7,8.1,0.454,1.2,3.2,0.385,2.4,4.9,0.499,0.529,0.7,1.1,0.633,1.6,4.2,5.8,3.7,0.8,0.2,1.2,1.6,9.2
2024,nba roy,Dereck Lively II,livelde01,19,0.0,1.0,495.0,0.002,False,NBA,Dereck Lively II,19.0,DAL,C,55.0,42.0,23.5,4.0,5.4,0.747,0.0,0.0,0.0,4.0,5.3,0.752,0.747,0.7,1.5,0.506,2.5,4.4,6.9,1.1,0.7,1.4,0.9,2.6,8.8
2024,nba smoy,Naz Reid,reidna01,24,45.0,352.0,495.0,0.711,True,NBA,Naz Reid,24.0,MIN,PF,81.0,14.0,24.2,5.0,10.5,0.477,2.1,5.0,0.414,2.9,5.5,0.535,0.576,1.3,1.8,0.736,0.9,4.3,5.2,1.3,0.8,0.9,1.4,2.1,13.5
2024,nba smoy,Malik Monk,monkma01,25,43.0,342.0,495.0,0.691,False,NBA,Malik Monk,25.0,SAC,SG,72.0,0.0,26.0,5.5,12.4,0.443,2.1,5.9,0.35,3.4,6.5,0.528,0.526,2.4,2.8,0.829,0.4,2.6,2.9,5.1,0.6,0.5,2.1,2.2,15.4
2024,nba smoy,Bobby Portis,portibo01,28,5.0,81.0,495.0,0.164,False,NBA,Bobby Portis,28.0,MIL,PF,82.0,4.0,24.5,5.7,11.2,0.508,1.2,3.0,0.407,4.5,8.2,0.545,0.562,1.2,1.5,0.79,1.7,5.7,7.4,1.3,0.8,0.4,1.1,2.3,13.8
2024,nba smoy,Norman Powell,powelno01,30,2.0,65.0,495.0,0.131,False,NBA,Norman Powell,30.0,LAC,SG,76.0,3.0,26.2,4.9,10.1,0.486,2.2,5.1,0.435,2.7,5.1,0.536,0.594,1.9,2.3,0.831,0.2,2.4,2.6,1.1,0.6,0.3,0.9,1.8,13.9
2024,nba smoy,Bogdan Bogdanović,bogdabo01,31,4.0,40.0,495.0,0.081,False,NBA,Bogdan Bogdanović,31.0,ATL,SG,79.0,33.0,30.4,6.0,13.9,0.428,3.0,8.1,0.374,2.9,5.8,0.503,0.537,1.9,2.1,0.921,0.7,2.8,3.4,3.1,1.2,0.3,1.4,2.3,16.9
2024,nba smoy,Jose Alvarado,alvarjo01,25,0.0,3.0,495.0,0.006,False,NBA,Jose Alvarado,25.0,NOP,PG,56.0,0.0,18.4,2.5,6.2,0.412,1.4,3.7,0.377,1.1,2.5,0.464,0.525,0.6,0.9,0.673,0.4,1.8,2.3,2.1,1.1,0.3,0.7,1.6,7.1
2024,nba smoy,T.J. McConnell,mccontj01,31,0.0,2.0,495.0,0.004,False,NBA,T.J. McConnell,31.0,IND,PG,71.0,4.0,18.2,4.6,8.4,0.556,0.3,0.6,0.409,4.4,7.7,0.568,0.572,0.7,0.9,0.79,0.5,2.2,2.7,5.5,1.0,0.1,1.5,1.1,10.2
2024,nba smoy,Russell Westbrook,westbru01,35,0.0,2.0,495.0,0.004,False,NBA,Russell Westbrook,35.0,LAC,PG,68.0,11.0,22.5,4.4,9.8,0.454,0.6,2.3,0.273,3.8,7.5,0.509,0.486,1.6,2.4,0.688,1.4,3.7,5.0,4.5,1.1,0.3,2.1,1.8,11.1
2024,nba smoy,Bojan Bogdanović,bogdabo02,34,0.0,1.0,495.0,0.002,False,NBA,Bojan Bogdanović,34.0,2TM,PF,57.0,27.0,25.9,5.4,11.9,0.454,2.3,5.9,0.398,3.1,6.1,0.507,0.551,2.1,2.6,0.785,0.4,2.3,2.7,1.7,0.5,0.1,1.8,1.7,15.2
2024,nba smoy,Tim Hardaway Jr.,hardati02,31,0.0,1.0,495.0,0.002,False,NBA,Tim Hardaway Jr.,31.0,DAL,SF,79.0,12.0,26.8,5.0,12.4,0.402,2.7,7.6,0.353,2.3,4.8,0.478,0.51,1.8,2.1,0.852,0.3,2.9,3.2,1.8,0.5,0.1,0.9,1.3,14.4
2024,nba smoy,Jonathan Isaac,isaacjo01,26,0.0,1.0,495.0,0.002,False,NBA,Jonathan Isaac,26.0,ORL,PF,58.0,2.0,15.8,2.5,4.9,0.51,0.7,1.9,0.375,1.8,3.0,0.598,0.584,1.0,1.4,0.72,1.3,3.2,4.5,0.5,0.7,1.2,0.5,1.1,6.8
2024,nba smoy,Jaime Jaquez Jr.,jaqueja01,22,0.0,1.0,495.0,0.002,False,NBA,Jaime Jaquez Jr.,22.0,MIA,SF,75.0,20.0,28.2,4.5,9.3,0.489,0.9,2.7,0.322,3.7,6.6,0.558,0.536,1.9,2.3,0.811,1.1,2.7,3.8,2.6,1.0,0.3,1.5,2.2,11.9
2023,nba clutch_poy,De'Aaron Fox,foxde01,25,91.0,460.0,500.0,0.92,True,NBA,De'Aaron Fox,25.0,SAC,PG,73.0,73.0,33.4,9.3,18.2,0.512,1.6,5.0,0.324,7.7,13.2,0.584,0.557,4.7,6.0,0.78,0.5,3.6,4.2,6.1,1.1,0.3,2.5,2.4,25.0
2023,nba clutch_poy,Jimmy Butler,butleji01,33,1.0,104.0,500.0,0.208,False,NBA,Jimmy Butler,33.0,MIA,PF,64.0,64.0,33.4,7.5,13.9,0.539,0.6,1.6,0.35,6.9,12.3,0.564,0.56,7.4,8.7,0.85,2.2,3.7,5.9,5.3,1.8,0.3,1.6,1.3,22.9
2023,nba clutch_poy,DeMar DeRozan,derozde01,33,0.0,80.0,500.0,0.16,False,NBA,DeMar DeRozan,33.0,CHI,SF,74.0,74.0,36.2,8.9,17.6,0.504,0.6,1.9,0.324,8.3,15.7,0.526,0.522,6.2,7.1,0.872,0.5,4.2,4.6,5.1,1.1,0.5,2.1,2.5,24.5
2023,nba clutch_poy,Jalen Brunson,brunsja01,26,1.0,77.0,500.0,0.154,False,NBA,Jalen Brunson,26.0,NYK,PG,68.0,68.0,35.0,8.6,17.6,0.491,2.0,4.7,0.416,6.7,12.8,0.519,0.547,4.8,5.8,0.829,0.6,3.0,3.5,6.2,0.9,0.2,2.1,2.2,24.0
2023,nba clutch_poy,Joel Embiid,embiijo01,28,1.0,51.0,500.0,0.102,False,NBA,Joel Embiid,28.0,PHI,C,66.0,66.0,34.6,11.0,20.1,0.548,1.0,3.0,0.33,10.0,17.1,0.587,0.573,10.0,11.7,0.857,1.7,8.4,10.2,4.2,1.0,1.7,3.4,3.1,33.1
2023,nba clutch_poy,Donovan Mitchell,mitchdo01,26,1.0,32.0,500.0,0.064,False,NBA,Donovan Mitchell,26.0,CLE,SG,68.0,68.0,35.8,10.0,20.6,0.484,3.6,9.3,0.386,6.4,11.3,0.566,0.572,4.7,5.4,0.867,0.9,3.3,4.3,4.4,1.5,0.4,2.6,2.5,28.3
2023,nba clutch_poy,Shai Gilgeous-Alexander,gilgesh01,24,1.0,31.0,500.0,0.062,False,NBA,Shai Gilgeous-Alexander,24.0,OKC,PG,68.0,68.0,35.5,10.4,20.3,0.51,0.9,2.5,0.345,9.5,17.8,0.533,0.531,9.8,10.9,0.905,0.9,4.0,4.8,5.5,1.6,1.0,2.8,2.8,31.4
2023,nba clutch_poy,Luka Dončić,doncilu01,23,1.0,17.0,500.0,0.034,False,NBA,Luka Dončić,23.0,DAL,PG,66.0,66.0,36.2,10.9,22.0,0.496,2.8,8.2,0.342,8.1,13.8,0.588,0.56,7.8,10.5,0.742,0.8,7.8,8.6,8.0,1.4,0.5,3.6,2.5,32.4
2023,nba clutch_poy,Stephen Curry,curryst01,34,2.0,15.0,500.0,0.03,False,NBA,Stephen Curry,34.0,GSW,PG,56.0,56.0,34.7,10.0,20.2,0.493,4.9,11.4,0.427,5.1,8.8,0.579,0.614,4.6,5.0,0.915,0.7,5.4,6.1,6.3,0.9,0.4,3.2,2.1,29.4
2023,nba clutch_poy,Damian Lillard,lillada01,32,0.0,10.0,500.0,0.02,False,NBA,Damian Lillard,32.0,POR,PG,58.0,58.0,36.3,9.6,20.7,0.463,4.2,11.3,0.371,5.4,9.4,0.574,0.564,8.8,9.6,0.914,0.8,4.0,4.8,7.3,0.9,0.3,3.3,1.9,32.2
2023,nba clutch_poy,Jayson Tatum,tatumja01,24,0.0,10.0,500.0,0.02,False,NBA,Jayson Tatum,24.0,BOS,SF,74.0,74.0,36.9,9.8,21.1,0.466,3.2,9.3,0.35,6.6,11.8,0.558,0.543,7.2,8.4,0.854,1.1,7.7,8.8,4.6,1.1,0.7,2.9,2.2,30.1
2023,nba clutch_poy,Kyrie Irving,irvinky01,30,1.0,7.0,500.0,0.014,False,NBA,Kyrie Irving,30.0,2TM,SG,60.0,60.0,37.4,9.9,20.1,0.494,3.1,8.3,0.379,6.8,11.8,0.574,0.572,4.1,4.6,0.905,1.0,4.1,5.1,5.5,1.1,0.8,2.1,2.8,27.1
2023,nba clutch_poy,Nikola Jokić,jokicni01,27,0.0,5.0,500.0,0.01,False,NBA,Nikola Jokić,27.0,DEN,C,69.0,69.0,33.7,9.4,14.8,0.632,0.8,2.2,0.383,8.5,12.7,0.675,0.66,4.9,6.0,0.822,2.4,9.4,11.8,9.8,1.3,0.7,3.6,2.5,24.5
2023,nba clutch_poy,Julius Randle,randlju01,28,0.0,1.0,500.0,0.002,False,NBA,Julius Randle,28.0,NYK,PF,77.0,77.0,35.5,8.5,18.6,0.459,2.8,8.3,0.343,5.7,10.3,0.553,0.536,5.2,6.9,0.757,1.8,8.1,10.0,4.1,0.6,0.3,2.8,3.0,25.1
2023,nba dpoy,Jaren Jackson Jr.,jacksja02,23,56.0,391.0,500.0,0.782,True,NBA,Jaren Jackson Jr.,23.0,MEM,C,63.0,63.0,28.4,6.6,13.0,0.506,1.6,4.5,0.355,5.0,8.6,0.585,0.567,3.8,4.9,0.788,1.7,5.0,6.8,1.0,1.0,3.0,1.7,3.6,18.6
2023,nba dpoy,Brook Lopez,lopezbr01,34,31.0,309.0,500.0,0.618,False,NBA,Brook Lopez,34.0,MIL,C,78.0,78.0,30.4,6.1,11.5,0.531,1.7,4.7,0.374,4.4,6.9,0.637,0.606,1.9,2.4,0.784,2.0,4.7,6.7,1.3,0.5,2.5,1.4,2.6,15.9
2023,nba dpoy,Evan Mobley,mobleev01,21,8.0,101.0,500.0,0.202,False,NBA,Evan Mobley,21.0,CLE,PF,79.0,79.0,34.4,6.6,12.0,0.554,0.3,1.3,0.216,6.4,10.7,0.595,0.566,2.6,3.8,0.674,2.4,6.6,9.0,2.8,0.8,1.5,1.8,2.8,16.2
2023,nba dpoy,Draymond Green,greendr01,32,3.0,34.0,500.0,0.068,False,NBA,Draymond Green,32.0,GSW,PF,73.0,73.0,31.5,3.4,6.5,0.527,0.5,1.8,0.305,2.9,4.7,0.612,0.57,1.1,1.5,0.713,0.9,6.3,7.2,6.8,1.0,0.8,2.8,3.1,8.5
2023,nba dpoy,Bam Adebayo,adebaba01,25,1.0,18.0,500.0,0.036,False,NBA,Bam Adebayo,25.0,MIA,C,75.0,75.0,34.6,8.0,14.9,0.54,0.0,0.2,0.083,8.0,14.7,0.545,0.541,4.3,5.4,0.806,2.5,6.7,9.2,3.2,1.2,0.8,2.5,2.8,20.4
2023,nba dpoy,Giannis Antetokounmpo,antetgi01,28,0.0,14.0,500.0,0.028,False,NBA,Giannis Antetokounmpo,28.0,MIL,PF,63.0,63.0,32.1,11.2,20.3,0.553,0.7,2.7,0.275,10.5,17.6,0.596,0.572,7.9,12.3,0.645,2.2,9.6,11.8,5.7,0.8,0.8,3.9,3.1,31.1
2023,nba dpoy,OG Anunoby,anunoog01,25,0.0,8.0,500.0,0.016,False,NBA,OG Anunoby,25.0,TOR,SF,67.0,67.0,35.6,6.3,13.2,0.476,2.1,5.5,0.387,4.2,7.7,0.539,0.556,2.1,2.5,0.838,1.4,3.5,5.0,2.0,1.9,0.7,2.0,3.0,16.8
2023,nba dpoy,Jrue Holiday,holidjr01,32,0.0,8.0,500.0,0.016,False,NBA,Jrue Holiday,32.0,MIL,PG,67.0,65.0,32.6,7.3,15.3,0.479,2.4,6.1,0.384,5.0,9.1,0.542,0.556,2.3,2.6,0.859,1.2,3.9,5.1,7.4,1.2,0.4,2.9,1.7,19.3
2023,nba dpoy,Joel Embiid,embiijo01,28,1.0,7.0,500.0,0.014,False,NBA,Joel Embiid,28.0,PHI,C,66.0,66.0,34.6,11.0,20.1,0.548,1.0,3.0,0.33,10.0,17.1,0.587,0.573,10.0,11.7,0.857,1.7,8.4,10.2,4.2,1.0,1.7,3.4,3.1,33.1
2023,nba dpoy,Nic Claxton,claxtni01,23,0.0,7.0,500.0,0.014,False,NBA,Nic Claxton,23.0,BRK,C,76.0,76.0,29.9,5.4,7.7,0.705,0.0,0.0,0.0,5.4,7.7,0.708,0.705,1.8,3.2,0.541,2.4,6.8,9.2,1.9,0.9,2.5,1.3,2.8,12.6
2023,nba dpoy,Alex Caruso,carusal01,28,0.0,2.0,500.0,0.004,False,NBA,Alex Caruso,28.0,CHI,PG,67.0,36.0,23.5,1.9,4.3,0.455,0.8,2.3,0.364,1.1,2.0,0.556,0.551,0.9,1.1,0.808,0.6,2.3,2.9,2.9,1.5,0.7,1.1,2.4,5.6
2023,nba dpoy,Jimmy Butler,butleji01,33,0.0,1.0,500.0,0.002,False,NBA,Jimmy Butler,33.0,MIA,PF,64.0,64.0,33.4,7.5,13.9,0.539,0.6,1.6,0.35,6.9,12.3,0.564,0.56,7.4,8.7,0.85,2.2,3.7,5.9,5.3,1.8,0.3,1.6,1.3,22.9
2023,nba mip,Lauri Markkanen,markkla01,25,69.0,430.0,500.0,0.86,True,NBA,Lauri Markkanen,25.0,UTA,PF,66.0,66.0,34.4,8.7,17.3,0.499,3.0,7.7,0.391,5.6,9.6,0.585,0.586,5.3,6.0,0.875,2.0,6.7,8.6,1.9,0.6,0.6,1.9,2.1,25.6
2023,nba mip,Shai Gilgeous-Alexander,gilgesh01,24,24.0,289.0,500.0,0.578,False,NBA,Shai Gilgeous-Alexander,24.0,OKC,PG,68.0,68.0,35.5,10.4,20.3,0.51,0.9,2.5,0.345,9.5,17.8,0.533,0.531,9.8,10.9,0.905,0.9,4.0,4.8,5.5,1.6,1.0,2.8,2.8,31.4
2023,nba mip,Jalen Brunson,brunsja01,26,4.0,91.0,500.0,0.182,False,NBA,Jalen Brunson,26.0,NYK,PG,68.0,68.0,35.0,8.6,17.6,0.491,2.0,4.7,0.416,6.7,12.8,0.519,0.547,4.8,5.8,0.829,0.6,3.0,3.5,6.2,0.9,0.2,2.1,2.2,24.0
2023,nba mip,Mikal Bridges,bridgmi01,26,1.0,33.0,500.0,0.066,False,NBA,Mikal Bridges,26.0,2TM,SG,83.0,83.0,35.7,7.1,15.3,0.468,2.0,5.3,0.382,5.1,9.9,0.514,0.535,3.8,4.3,0.895,1.0,3.4,4.4,3.3,1.1,0.7,1.5,1.9,20.1
2023,nba mip,Nic Claxton,claxtni01,23,0.0,22.0,500.0,0.044,False,NBA,Nic Claxton,23.0,BRK,C,76.0,76.0,29.9,5.4,7.7,0.705,0.0,0.0,0.0,5.4,7.7,0.708,0.705,1.8,3.2,0.541,2.4,6.8,9.2,1.9,0.9,2.5,1.3,2.8,12.6
2023,nba mip,Tyrese Haliburton,halibty01,22,1.0,16.0,500.0,0.032,False,NBA,Tyrese Haliburton,22.0,IND,PG,56.0,56.0,33.6,7.4,15.0,0.49,2.9,7.2,0.4,4.5,7.8,0.572,0.586,3.1,3.6,0.871,0.6,3.1,3.7,10.4,1.6,0.4,2.5,1.2,20.7
2023,nba mip,Trey Murphy III,murphtr02,22,1.0,8.0,500.0,0.016,False,NBA,Trey Murphy III,22.0,NOP,SF,79.0,65.0,31.0,4.9,10.1,0.484,2.6,6.3,0.406,2.3,3.8,0.611,0.61,2.2,2.4,0.905,0.7,2.8,3.6,1.4,1.1,0.5,0.8,2.0,14.5
2023,nba mip,De'Aaron Fox,foxde01,25,0.0,3.0,500.0,0.006,False,NBA,De'Aaron Fox,25.0,SAC,PG,73.0,73.0,33.4,9.3,18.2,0.512,1.6,5.0,0.324,7.7,13.2,0.584,0.557,4.7,6.0,0.78,0.5,3.6,4.2,6.1,1.1,0.3,2.5,2.4,25.0
2023,nba mip,Kevon Looney,looneke01,26,0.0,3.0,500.0,0.006,False,NBA,Kevon Looney,26.0,GSW,C,82.0,70.0,23.9,3.0,4.7,0.63,0.0,0.0,0.0,3.0,4.7,0.632,0.63,1.1,1.9,0.606,3.3,5.9,9.3,2.5,0.6,0.6,0.5,2.7,7.0
2023,nba mip,Austin Reaves,reaveau01,24,0.0,2.0,500.0,0.004,False,NBA,Austin Reaves,24.0,LAL,SG,64.0,22.0,28.8,4.0,7.7,0.529,1.3,3.4,0.398,2.7,4.3,0.631,0.616,3.6,4.1,0.864,0.5,2.5,3.0,3.4,0.5,0.3,1.5,1.7,13.0
2023,nba mip,Aaron Gordon,gordoaa01,27,0.0,1.0,500.0,0.002,False,NBA,Aaron Gordon,27.0,DEN,PF,68.0,68.0,30.2,6.3,11.2,0.564,0.9,2.5,0.347,5.4,8.6,0.628,0.603,2.8,4.6,0.608,2.4,4.1,6.6,3.0,0.8,0.8,1.4,1.9,16.3
2023,nba mip,Jaren Jackson Jr.,jacksja02,23,0.0,1.0,500.0,0.002,False,NBA,Jaren Jackson Jr.,23.0,MEM,C,63.0,63.0,28.4,6.6,13.0,0.506,1.6,4.5,0.355,5.0,8.6,0.585,0.567,3.8,4.9,0.788,1.7,5.0,6.8,1.0,1.0,3.0,1.7,3.6,18.6
2023,nba mip,Malik Monk,monkma01,24,0.0,1.0,500.0,0.002,False,NBA,Malik Monk,24.0,SAC,SG,77.0,0.0,22.3,4.6,10.3,0.448,1.9,5.2,0.359,2.8,5.2,0.538,0.538,2.4,2.7,0.889,0.4,2.2,2.6,3.9,0.6,0.3,1.9,1.6,13.5
2023,nba mvp,Joel Embiid,embiijo01,28,73.0,915.0,1000.0,0.915,True,NBA,Joel Embiid,28.0,PHI,C,66.0,66.0,34.6,11.0,20.1,0.548,1.0,3.0,0.33,10.0,17.1,0.587,0.573,10.0,11.7,0.857,1.7,8.4,10.2,4.2,1.0,1.7,3.4,3.1,33.1
2023,nba mvp,Nikola Jokić,jokicni01,27,15.0,674.0,1000.0,0.674,False,NBA,Nikola Jokić,27.0,DEN,C,69.0,69.0,33.7,9.4,14.8,0.632,0.8,2.2,0.383,8.5,12.7,0.675,0.66,4.9,6.0,0.822,2.4,9.4,11.8,9.8,1.3,0.7,3.6,2.5,24.5
2023,nba mvp,Giannis Antetokounmpo,antetgi01,28,12.0,606.0,1000.0,0.606,False,NBA,Giannis Antetokounmpo,28.0,MIL,PF,63.0,63.0,32.1,11.2,20.3,0.553,0.7,2.7,0.275,10.5,17.6,0.596,0.572,7.9,12.3,0.645,2.2,9.6,11.8,5.7,0.8,0.8,3.9,3.1,31.1
2023,nba mvp,Jayson Tatum,tatumja01,24,0.0,280.0,1000.0,0.28,False,NBA,Jayson Tatum,24.0,BOS,SF,74.0,74.0,36.9,9.8,21.1,0.466,3.2,9.3,0.35,6.6,11.8,0.558,0.543,7.2,8.4,0.854,1.1,7.7,8.8,4.6,1.1,0.7,2.9,2.2,30.1
2023,nba mvp,Shai Gilgeous-Alexander,gilgesh01,24,0.0,46.0,1000.0,0.046,False,NBA,Shai Gilgeous-Alexander,24.0,OKC,PG,68.0,68.0,35.5,10.4,20.3,0.51,0.9,2.5,0.345,9.5,17.8,0.533,0.531,9.8,10.9,0.905,0.9,4.0,4.8,5.5,1.6,1.0,2.8,2.8,31.4
2023,nba mvp,Donovan Mitchell,mitchdo01,26,0.0,30.0,1000.0,0.03,False,NBA,Donovan Mitchell,26.0,CLE,SG,68.0,68.0,35.8,10.0,20.6,0.484,3.6,9.3,0.386,6.4,11.3,0.566,0.572,4.7,5.4,0.867,0.9,3.3,4.3,4.4,1.5,0.4,2.6,2.5,28.3
2023,nba mvp,Domantas Sabonis,sabondo01,26,0.0,27.0,1000.0,0.027,False,NBA,Domantas Sabonis,26.0,SAC,C,79.0,79.0,34.6,7.3,11.9,0.615,0.4,1.1,0.373,6.9,10.8,0.639,0.632,4.1,5.5,0.742,3.2,9.1,12.3,7.3,0.8,0.5,2.9,3.5,19.1
2023,nba mvp,Luka Dončić,doncilu01,23,0.0,10.0,1000.0,0.01,False,NBA,Luka Dončić,23.0,DAL,PG,66.0,66.0,36.2,10.9,22.0,0.496,2.8,8.2,0.342,8.1,13.8,0.588,0.56,7.8,10.5,0.742,0.8,7.8,8.6,8.0,1.4,0.5,3.6,2.5,32.4
2023,nba mvp,Stephen Curry,curryst01,34,0.0,5.0,1000.0,0.005,False,NBA,Stephen Curry,34.0,GSW,PG,56.0,56.0,34.7,10.0,20.2,0.493,4.9,11.4,0.427,5.1,8.8,0.579,0.614,4.6,5.0,0.915,0.7,5.4,6.1,6.3,0.9,0.4,3.2,2.1,29.4
2023,nba mvp,Jimmy Butler,butleji01,33,0.0,3.0,1000.0,0.003,False,NBA,Jimmy Butler,33.0,MIA,PF,64.0,64.0,33.4,7.5,13.9,0.539,0.6,1.6,0.35,6.9,12.3,0.564,0.56,7.4,8.7,0.85,2.2,3.7,5.9,5.3,1.8,0.3,1.6,1.3,22.9
2023,nba mvp,De'Aaron Fox,foxde01,25,0.0,2.0,1000.0,0.002,False,NBA,De'Aaron Fox,25.0,SAC,PG,73.0,73.0,33.4,9.3,18.2,0.512,1.6,5.0,0.324,7.7,13.2,0.584,0.557,4.7,6.0,0.78,0.5,3.6,4.2,6.1,1.1,0.3,2.5,2.4,25.0
2023,nba mvp,Jalen Brunson,brunsja01,26,0.0,1.0,1000.0,0.001,False,NBA,Jalen Brunson,26.0,NYK,PG,68.0,68.0,35.0,8.6,17.6,0.491,2.0,4.7,0.416,6.7,12.8,0.519,0.547,4.8,5.8,0.829,0.6,3.0,3.5,6.2,0.9,0.2,2.1,2.2,24.0
2023,nba mvp,Ja Morant,moranja01,23,0.0,1.0,1000.0,0.001,False,NBA,Ja Morant,23.0,MEM,PG,61.0,59.0,31.9,9.3,19.9,0.466,1.5,4.9,0.307,7.8,15.0,0.519,0.504,6.1,8.1,0.748,1.0,4.9,5.9,8.1,1.1,0.3,3.4,1.6,26.2
2023,nba roy,Paolo Banchero,banchpa01,20,98.0,494.0,500.0,0.988,True,NBA,Paolo Banchero,20.0,ORL,PF,72.0,72.0,33.8,6.7,15.6,0.427,1.2,4.0,0.298,5.5,11.6,0.471,0.465,5.5,7.4,0.738,1.2,5.7,6.9,3.7,0.8,0.5,2.8,2.2,20.0
2023,nba roy,Jalen Williams,willija06,21,0.0,241.0,500.0,0.482,False,NBA,Jalen Williams,21.0,OKC,SG,75.0,62.0,30.3,5.5,10.6,0.521,1.0,2.7,0.356,4.5,7.9,0.579,0.567,2.1,2.5,0.812,1.1,3.4,4.5,3.3,1.4,0.5,1.6,2.5,14.1
2023,nba roy,Walker Kessler,kesslwa01,21,2.0,114.0,500.0,0.228,False,NBA,Walker Kessler,21.0,UTA,C,74.0,40.0,23.0,4.0,5.6,0.72,0.0,0.0,0.333,4.0,5.6,0.723,0.721,1.1,2.1,0.516,3.1,5.3,8.4,0.9,0.4,2.3,0.8,2.3,9.2
2023,nba roy,Bennedict Mathurin,mathube01,20,0.0,27.0,500.0,0.054,False,NBA,Bennedict Mathurin,20.0,IND,SG,78.0,17.0,28.5,5.3,12.2,0.434,1.3,4.0,0.323,4.0,8.2,0.488,0.487,4.8,5.8,0.828,1.1,3.0,4.1,1.5,0.6,0.2,1.9,2.1,16.7
2023,nba roy,Keegan Murray,murrake02,22,0.0,21.0,500.0,0.042,False,NBA,Keegan Murray,22.0,SAC,SF,80.0,78.0,29.8,4.4,9.8,0.453,2.6,6.3,0.411,1.9,3.5,0.527,0.584,0.8,1.0,0.765,1.1,3.5,4.6,1.2,0.8,0.5,0.8,2.0,12.2
2023,nba roy,Jaden Ivey,iveyja01,20,0.0,3.0,500.0,0.006,False,NBA,Jaden Ivey,20.0,DET,SG,74.0,73.0,31.1,5.5,13.3,0.416,1.6,4.7,0.343,3.9,8.6,0.457,0.477,3.6,4.8,0.747,1.0,2.9,3.9,5.2,0.8,0.2,3.2,3.3,16.3
2023,nba smoy,Malcolm Brogdon,brogdma01,30,60.0,408.0,500.0,0.816,True,NBA,Malcolm Brogdon,30.0,BOS,PG,67.0,0.0,26.0,5.3,10.9,0.484,2.0,4.4,0.444,3.3,6.5,0.51,0.574,2.4,2.7,0.87,0.6,3.6,4.2,3.7,0.7,0.3,1.5,1.6,14.9
2023,nba smoy,Immanuel Quickley,quickim01,23,34.0,326.0,500.0,0.652,False,NBA,Immanuel Quickley,23.0,NYK,SG,81.0,21.0,28.9,5.2,11.6,0.448,2.1,5.6,0.37,3.1,6.0,0.521,0.537,2.5,3.1,0.819,0.7,3.4,4.2,3.4,1.0,0.2,1.2,2.0,14.9
2023,nba smoy,Bobby Portis,portibo01,27,6.0,97.0,500.0,0.194,False,NBA,Bobby Portis,27.0,MIL,PF,70.0,22.0,26.0,5.7,11.5,0.496,1.4,3.7,0.37,4.3,7.8,0.555,0.555,1.4,1.8,0.768,2.2,7.4,9.6,1.5,0.4,0.2,1.2,1.6,14.1
2023,nba smoy,Norman Powell,powelno01,29,0.0,24.0,500.0,0.048,False,NBA,Norman Powell,29.0,LAC,SG,60.0,8.0,26.1,5.7,11.8,0.479,1.9,4.8,0.397,3.8,7.1,0.534,0.559,3.8,4.6,0.812,0.4,2.5,2.9,1.8,0.8,0.3,1.7,2.1,17.0
2023,nba smoy,Malik Monk,monkma01,24,0.0,22.0,500.0,0.044,False,NBA,Malik Monk,24.0,SAC,SG,77.0,0.0,22.3,4.6,10.3,0.448,1.9,5.2,0.359,2.8,5.2,0.538,0.538,2.4,2.7,0.889,0.4,2.2,2.6,3.9,0.6,0.3,1.9,1.6,13.5
2023,nba smoy,Tyus Jones,jonesty01,26,0.0,10.0,500.0,0.02,False,NBA,Tyus Jones,26.0,MEM,PG,80.0,22.0,24.3,3.9,8.9,0.438,1.5,4.1,0.371,2.4,4.8,0.495,0.523,1.0,1.3,0.8,0.4,2.2,2.5,5.2,1.0,0.1,0.9,0.4,10.3
2023,nba smoy,Austin Reaves,reaveau01,24,0.0,9.0,500.0,0.018,False,NBA,Austin Reaves,24.0,LAL,SG,64.0,22.0,28.8,4.0,7.7,0.529,1.3,3.4,0.398,2.7,4.3,0.631,0.616,3.6,4.1,0.864,0.5,2.5,3.0,3.4,0.5,0.3,1.5,1.7,13.0
2023,nba smoy,Bennedict Mathurin,mathube01,20,0.0,2.0,500.0,0.004,False,NBA,Bennedict Mathurin,20.0,IND,SG,78.0,17.0,28.5,5.3,12.2,0.434,1.3,4.0,0.323,4.0,8.2,0.488,0.487,4.8,5.8,0.828,1.1,3.0,4.1,1.5,0.6,0.2,1.9,2.1,16.7
2023,nba smoy,Russell Westbrook,westbru01,34,0.0,1.0,500.0,0.002,False,NBA,Russell Westbrook,34.0,2TM,PG,73.0,24.0,29.1,5.9,13.6,0.436,1.2,3.9,0.311,4.7,9.7,0.487,0.481,2.8,4.3,0.656,1.2,4.6,5.8,7.5,1.0,0.5,3.5,2.2,15.9
2023,nba smoy,Christian Wood,woodch01,27,0.0,1.0,500.0,0.002,False,NBA,Christian Wood,27.0,DAL,C,67.0,17.0,25.9,5.9,11.5,0.515,1.6,4.2,0.376,4.3,7.3,0.594,0.583,3.2,4.2,0.772,1.3,6.0,7.3,1.8,0.4,1.1,1.8,2.5,16.6
2022,nba dpoy,Marcus Smart,smartma01,27,37.0,257.0,500.0,0.514,True,NBA,Marcus Smart,27.0,BOS,PG,71.0,71.0,32.3,4.2,10.1,0.418,1.7,5.1,0.331,2.5,5.0,0.506,0.501,2.0,2.5,0.793,0.6,3.2,3.8,5.9,1.7,0.3,2.2,2.3,12.1
2022,nba dpoy,Mikal Bridges,bridgmi01,25,22.0,202.0,500.0,0.404,False,NBA,Mikal Bridges,25.0,PHO,SF,82.0,82.0,34.8,5.6,10.5,0.534,1.4,3.8,0.369,4.2,6.7,0.628,0.601,1.6,1.9,0.834,0.9,3.3,4.2,2.3,1.2,0.4,0.8,1.8,14.2
2022,nba dpoy,Rudy Gobert,goberru01,29,12.0,136.0,500.0,0.272,False,NBA,Rudy Gobert,29.0,UTA,C,66.0,66.0,32.1,5.5,7.7,0.713,0.0,0.1,0.0,5.5,7.6,0.718,0.713,4.6,6.7,0.69,3.7,11.0,14.7,1.1,0.7,2.1,1.8,2.7,15.6
2022,nba dpoy,Bam Adebayo,adebaba01,24,13.0,128.0,500.0,0.256,False,NBA,Bam Adebayo,24.0,MIA,C,56.0,56.0,32.6,7.3,13.0,0.557,0.0,0.1,0.0,7.3,12.9,0.562,0.557,4.6,6.1,0.753,2.4,7.6,10.1,3.4,1.4,0.8,2.6,3.1,19.1
2022,nba dpoy,Jaren Jackson Jr.,jacksja02,22,10.0,99.0,500.0,0.198,False,NBA,Jaren Jackson Jr.,22.0,MEM,PF,78.0,78.0,27.3,5.5,13.3,0.415,1.6,5.1,0.319,3.9,8.1,0.476,0.477,3.6,4.4,0.823,1.5,4.3,5.8,1.1,0.9,2.3,1.7,3.5,16.3
2022,nba dpoy,Giannis Antetokounmpo,antetgi01,27,5.0,58.0,500.0,0.116,False,NBA,Giannis Antetokounmpo,27.0,MIL,PF,67.0,67.0,32.9,10.3,18.6,0.553,1.1,3.6,0.293,9.2,15.0,0.616,0.582,8.3,11.4,0.722,2.0,9.6,11.6,5.8,1.1,1.4,3.3,3.2,29.9
2022,nba dpoy,Robert Williams,williro04,24,1.0,8.0,500.0,0.016,False,NBA,Robert Williams,24.0,BOS,C,61.0,61.0,29.6,4.4,6.0,0.736,0.0,0.0,0.0,4.4,6.0,0.738,0.736,1.1,1.5,0.722,3.9,5.7,9.6,2.0,0.9,2.2,1.0,2.2,10.0
2022,nba dpoy,Jrue Holiday,holidjr01,31,0.0,6.0,500.0,0.012,False,NBA,Jrue Holiday,31.0,MIL,PG,67.0,64.0,32.9,7.1,14.2,0.501,2.0,4.8,0.411,5.2,9.4,0.547,0.57,2.0,2.7,0.761,1.0,3.5,4.5,6.8,1.6,0.4,2.7,2.0,18.3
2022,nba dpoy,Al Horford,horfoal01,35,0.0,3.0,500.0,0.006,False,NBA,Al Horford,35.0,BOS,C,69.0,69.0,29.1,3.9,8.2,0.467,1.3,3.8,0.336,2.6,4.4,0.582,0.546,1.2,1.4,0.842,1.6,6.1,7.7,3.4,0.7,1.3,0.9,1.9,10.2
2022,nba dpoy,Draymond Green,greendr01,31,0.0,2.0,500.0,0.004,False,NBA,Draymond Green,31.0,GSW,PF,46.0,44.0,28.9,2.9,5.6,0.525,0.3,1.2,0.296,2.6,4.4,0.586,0.556,1.3,2.0,0.659,1.0,6.3,7.3,7.0,1.3,1.1,3.0,3.0,7.5
2022,nba dpoy,Matisse Thybulle,thybuma01,24,0.0,1.0,500.0,0.002,False,NBA,Matisse Thybulle,24.0,PHI,SG,66.0,50.0,25.5,2.3,4.5,0.5,0.7,2.2,0.313,1.6,2.4,0.673,0.575,0.5,0.7,0.791,0.6,1.7,2.3,1.1,1.7,1.1,0.6,2.4,5.7
2022,nba mip,Ja Morant,moranja01,22,38.0,221.0,500.0,0.442,True,NBA,Ja Morant,22.0,MEM,PG,57.0,57.0,33.1,10.2,20.6,0.493,1.5,4.5,0.344,8.6,16.2,0.534,0.53,5.5,7.3,0.761,1.4,4.4,5.7,6.7,1.2,0.4,3.4,1.5,27.4
2022,nba mip,Dejounte Murray,murrade01,25,20.0,183.0,500.0,0.366,False,NBA,Dejounte Murray,25.0,SAS,PG,68.0,68.0,34.8,8.4,18.3,0.462,1.4,4.3,0.327,7.0,13.9,0.504,0.5,2.9,3.6,0.794,1.2,7.1,8.3,9.2,2.0,0.3,2.6,2.0,21.1
2022,nba mip,Darius Garland,garlada01,22,11.0,178.0,500.0,0.356,False,NBA,Darius Garland,22.0,CLE,PG,68.0,68.0,35.7,8.0,17.3,0.462,2.6,6.7,0.383,5.4,10.6,0.512,0.536,3.2,3.5,0.892,0.6,2.7,3.3,8.6,1.3,0.1,3.6,1.7,21.7
2022,nba mip,Jordan Poole,poolejo01,22,15.0,131.0,500.0,0.262,False,NBA,Jordan Poole,22.0,GSW,SG,76.0,51.0,30.0,6.2,13.9,0.448,2.8,7.6,0.364,3.5,6.3,0.55,0.548,3.2,3.5,0.925,0.4,3.0,3.4,4.0,0.8,0.3,2.5,2.7,18.5
2022,nba mip,Desmond Bane,banede01,23,7.0,74.0,500.0,0.148,False,NBA,Desmond Bane,23.0,MEM,SG,76.0,76.0,29.8,6.7,14.5,0.461,3.0,6.9,0.436,3.7,7.6,0.484,0.565,1.8,2.0,0.903,0.6,3.8,4.4,2.7,1.2,0.4,1.5,2.6,18.2
2022,nba mip,Tyrese Maxey,maxeyty01,21,6.0,52.0,500.0,0.104,False,NBA,Tyrese Maxey,21.0,PHI,PG,75.0,74.0,35.3,6.4,13.3,0.485,1.8,4.1,0.427,4.7,9.1,0.512,0.552,2.8,3.3,0.866,0.3,2.9,3.2,4.3,0.7,0.4,1.2,2.1,17.5
2022,nba mip,Miles Bridges,bridgmi02,23,3.0,38.0,500.0,0.076,False,NBA,Miles Bridges,23.0,CHO,PF,80.0,80.0,35.5,7.5,15.2,0.491,1.9,5.8,0.331,5.5,9.4,0.59,0.554,3.3,4.2,0.802,1.1,5.9,7.0,3.8,0.9,0.8,1.9,2.4,20.2
2022,nba mip,Anfernee Simons,simonan01,22,0.0,13.0,500.0,0.026,False,NBA,Anfernee Simons,22.0,POR,SG,57.0,30.0,29.5,6.2,14.0,0.443,3.1,7.8,0.405,3.1,6.2,0.49,0.555,1.8,2.0,0.888,0.5,2.2,2.6,3.9,0.5,0.1,2.0,1.9,17.3
2022,nba mip,Robert Williams,williro04,24,0.0,4.0,500.0,0.008,False,NBA,Robert Williams,24.0,BOS,C,61.0,61.0,29.6,4.4,6.0,0.736,0.0,0.0,0.0,4.4,6.0,0.738,0.736,1.1,1.5,0.722,3.9,5.7,9.6,2.0,0.9,2.2,1.0,2.2,10.0
2022,nba mip,Jaren Jackson Jr.,jacksja02,22,0.0,3.0,500.0,0.006,False,NBA,Jaren Jackson Jr.,22.0,MEM,PF,78.0,78.0,27.3,5.5,13.3,0.415,1.6,5.1,0.319,3.9,8.1,0.476,0.477,3.6,4.4,0.823,1.5,4.3,5.8,1.1,0.9,2.3,1.7,3.5,16.3
2022,nba mip,Jalen Brunson,brunsja01,25,0.0,2.0,500.0,0.004,False,NBA,Jalen Brunson,25.0,DAL,SG,79.0,61.0,31.9,6.4,12.8,0.502,1.2,3.2,0.373,5.2,9.6,0.545,0.549,2.3,2.7,0.84,0.5,3.4,3.9,4.8,0.8,0.0,1.6,1.9,16.3
2022,nba mip,Max Strus,strusma01,25,0.0,1.0,500.0,0.002,False,NBA,Max Strus,25.0,MIA,SF,68.0,16.0,23.3,3.7,8.3,0.441,2.7,6.5,0.41,1.0,1.8,0.557,0.602,0.6,0.8,0.792,0.4,2.6,3.0,1.4,0.4,0.2,0.8,1.7,10.6
2022,nba mvp,Nikola Jokić,jokicni01,26,65.0,875.0,1000.0,0.875,True,NBA,Nikola Jokić,26.0,DEN,C,74.0,74.0,33.5,10.3,17.7,0.583,1.3,3.9,0.337,9.0,13.8,0.652,0.62,5.1,6.3,0.81,2.8,11.0,13.8,7.9,1.5,0.9,3.8,2.6,27.1
2022,nba mvp,Joel Embiid,embiijo01,27,26.0,706.0,1000.0,0.706,False,NBA,Joel Embiid,27.0,PHI,C,68.0,68.0,33.8,9.8,19.6,0.499,1.4,3.7,0.371,8.4,15.9,0.529,0.534,9.6,11.8,0.814,2.1,9.6,11.7,4.2,1.1,1.5,3.1,2.7,30.6
2022,nba mvp,Giannis Antetokounmpo,antetgi01,27,9.0,595.0,1000.0,0.595,False,NBA,Giannis Antetokounmpo,27.0,MIL,PF,67.0,67.0,32.9,10.3,18.6,0.553,1.1,3.6,0.293,9.2,15.0,0.616,0.582,8.3,11.4,0.722,2.0,9.6,11.6,5.8,1.1,1.4,3.3,3.2,29.9
2022,nba mvp,Devin Booker,bookede01,25,0.0,216.0,1000.0,0.216,False,NBA,Devin Booker,25.0,PHO,SG,68.0,68.0,34.5,9.7,20.9,0.466,2.7,7.0,0.383,7.0,13.9,0.508,0.53,4.6,5.3,0.868,0.7,4.4,5.0,4.8,1.1,0.4,2.4,2.6,26.8
2022,nba mvp,Luka Dončić,doncilu01,22,0.0,146.0,1000.0,0.146,False,NBA,Luka Dončić,22.0,DAL,PG,65.0,65.0,35.4,9.9,21.6,0.457,3.1,8.8,0.353,6.8,12.8,0.528,0.529,5.6,7.5,0.744,0.9,8.3,9.1,8.7,1.2,0.6,4.5,2.2,28.4
2022,nba mvp,Jayson Tatum,tatumja01,23,0.0,43.0,1000.0,0.043,False,NBA,Jayson Tatum,23.0,BOS,SF,76.0,76.0,35.9,9.3,20.6,0.453,3.0,8.6,0.353,6.3,12.0,0.524,0.526,5.3,6.2,0.853,1.1,6.9,8.0,4.4,1.0,0.6,2.9,2.3,26.9
2022,nba mvp,Ja Morant,moranja01,22,0.0,10.0,1000.0,0.01,False,NBA,Ja Morant,22.0,MEM,PG,57.0,57.0,33.1,10.2,20.6,0.493,1.5,4.5,0.344,8.6,16.2,0.534,0.53,5.5,7.3,0.761,1.4,4.4,5.7,6.7,1.2,0.4,3.4,1.5,27.4
2022,nba mvp,Stephen Curry,curryst01,33,0.0,4.0,1000.0,0.004,False,NBA,Stephen Curry,33.0,GSW,PG,64.0,64.0,34.5,8.4,19.1,0.437,4.5,11.7,0.38,3.9,7.4,0.527,0.554,4.3,4.7,0.923,0.5,4.7,5.2,6.3,1.3,0.4,3.2,2.0,25.5
2022,nba mvp,Chris Paul,paulch01,36,0.0,2.0,1000.0,0.002,False,NBA,Chris Paul,36.0,PHO,PG,65.0,65.0,32.9,5.6,11.3,0.493,1.0,3.1,0.317,4.6,8.3,0.559,0.536,2.6,3.1,0.837,0.3,4.0,4.4,10.8,1.9,0.3,2.4,2.1,14.7
2022,nba mvp,DeMar DeRozan,derozde01,32,0.0,1.0,1000.0,0.001,False,NBA,DeMar DeRozan,32.0,CHI,PF,76.0,76.0,36.1,10.2,20.2,0.504,0.7,1.9,0.352,9.5,18.3,0.52,0.521,6.8,7.8,0.877,0.7,4.4,5.2,4.9,0.9,0.3,2.4,2.3,27.9
2022,nba mvp,Kevin Durant,duranke01,33,0.0,1.0,1000.0,0.001,False,NBA,Kevin Durant,33.0,BRK,PF,55.0,55.0,37.2,10.5,20.3,0.518,2.1,5.5,0.383,8.4,14.8,0.568,0.57,6.8,7.4,0.91,0.5,6.9,7.4,6.4,0.9,0.9,3.5,2.1,29.9
2022,nba mvp,LeBron James,jamesle01,37,0.0,1.0,1000.0,0.001,False,NBA,LeBron James,37.0,LAL,C,56.0,56.0,37.2,11.4,21.8,0.524,2.9,8.0,0.359,8.6,13.8,0.62,0.59,4.5,6.0,0.756,1.1,7.1,8.2,6.2,1.3,1.1,3.5,2.2,30.3
2022,nba roy,Scottie Barnes,barnesc01,20,48.0,378.0,500.0,0.756,True,NBA,Scottie Barnes,20.0,TOR,PF,74.0,74.0,35.4,6.2,12.6,0.492,0.8,2.6,0.301,5.4,10.0,0.543,0.524,2.1,2.9,0.735,2.6,4.9,7.5,3.5,1.1,0.7,1.8,2.6,15.3
2022,nba roy,Evan Mobley,mobleev01,20,43.0,363.0,500.0,0.726,False,NBA,Evan Mobley,20.0,CLE,PF,69.0,69.0,33.8,6.1,12.0,0.508,0.3,1.3,0.25,5.8,10.7,0.541,0.522,2.4,3.7,0.663,2.1,6.2,8.3,2.5,0.8,1.7,1.9,2.1,15.0
2022,nba roy,Cade Cunningham,cunnica01,20,9.0,153.0,500.0,0.306,False,NBA,Cade Cunningham,20.0,DET,SG,64.0,64.0,32.6,6.7,16.1,0.416,1.8,5.7,0.314,4.9,10.4,0.472,0.471,2.2,2.6,0.845,0.9,4.6,5.5,5.6,1.2,0.7,3.7,3.1,17.4
2022,nba roy,Jalen Green,greenja05,19,0.0,3.0,500.0,0.006,False,NBA,Jalen Green,19.0,HOU,SG,67.0,67.0,31.9,6.1,14.2,0.426,2.3,6.8,0.343,3.7,7.4,0.502,0.508,2.8,3.5,0.797,0.5,2.9,3.4,2.6,0.7,0.3,2.0,1.5,17.3
2022,nba roy,Franz Wagner,wagnefr01,20,0.0,2.0,500.0,0.004,False,NBA,Franz Wagner,20.0,ORL,SF,79.0,79.0,30.7,5.8,12.3,0.468,1.2,3.4,0.354,4.6,8.9,0.511,0.517,2.4,2.8,0.863,1.1,3.4,4.5,2.9,0.9,0.4,1.5,2.1,15.2
2022,nba roy,Herbert Jones,joneshe01,23,0.0,1.0,500.0,0.002,False,NBA,Herbert Jones,23.0,NOP,PF,78.0,69.0,29.9,3.5,7.4,0.476,0.7,2.2,0.337,2.8,5.2,0.533,0.525,1.8,2.1,0.84,1.3,2.5,3.8,2.1,1.7,0.8,1.3,3.1,9.5
2022,nba smoy,Tyler Herro,herroty01,22,96.0,488.0,500.0,0.976,True,NBA,Tyler Herro,22.0,MIA,SG,66.0,10.0,32.6,7.6,17.0,0.447,2.7,6.7,0.399,4.9,10.3,0.477,0.525,2.9,3.3,0.868,0.5,4.5,5.0,4.0,0.7,0.1,2.6,1.4,20.7
2022,nba smoy,Kevin Love,loveke01,33,3.0,214.0,500.0,0.428,False,NBA,Kevin Love,33.0,CLE,C,74.0,4.0,22.5,4.4,10.3,0.43,2.5,6.4,0.392,1.9,3.8,0.493,0.553,2.2,2.7,0.838,1.2,6.1,7.2,2.2,0.4,0.2,1.3,1.4,13.6
2022,nba smoy,Cameron Johnson,johnsca02,25,1.0,128.0,500.0,0.256,False,NBA,Cameron Johnson,25.0,PHO,PF,66.0,16.0,26.2,4.2,9.2,0.46,2.5,5.9,0.425,1.7,3.3,0.523,0.596,1.5,1.7,0.86,0.6,3.5,4.1,1.5,0.9,0.2,0.7,1.7,12.5
2022,nba smoy,Jordan Clarkson,clarkjo01,29,0.0,27.0,500.0,0.054,False,NBA,Jordan Clarkson,29.0,UTA,SG,79.0,1.0,27.1,5.9,14.1,0.419,2.4,7.6,0.318,3.5,6.5,0.535,0.504,1.8,2.2,0.828,0.8,2.6,3.5,2.5,0.8,0.2,1.6,1.9,16.0
2022,nba smoy,Luke Kennard,kennalu01,25,0.0,12.0,500.0,0.024,False,NBA,Luke Kennard,25.0,LAC,SG,70.0,13.0,27.4,4.1,9.1,0.449,2.7,6.0,0.449,1.4,3.1,0.449,0.598,1.0,1.1,0.896,0.3,3.0,3.3,2.1,0.6,0.1,0.9,1.4,11.9
2022,nba smoy,Bogdan Bogdanović,bogdabo01,29,0.0,10.0,500.0,0.02,False,NBA,Bogdan Bogdanović,29.0,ATL,SG,63.0,27.0,29.3,5.4,12.6,0.431,2.7,7.3,0.368,2.7,5.3,0.516,0.537,1.5,1.8,0.843,0.5,3.5,4.0,3.1,1.1,0.2,1.1,2.1,15.1
2022,nba smoy,Kelly Oubre Jr.,oubreke01,26,0.0,9.0,500.0,0.018,False,NBA,Kelly Oubre Jr.,26.0,CHO,SF,76.0,13.0,26.3,5.4,12.3,0.44,2.5,7.3,0.345,2.9,5.0,0.578,0.542,1.7,2.5,0.667,1.0,2.9,4.0,1.1,1.0,0.4,0.9,2.5,15.0
2022,nba smoy,De'Anthony Melton,meltode01,23,0.0,4.0,500.0,0.008,False,NBA,De'Anthony Melton,23.0,MEM,SG,73.0,15.0,22.7,3.8,9.5,0.404,1.9,5.1,0.374,1.9,4.4,0.44,0.504,1.2,1.6,0.75,0.9,3.6,4.5,2.7,1.4,0.5,1.5,1.8,10.8
2022,nba smoy,Montrezl Harrell,harremo01,28,0.0,3.0,500.0,0.006,False,NBA,Montrezl Harrell,28.0,2TM,C,71.0,3.0,23.1,5.0,7.8,0.645,0.1,0.2,0.235,5.0,7.6,0.658,0.649,3.0,4.2,0.716,2.1,4.0,6.1,2.0,0.4,0.6,1.0,1.9,13.1
2022,nba smoy,Immanuel Quickley,quickim01,22,0.0,2.0,500.0,0.004,False,NBA,Immanuel Quickley,22.0,NYK,PG,78.0,3.0,23.1,3.6,9.3,0.392,1.8,5.1,0.346,1.9,4.2,0.448,0.487,2.3,2.6,0.881,0.4,2.8,3.2,3.5,0.7,0.0,1.3,2.1,11.3
2022,nba smoy,Brandon Clarke,clarkbr01,25,0.0,1.0,500.0,0.002,False,NBA,Brandon Clarke,25.0,MEM,PF,64.0,1.0,19.5,4.5,7.0,0.644,0.1,0.3,0.227,4.4,6.6,0.666,0.65,1.3,2.0,0.654,2.1,3.2,5.3,1.3,0.6,1.1,0.5,1.9,10.4
2022,nba smoy,Tyus Jones,jonesty01,25,0.0,1.0,500.0,0.002,False,NBA,Tyus Jones,25.0,MEM,PG,73.0,23.0,21.2,3.4,7.6,0.451,1.1,2.8,0.39,2.3,4.8,0.487,0.524,0.7,0.9,0.818,0.2,2.2,2.4,4.4,0.9,0.0,0.6,0.4,8.7
2022,nba smoy,Maxi Kleber,klebima01,30,0.0,1.0,500.0,0.002,False,NBA,Maxi Kleber,30.0,DAL,PF,59.0,21.0,24.6,2.4,6.0,0.398,1.4,4.3,0.325,1.0,1.7,0.586,0.516,0.8,1.1,0.708,1.2,4.7,5.9,1.2,0.5,1.0,0.8,2.3,7.0
2021,nba dpoy,Rudy Gobert,goberru01,28,84.0,464.0,500.0,0.928,True,NBA,Rudy Gobert,28.0,UTA,C,71.0,71.0,30.8,5.5,8.2,0.675,0.0,0.1,0.0,5.5,8.1,0.68,0.675,3.3,5.3,0.623,3.4,10.1,13.5,1.3,0.6,2.7,1.7,2.3,14.3
2021,nba dpoy,Ben Simmons,simmobe01,24,15.0,287.0,500.0,0.574,False,NBA,Ben Simmons,24.0,PHI,PG,58.0,58.0,32.4,5.6,10.1,0.557,0.1,0.2,0.3,5.6,9.9,0.562,0.56,3.0,4.9,0.613,1.6,5.6,7.2,6.9,1.6,0.6,3.0,2.9,14.3
2021,nba dpoy,Draymond Green,greendr01,30,0.0,76.0,500.0,0.152,False,NBA,Draymond Green,30.0,GSW,PF,63.0,63.0,31.5,2.7,6.0,0.447,0.5,2.0,0.27,2.2,4.0,0.535,0.492,1.1,1.4,0.795,0.9,6.2,7.1,8.9,1.7,0.8,3.0,3.1,7.0
2021,nba dpoy,Bam Adebayo,adebaba01,23,1.0,31.0,500.0,0.062,False,NBA,Bam Adebayo,23.0,MIA,C,64.0,64.0,33.5,7.1,12.5,0.57,0.0,0.1,0.25,7.1,12.4,0.573,0.571,4.4,5.5,0.799,2.2,6.7,9.0,5.4,1.2,1.0,2.6,2.3,18.7
2021,nba dpoy,Giannis Antetokounmpo,antetgi01,26,0.0,12.0,500.0,0.024,False,NBA,Giannis Antetokounmpo,26.0,MIL,PF,61.0,61.0,33.0,10.3,18.0,0.569,1.1,3.6,0.303,9.2,14.4,0.636,0.6,6.5,9.5,0.685,1.6,9.4,11.0,5.9,1.2,1.2,3.4,2.8,28.1
2021,nba dpoy,Clint Capela,capelca01,26,0.0,10.0,500.0,0.02,False,NBA,Clint Capela,26.0,ATL,C,63.0,63.0,30.1,6.6,11.0,0.594,0.0,0.0,,6.6,11.0,0.594,0.594,2.1,3.6,0.573,4.7,9.6,14.3,0.8,0.7,2.0,1.2,2.3,15.2
2021,nba dpoy,Joel Embiid,embiijo01,26,0.0,7.0,500.0,0.014,False,NBA,Joel Embiid,26.0,PHI,C,51.0,51.0,31.1,9.0,17.6,0.513,1.1,3.0,0.377,7.9,14.6,0.541,0.545,9.2,10.7,0.859,2.2,8.4,10.6,2.8,1.0,1.4,3.1,2.4,28.5
2021,nba dpoy,Jrue Holiday,holidjr01,30,0.0,6.0,500.0,0.012,False,NBA,Jrue Holiday,30.0,MIL,PG,59.0,56.0,32.3,7.0,13.9,0.503,1.9,4.8,0.392,5.1,9.2,0.561,0.57,1.8,2.3,0.787,1.2,3.3,4.5,6.1,1.6,0.6,2.2,1.7,17.7
2021,nba dpoy,Myles Turner,turnemy01,24,0.0,3.0,500.0,0.006,False,NBA,Myles Turner,24.0,IND,C,47.0,47.0,31.0,4.4,9.2,0.477,1.5,4.4,0.335,2.9,4.8,0.606,0.557,2.4,3.0,0.782,1.3,5.2,6.5,1.0,0.9,3.4,1.4,3.5,12.6
2021,nba dpoy,Jimmy Butler,butleji01,31,0.0,2.0,500.0,0.004,False,NBA,Jimmy Butler,31.0,MIA,SF,52.0,52.0,33.6,7.0,14.2,0.497,0.5,2.0,0.245,6.6,12.2,0.538,0.514,6.9,8.0,0.863,1.8,5.1,6.9,7.1,2.1,0.3,2.1,1.4,21.5
2021,nba dpoy,Kentavious Caldwell-Pope,caldwke01,27,0.0,1.0,500.0,0.002,False,NBA,Kentavious Caldwell-Pope,27.0,LAL,SG,67.0,67.0,28.4,3.3,7.6,0.431,1.8,4.4,0.41,1.5,3.2,0.46,0.549,1.4,1.7,0.866,0.4,2.3,2.7,1.9,0.9,0.4,1.0,1.7,9.7
2021,nba dpoy,Matisse Thybulle,thybuma01,23,0.0,1.0,500.0,0.002,False,NBA,Matisse Thybulle,23.0,PHI,SG,65.0,8.0,20.0,1.6,3.7,0.42,0.7,2.2,0.301,0.9,1.5,0.59,0.508,0.1,0.3,0.444,0.5,1.4,1.9,1.0,1.6,1.1,0.5,2.0,3.9
2021,nba mip,Julius Randle,randlju01,26,98.0,493.0,500.0,0.986,True,NBA,Julius Randle,26.0,NYK,PF,71.0,71.0,37.6,8.5,18.6,0.456,2.3,5.5,0.411,6.2,13.1,0.474,0.516,4.9,6.0,0.811,1.2,9.0,10.2,6.0,0.9,0.3,3.4,3.2,24.1
2021,nba mip,Jerami Grant,grantje01,26,2.0,140.0,500.0,0.28,False,NBA,Jerami Grant,26.0,DET,SF,54.0,54.0,33.9,7.4,17.3,0.429,2.1,6.1,0.35,5.3,11.2,0.473,0.491,5.4,6.4,0.845,0.6,4.0,4.6,2.8,0.6,1.1,2.0,2.3,22.3
2021,nba mip,Michael Porter Jr.,portemi01,22,0.0,138.0,500.0,0.276,False,NBA,Michael Porter Jr.,22.0,DEN,SF,61.0,54.0,31.3,7.3,13.4,0.542,2.8,6.3,0.445,4.5,7.1,0.628,0.646,1.7,2.2,0.791,1.5,5.8,7.3,1.1,0.7,0.9,1.3,2.1,19.0
2021,nba mip,Christian Wood,woodch01,25,0.0,44.0,500.0,0.088,False,NBA,Christian Wood,25.0,HOU,C,41.0,41.0,32.3,8.0,15.6,0.514,1.9,5.0,0.374,6.1,10.6,0.581,0.574,3.0,4.8,0.631,1.9,7.8,9.6,1.7,0.8,1.2,2.0,2.1,21.0
2021,nba mip,Zach LaVine,lavinza01,25,0.0,20.0,500.0,0.04,False,NBA,Zach LaVine,25.0,CHI,SG,58.0,58.0,35.1,9.8,19.4,0.507,3.4,8.2,0.419,6.4,11.1,0.571,0.596,4.4,5.1,0.849,0.6,4.4,5.0,4.9,0.8,0.5,3.5,2.4,27.4
2021,nba mip,Chris Boucher,bouchch01,28,0.0,10.0,500.0,0.02,False,NBA,Chris Boucher,28.0,TOR,C,60.0,14.0,24.2,4.8,9.3,0.514,1.5,3.9,0.383,3.3,5.4,0.609,0.595,2.5,3.2,0.788,2.0,4.8,6.7,1.1,0.6,1.9,0.8,2.8,13.6
2021,nba mip,Jaylen Brown,brownja02,24,0.0,10.0,500.0,0.02,False,NBA,Jaylen Brown,24.0,BOS,SG,58.0,58.0,34.5,9.3,19.2,0.484,2.8,7.1,0.397,6.5,12.1,0.536,0.558,3.3,4.3,0.764,1.2,4.8,6.0,3.4,1.2,0.6,2.7,2.9,24.7
2021,nba mip,Mikal Bridges,bridgmi01,24,0.0,8.0,500.0,0.016,False,NBA,Mikal Bridges,24.0,PHO,SF,72.0,72.0,32.6,5.0,9.3,0.543,1.9,4.4,0.425,3.2,4.9,0.647,0.643,1.5,1.8,0.84,1.1,3.2,4.3,2.1,1.1,0.9,0.8,1.6,13.5
2021,nba mip,Zion Williamson,willizi01,20,0.0,6.0,500.0,0.012,False,NBA,Zion Williamson,20.0,NOP,PF,61.0,61.0,33.2,10.4,17.0,0.611,0.2,0.6,0.294,10.2,16.4,0.622,0.616,6.0,8.7,0.698,2.7,4.5,7.2,3.7,0.9,0.6,2.7,2.2,27.0
2021,nba mip,Clint Capela,capelca01,26,0.0,3.0,500.0,0.006,False,NBA,Clint Capela,26.0,ATL,C,63.0,63.0,30.1,6.6,11.0,0.594,0.0,0.0,,6.6,11.0,0.594,0.594,2.1,3.6,0.573,4.7,9.6,14.3,0.8,0.7,2.0,1.2,2.3,15.2
2021,nba mip,Jordan Clarkson,clarkjo01,28,0.0,3.0,500.0,0.006,False,NBA,Jordan Clarkson,28.0,UTA,SG,68.0,1.0,26.7,6.7,15.8,0.425,3.1,8.8,0.347,3.7,7.0,0.523,0.522,1.9,2.1,0.896,0.7,3.3,4.0,2.5,0.9,0.1,1.7,1.6,18.4
2021,nba mip,Luguentz Dort,dortlu01,21,0.0,3.0,500.0,0.006,False,NBA,Luguentz Dort,21.0,OKC,SG,52.0,52.0,29.7,4.8,12.3,0.387,2.2,6.3,0.343,2.6,6.0,0.432,0.475,2.3,3.2,0.744,0.7,2.9,3.6,1.7,0.9,0.4,1.5,2.6,14.0
2021,nba mip,Darius Garland,garlada01,21,0.0,3.0,500.0,0.006,False,NBA,Darius Garland,21.0,CLE,PG,54.0,50.0,33.1,6.7,14.9,0.451,1.9,4.9,0.395,4.8,9.9,0.479,0.517,2.1,2.4,0.848,0.4,2.0,2.4,6.1,1.2,0.1,3.0,2.0,17.4
2021,nba mip,Jordan Poole,poolejo01,21,0.0,3.0,500.0,0.006,False,NBA,Jordan Poole,21.0,GSW,SG,51.0,7.0,19.4,4.0,9.3,0.432,1.9,5.4,0.351,2.1,3.9,0.545,0.535,2.1,2.3,0.882,0.3,1.5,1.8,1.9,0.5,0.2,1.0,1.7,12.0
2021,nba mip,Nikola Vučević,vucevni01,30,0.0,3.0,500.0,0.006,False,NBA,Nikola Vučević,30.0,2TM,C,70.0,70.0,33.5,9.5,19.9,0.477,2.5,6.3,0.4,7.0,13.7,0.513,0.54,1.9,2.2,0.84,2.1,9.6,11.7,3.8,0.9,0.7,1.8,2.0,23.4
2021,nba mip,Kyle Anderson,anderky01,27,0.0,2.0,500.0,0.004,False,NBA,Kyle Anderson,27.0,MEM,PF,69.0,69.0,27.3,4.5,9.5,0.468,1.4,3.8,0.36,3.1,5.8,0.539,0.54,2.1,2.7,0.783,0.8,5.0,5.7,3.6,1.2,0.8,1.2,1.7,12.4
2021,nba mip,RJ Barrett,barrerj01,20,0.0,2.0,500.0,0.004,False,NBA,RJ Barrett,20.0,NYK,SG,72.0,72.0,34.9,6.5,14.7,0.441,1.7,4.3,0.401,4.8,10.4,0.457,0.499,2.9,3.8,0.746,0.9,4.8,5.8,3.0,0.7,0.3,1.9,2.6,17.6
2021,nba mip,Miles Bridges,bridgmi02,22,0.0,2.0,500.0,0.004,False,NBA,Miles Bridges,22.0,CHO,PF,66.0,19.0,29.3,4.7,9.4,0.503,1.8,4.4,0.4,3.0,5.0,0.593,0.596,1.5,1.7,0.867,1.2,4.8,6.0,2.2,0.7,0.8,1.6,2.2,12.7
2021,nba mip,Lonzo Ball,balllo01,23,0.0,1.0,500.0,0.002,False,NBA,Lonzo Ball,23.0,NOP,PG,55.0,55.0,31.8,5.3,12.7,0.414,3.1,8.3,0.378,2.1,4.5,0.482,0.537,0.9,1.2,0.781,0.6,4.2,4.8,5.7,1.5,0.6,2.2,1.9,14.6
2021,nba mip,Bojan Bogdanović,bogdabo02,31,0.0,1.0,500.0,0.002,False,NBA,Bojan Bogdanović,31.0,UTA,SF,72.0,72.0,30.8,5.6,12.8,0.439,2.5,6.4,0.39,3.1,6.4,0.487,0.536,3.2,3.7,0.879,0.6,3.3,3.9,1.9,0.6,0.1,1.8,1.6,17.0
2021,nba mip,Shai Gilgeous-Alexander,gilgesh01,22,0.0,1.0,500.0,0.002,False,NBA,Shai Gilgeous-Alexander,22.0,OKC,SG,35.0,35.0,33.7,8.2,16.1,0.508,2.0,4.9,0.418,6.2,11.3,0.547,0.571,5.3,6.5,0.808,0.5,4.2,4.7,5.9,0.8,0.7,3.0,2.0,23.7
2021,nba mip,Richaun Holmes,holmeri01,27,0.0,1.0,500.0,0.002,False,NBA,Richaun Holmes,27.0,SAC,C,61.0,61.0,29.2,6.0,9.4,0.637,0.0,0.2,0.182,6.0,9.2,0.645,0.638,2.2,2.8,0.794,2.4,5.9,8.3,1.7,0.6,1.6,1.2,3.5,14.2
2021,nba mip,T.J. McConnell,mccontj01,28,0.0,1.0,500.0,0.002,False,NBA,T.J. McConnell,28.0,IND,PG,69.0,3.0,26.0,4.0,7.1,0.559,0.2,0.7,0.313,3.8,6.4,0.586,0.574,0.5,0.7,0.688,0.8,2.9,3.7,6.6,1.9,0.3,2.0,1.6,8.6
2021,nba mip,Terry Rozier,roziete01,26,0.0,1.0,500.0,0.002,False,NBA,Terry Rozier,26.0,CHO,SG,69.0,69.0,34.5,7.4,16.4,0.45,3.2,8.3,0.389,4.2,8.2,0.512,0.548,2.4,2.9,0.817,0.7,3.7,4.4,4.2,1.3,0.4,1.9,1.7,20.4
2021,nba mip,Andrew Wiggins,wiggian01,25,0.0,1.0,500.0,0.002,False,NBA,Andrew Wiggins,25.0,GSW,PF,71.0,71.0,33.3,7.1,14.9,0.477,2.0,5.2,0.38,5.1,9.7,0.529,0.543,2.4,3.4,0.714,1.2,3.7,4.9,2.4,0.9,1.0,1.8,2.2,18.6
2021,nba mvp,Nikola Jokić,jokicni01,25,91.0,971.0,1010.0,0.961,True,NBA,Nikola Jokić,25.0,DEN,C,72.0,72.0,34.6,10.2,18.0,0.566,1.3,3.3,0.388,8.9,14.7,0.606,0.602,4.8,5.5,0.868,2.8,8.0,10.8,8.3,1.3,0.7,3.1,2.7,26.4
2021,nba mvp,Joel Embiid,embiijo01,26,1.0,586.0,1010.0,0.58,False,NBA,Joel Embiid,26.0,PHI,C,51.0,51.0,31.1,9.0,17.6,0.513,1.1,3.0,0.377,7.9,14.6,0.541,0.545,9.2,10.7,0.859,2.2,8.4,10.6,2.8,1.0,1.4,3.1,2.4,28.5
2021,nba mvp,Stephen Curry,curryst01,32,5.0,453.0,1010.0,0.449,False,NBA,Stephen Curry,32.0,GSW,PG,63.0,63.0,34.2,10.4,21.7,0.482,5.3,12.7,0.421,5.1,9.0,0.569,0.605,5.7,6.3,0.916,0.5,5.0,5.5,5.8,1.2,0.1,3.4,1.9,32.0
2021,nba mvp,Giannis Antetokounmpo,antetgi01,26,1.0,348.0,1010.0,0.345,False,NBA,Giannis Antetokounmpo,26.0,MIL,PF,61.0,61.0,33.0,10.3,18.0,0.569,1.1,3.6,0.303,9.2,14.4,0.636,0.6,6.5,9.5,0.685,1.6,9.4,11.0,5.9,1.2,1.2,3.4,2.8,28.1
2021,nba mvp,Chris Paul,paulch01,35,2.0,139.0,1010.0,0.138,False,NBA,Chris Paul,35.0,PHO,PG,70.0,70.0,31.4,6.3,12.6,0.499,1.5,3.7,0.395,4.8,8.9,0.543,0.557,2.4,2.6,0.934,0.4,4.1,4.5,8.9,1.4,0.3,2.2,2.4,16.4
2021,nba mvp,Luka Dončić,doncilu01,21,0.0,42.0,1010.0,0.042,False,NBA,Luka Dončić,21.0,DAL,PG,66.0,66.0,34.3,9.8,20.5,0.479,2.9,8.3,0.35,6.9,12.2,0.567,0.55,5.2,7.1,0.73,0.8,7.2,8.0,8.6,1.0,0.5,4.3,2.3,27.7
2021,nba mvp,Damian Lillard,lillada01,30,0.0,38.0,1010.0,0.038,False,NBA,Damian Lillard,30.0,POR,PG,67.0,67.0,35.8,9.0,19.9,0.451,4.1,10.5,0.391,4.9,9.4,0.519,0.554,6.7,7.2,0.928,0.5,3.7,4.2,7.5,0.9,0.3,3.0,1.5,28.8
2021,nba mvp,Julius Randle,randlju01,26,0.0,20.0,1010.0,0.02,False,NBA,Julius Randle,26.0,NYK,PF,71.0,71.0,37.6,8.5,18.6,0.456,2.3,5.5,0.411,6.2,13.1,0.474,0.516,4.9,6.0,0.811,1.2,9.0,10.2,6.0,0.9,0.3,3.4,3.2,24.1
2021,nba mvp,Derrick Rose,rosede01,32,1.0,10.0,1010.0,0.01,False,NBA,Derrick Rose,32.0,2TM,PG,50.0,3.0,25.6,5.7,12.2,0.47,1.0,2.6,0.388,4.7,9.6,0.492,0.511,2.2,2.5,0.866,0.4,2.2,2.6,4.2,1.0,0.4,1.6,1.1,14.7
2021,nba mvp,Rudy Gobert,goberru01,28,0.0,8.0,1010.0,0.008,False,NBA,Rudy Gobert,28.0,UTA,C,71.0,71.0,30.8,5.5,8.2,0.675,0.0,0.1,0.0,5.5,8.1,0.68,0.675,3.3,5.3,0.623,3.4,10.1,13.5,1.3,0.6,2.7,1.7,2.3,14.3
2021,nba mvp,Russell Westbrook,westbru01,32,0.0,5.0,1010.0,0.005,False,NBA,Russell Westbrook,32.0,WAS,PG,65.0,65.0,36.4,8.4,19.0,0.439,1.3,4.2,0.315,7.0,14.8,0.475,0.474,4.2,6.4,0.656,1.7,9.9,11.5,11.7,1.4,0.4,4.8,2.9,22.2
2021,nba mvp,Ben Simmons,simmobe01,24,0.0,3.0,1010.0,0.003,False,NBA,Ben Simmons,24.0,PHI,PG,58.0,58.0,32.4,5.6,10.1,0.557,0.1,0.2,0.3,5.6,9.9,0.562,0.56,3.0,4.9,0.613,1.6,5.6,7.2,6.9,1.6,0.6,3.0,2.9,14.3
2021,nba mvp,James Harden,hardeja01,31,0.0,1.0,1010.0,0.001,False,NBA,James Harden,31.0,2TM,PG,44.0,43.0,36.6,7.8,16.7,0.466,2.8,7.6,0.362,5.0,9.1,0.553,0.548,6.3,7.3,0.861,0.8,7.1,7.9,10.8,1.2,0.8,4.0,2.3,24.6
2021,nba mvp,LeBron James,jamesle01,36,0.0,1.0,1010.0,0.001,False,NBA,LeBron James,36.0,LAL,PG,45.0,45.0,33.4,9.4,18.3,0.513,2.3,6.3,0.365,7.1,12.0,0.591,0.576,4.0,5.7,0.698,0.6,7.0,7.7,7.8,1.1,0.6,3.7,1.6,25.0
2021,nba mvp,Kawhi Leonard,leonaka01,29,0.0,1.0,1010.0,0.001,False,NBA,Kawhi Leonard,29.0,LAC,SF,52.0,52.0,34.1,8.9,17.5,0.512,1.9,4.9,0.398,7.0,12.6,0.557,0.568,5.0,5.7,0.885,1.1,5.4,6.5,5.2,1.6,0.4,2.0,1.6,24.8
2021,nba roy,LaMelo Ball,ballla01,19,84.0,465.0,495.0,0.939,True,NBA,LaMelo Ball,19.0,CHO,PG,51.0,31.0,28.8,5.7,13.2,0.436,1.8,5.1,0.352,3.9,8.1,0.489,0.504,2.5,3.2,0.758,1.2,4.7,5.9,6.1,1.6,0.4,2.8,2.7,15.7
2021,nba roy,Anthony Edwards,edwaran01,19,15.0,309.0,495.0,0.624,False,NBA,Anthony Edwards,19.0,MIN,SG,72.0,55.0,32.1,7.0,16.8,0.417,2.4,7.2,0.329,4.6,9.6,0.483,0.488,2.9,3.8,0.776,0.8,3.8,4.7,2.9,1.1,0.5,2.2,1.8,19.3
2021,nba roy,Tyrese Haliburton,halibty01,20,0.0,114.0,495.0,0.23,False,NBA,Tyrese Haliburton,20.0,SAC,PG,58.0,20.0,30.1,5.0,10.7,0.472,2.1,5.1,0.409,2.9,5.6,0.529,0.569,0.8,1.0,0.857,0.7,2.3,3.0,5.3,1.3,0.5,1.6,1.4,13.0
2021,nba roy,Saddiq Bey,beysa01,21,0.0,3.0,495.0,0.006,False,NBA,Saddiq Bey,21.0,DET,SF,70.0,53.0,27.3,4.0,9.9,0.404,2.5,6.6,0.38,1.5,3.3,0.45,0.53,1.8,2.1,0.844,0.6,3.9,4.5,1.4,0.7,0.2,0.9,1.6,12.2
2021,nba smoy,Jordan Clarkson,clarkjo01,28,65.0,407.0,500.0,0.814,True,NBA,Jordan Clarkson,28.0,UTA,SG,68.0,1.0,26.7,6.7,15.8,0.425,3.1,8.8,0.347,3.7,7.0,0.523,0.522,1.9,2.1,0.896,0.7,3.3,4.0,2.5,0.9,0.1,1.7,1.6,18.4
2021,nba smoy,Joe Ingles,inglejo01,33,34.0,272.0,500.0,0.544,False,NBA,Joe Ingles,33.0,UTA,SF,67.0,30.0,27.9,4.1,8.4,0.489,2.7,6.1,0.451,1.4,2.3,0.59,0.652,1.1,1.3,0.844,0.4,3.2,3.6,4.7,0.7,0.2,1.7,1.8,12.1
2021,nba smoy,Derrick Rose,rosede01,32,1.0,77.0,500.0,0.154,False,NBA,Derrick Rose,32.0,2TM,PG,50.0,3.0,25.6,5.7,12.2,0.47,1.0,2.6,0.388,4.7,9.6,0.492,0.511,2.2,2.5,0.866,0.4,2.2,2.6,4.2,1.0,0.4,1.6,1.1,14.7
2021,nba smoy,Jalen Brunson,brunsja01,24,0.0,67.0,500.0,0.134,False,NBA,Jalen Brunson,24.0,DAL,PG,68.0,12.0,25.0,4.8,9.2,0.523,1.2,2.9,0.405,3.6,6.3,0.578,0.588,1.8,2.2,0.795,0.4,3.0,3.4,3.5,0.5,0.0,1.2,1.6,12.6
2021,nba smoy,Tim Hardaway Jr.,hardati02,28,0.0,24.0,500.0,0.048,False,NBA,Tim Hardaway Jr.,28.0,DAL,SG,70.0,31.0,28.4,5.8,13.0,0.447,3.0,7.6,0.391,2.9,5.5,0.524,0.56,2.0,2.5,0.816,0.3,3.0,3.3,1.8,0.4,0.2,0.9,1.6,16.6
2021,nba smoy,Montrezl Harrell,harremo01,27,0.0,14.0,500.0,0.028,False,NBA,Montrezl Harrell,27.0,LAL,C,69.0,1.0,22.9,5.4,8.7,0.622,0.0,0.1,0.0,5.4,8.6,0.632,0.622,2.6,3.7,0.707,2.3,3.9,6.2,1.1,0.7,0.7,1.1,1.9,13.5
2021,nba smoy,Carmelo Anthony,anthoca01,36,0.0,8.0,500.0,0.016,False,NBA,Carmelo Anthony,36.0,POR,PF,69.0,3.0,24.5,4.7,11.3,0.421,1.9,4.7,0.409,2.8,6.6,0.429,0.506,2.0,2.2,0.89,0.5,2.6,3.1,1.5,0.7,0.6,0.9,2.1,13.4
2021,nba smoy,Chris Boucher,bouchch01,28,0.0,7.0,500.0,0.014,False,NBA,Chris Boucher,28.0,TOR,C,60.0,14.0,24.2,4.8,9.3,0.514,1.5,3.9,0.383,3.3,5.4,0.609,0.595,2.5,3.2,0.788,2.0,4.8,6.7,1.1,0.6,1.9,0.8,2.8,13.6
2021,nba smoy,Bobby Portis,portibo01,25,0.0,6.0,500.0,0.012,False,NBA,Bobby Portis,25.0,MIL,C,66.0,7.0,20.8,4.7,9.1,0.523,1.1,2.4,0.471,3.6,6.7,0.542,0.585,0.8,1.1,0.74,1.9,5.2,7.1,1.1,0.8,0.4,0.8,1.7,11.4
2021,nba smoy,Enes Freedom,kanteen01,28,0.0,5.0,500.0,0.01,False,NBA,Enes Freedom,28.0,POR,C,72.0,35.0,24.4,4.7,7.8,0.604,0.0,0.1,0.25,4.7,7.7,0.607,0.605,1.8,2.3,0.774,3.9,7.1,11.0,1.2,0.5,0.7,1.1,2.3,11.2
2021,nba smoy,T.J. McConnell,mccontj01,28,0.0,4.0,500.0,0.008,False,NBA,T.J. McConnell,28.0,IND,PG,69.0,3.0,26.0,4.0,7.1,0.559,0.2,0.7,0.313,3.8,6.4,0.586,0.574,0.5,0.7,0.688,0.8,2.9,3.7,6.6,1.9,0.3,2.0,1.6,8.6
2021,nba smoy,Miles Bridges,bridgmi02,22,0.0,3.0,500.0,0.006,False,NBA,Miles Bridges,22.0,CHO,PF,66.0,19.0,29.3,4.7,9.4,0.503,1.8,4.4,0.4,3.0,5.0,0.593,0.596,1.5,1.7,0.867,1.2,4.8,6.0,2.2,0.7,0.8,1.6,2.2,12.7
2021,nba smoy,Shake Milton,miltosh01,24,0.0,3.0,500.0,0.006,False,NBA,Shake Milton,24.0,PHI,SG,63.0,4.0,23.2,4.8,10.6,0.45,1.1,3.2,0.35,3.6,7.4,0.494,0.503,2.3,2.8,0.83,0.5,1.8,2.3,3.1,0.6,0.3,1.6,2.1,13.0
2021,nba smoy,Thaddeus Young,youngth01,32,0.0,2.0,500.0,0.004,False,NBA,Thaddeus Young,32.0,CHI,PF,68.0,23.0,24.3,5.4,9.7,0.559,0.2,0.7,0.267,5.3,9.1,0.58,0.568,1.0,1.7,0.628,2.5,3.8,6.2,4.3,1.1,0.6,2.0,2.2,12.1
2021,nba smoy,Facundo Campazzo,campafa01,29,0.0,1.0,500.0,0.002,False,NBA,Facundo Campazzo,29.0,DEN,PG,65.0,19.0,21.9,1.8,4.8,0.381,1.2,3.3,0.352,0.7,1.5,0.444,0.502,1.2,1.4,0.879,0.3,1.7,2.1,3.6,1.2,0.2,1.1,2.0,6.1
2020,nba dpoy,Giannis Antetokounmpo,antetgi01,25,75.0,432.0,500.0,0.864,True,NBA,Giannis Antetokounmpo,25.0,MIL,PF,63.0,63.0,30.4,10.9,19.7,0.553,1.4,4.7,0.304,9.5,15.0,0.631,0.589,6.3,10.0,0.633,2.2,11.4,13.6,5.6,1.0,1.0,3.7,3.1,29.5
2020,nba dpoy,Anthony Davis,davisan02,26,14.0,200.0,500.0,0.4,False,NBA,Anthony Davis,26.0,LAL,PF,62.0,62.0,34.4,8.9,17.7,0.503,1.2,3.5,0.33,7.7,14.2,0.546,0.536,7.2,8.5,0.846,2.3,7.0,9.3,3.2,1.5,2.3,2.5,2.5,26.1
2020,nba dpoy,Rudy Gobert,goberru01,27,6.0,187.0,500.0,0.374,False,NBA,Rudy Gobert,27.0,UTA,C,68.0,68.0,34.3,5.7,8.2,0.693,0.0,0.0,,5.7,8.2,0.693,0.693,3.7,5.9,0.63,3.4,10.1,13.5,1.5,0.8,2.0,1.9,3.2,15.1
2020,nba dpoy,Ben Simmons,simmobe01,23,1.0,32.0,500.0,0.064,False,NBA,Ben Simmons,23.0,PHI,PG,57.0,57.0,35.4,6.6,11.4,0.58,0.0,0.1,0.286,6.5,11.2,0.583,0.581,3.2,5.2,0.621,2.0,5.8,7.8,8.0,2.1,0.6,3.5,3.3,16.4
2020,nba dpoy,Bam Adebayo,adebaba01,22,2.0,17.0,500.0,0.034,False,NBA,Bam Adebayo,22.0,MIA,PF,72.0,72.0,33.6,6.1,11.0,0.557,0.0,0.2,0.143,6.1,10.8,0.564,0.558,3.7,5.3,0.691,2.4,7.8,10.2,5.1,1.1,1.3,2.8,2.5,15.9
2020,nba dpoy,Patrick Beverley,beverpa01,31,1.0,7.0,500.0,0.014,False,NBA,Patrick Beverley,31.0,LAC,PG,51.0,50.0,26.3,2.9,6.7,0.431,1.6,4.0,0.388,1.3,2.6,0.496,0.548,0.6,0.9,0.66,1.1,4.1,5.2,3.6,1.1,0.5,1.3,3.1,7.9
2020,nba dpoy,Marcus Smart,smartma01,25,0.0,7.0,500.0,0.014,False,NBA,Marcus Smart,25.0,BOS,SG,60.0,40.0,32.0,4.3,11.4,0.375,2.3,6.6,0.347,2.0,4.8,0.415,0.476,2.1,2.5,0.836,0.7,3.1,3.8,4.9,1.7,0.5,1.7,2.7,12.9
2020,nba dpoy,Andre Drummond,drumman01,26,1.0,5.0,500.0,0.01,False,NBA,Andre Drummond,26.0,2TM,C,57.0,56.0,33.0,7.3,13.8,0.533,0.1,0.6,0.143,7.2,13.1,0.551,0.536,3.0,5.2,0.575,4.4,10.8,15.2,2.7,1.9,1.6,3.6,3.5,17.7
2020,nba dpoy,Kawhi Leonard,leonaka01,28,0.0,5.0,500.0,0.01,False,NBA,Kawhi Leonard,28.0,LAC,SF,57.0,57.0,32.4,9.3,19.9,0.47,2.2,5.7,0.378,7.2,14.2,0.506,0.524,6.2,7.1,0.886,0.9,6.1,7.1,4.9,1.8,0.6,2.6,2.0,27.1
2020,nba dpoy,Brook Lopez,lopezbr01,31,0.0,4.0,500.0,0.008,False,NBA,Brook Lopez,31.0,MIL,C,68.0,67.0,26.7,4.3,9.9,0.435,1.5,4.8,0.314,2.8,5.1,0.549,0.511,1.9,2.2,0.836,0.9,3.7,4.6,1.5,0.7,2.4,1.0,2.4,12.0
2020,nba dpoy,Hassan Whiteside,whiteha01,30,0.0,3.0,500.0,0.006,False,NBA,Hassan Whiteside,30.0,POR,C,67.0,61.0,30.0,6.5,10.5,0.621,0.1,0.1,0.571,6.4,10.4,0.622,0.624,2.4,3.6,0.686,3.9,9.7,13.5,1.2,0.4,2.9,1.8,2.9,15.5
2020,nba dpoy,Jarrett Allen,allenja01,21,0.0,1.0,500.0,0.002,False,NBA,Jarrett Allen,21.0,BRK,C,70.0,64.0,26.5,4.3,6.6,0.649,0.0,0.1,0.0,4.3,6.6,0.658,0.649,2.4,3.9,0.633,3.1,6.5,9.6,1.6,0.6,1.3,1.1,2.3,11.1
2020,nba mip,Brandon Ingram,ingrabr01,22,42.0,326.0,500.0,0.652,True,NBA,Brandon Ingram,22.0,NOP,PF,62.0,62.0,33.9,8.2,17.7,0.463,2.4,6.2,0.391,5.8,11.5,0.501,0.531,5.0,5.9,0.851,0.8,5.3,6.1,4.2,1.0,0.6,3.0,2.9,23.8
2020,nba mip,Bam Adebayo,adebaba01,22,38.0,295.0,500.0,0.59,False,NBA,Bam Adebayo,22.0,MIA,PF,72.0,72.0,33.6,6.1,11.0,0.557,0.0,0.2,0.143,6.1,10.8,0.564,0.558,3.7,5.3,0.691,2.4,7.8,10.2,5.1,1.1,1.3,2.8,2.5,15.9
2020,nba mip,Luka Dončić,doncilu01,20,12.0,101.0,500.0,0.202,False,NBA,Luka Dončić,20.0,DAL,PG,61.0,61.0,33.6,9.5,20.6,0.463,2.8,8.9,0.316,6.7,11.7,0.574,0.531,7.0,9.2,0.758,1.3,8.1,9.4,8.8,1.0,0.2,4.3,2.5,28.8
2020,nba mip,Jayson Tatum,tatumja01,21,3.0,57.0,500.0,0.114,False,NBA,Jayson Tatum,21.0,BOS,PF,66.0,66.0,34.3,8.4,18.6,0.45,2.9,7.1,0.403,5.5,11.5,0.48,0.527,3.8,4.7,0.812,1.0,6.0,7.0,3.0,1.4,0.9,2.3,2.1,23.4
2020,nba mip,Devonte' Graham,grahade01,24,2.0,50.0,500.0,0.1,False,NBA,Devonte' Graham,24.0,CHO,PG,63.0,53.0,35.1,5.8,15.3,0.382,3.5,9.3,0.373,2.4,6.0,0.397,0.495,3.0,3.7,0.82,0.7,2.7,3.4,7.5,1.0,0.2,2.9,1.8,18.2
2020,nba mip,Shai Gilgeous-Alexander,gilgesh01,21,0.0,21.0,500.0,0.042,False,NBA,Shai Gilgeous-Alexander,21.0,OKC,SG,70.0,70.0,34.7,6.8,14.5,0.471,1.2,3.6,0.347,5.6,10.9,0.512,0.514,4.1,5.1,0.807,0.7,5.2,5.9,3.3,1.1,0.7,1.9,1.7,19.0
2020,nba mip,Pascal Siakam,siakapa01,25,1.0,13.0,500.0,0.026,False,NBA,Pascal Siakam,25.0,TOR,PF,60.0,60.0,35.2,8.3,18.4,0.453,2.2,6.1,0.359,6.2,12.3,0.499,0.512,4.0,5.1,0.792,1.1,6.3,7.3,3.5,1.0,0.9,2.5,2.8,22.9
2020,nba mip,Christian Wood,woodch01,24,1.0,11.0,500.0,0.022,False,NBA,Christian Wood,24.0,DET,PF,62.0,12.0,21.4,4.6,8.2,0.567,0.9,2.3,0.386,3.8,5.9,0.636,0.62,2.9,3.9,0.744,1.7,4.6,6.3,1.0,0.5,0.9,1.4,1.6,13.1
2020,nba mip,Trae Young,youngtr01,21,0.0,10.0,500.0,0.02,False,NBA,Trae Young,21.0,ATL,PG,60.0,60.0,35.3,9.1,20.8,0.437,3.4,9.5,0.361,5.7,11.4,0.501,0.519,8.0,9.3,0.86,0.5,3.7,4.3,9.3,1.1,0.1,4.8,1.7,29.6
2020,nba mip,Fred VanVleet,vanvlfr01,25,1.0,6.0,500.0,0.012,False,NBA,Fred VanVleet,25.0,TOR,SG,54.0,54.0,35.7,5.9,14.3,0.413,2.7,6.9,0.39,3.2,7.4,0.434,0.507,3.1,3.7,0.848,0.3,3.4,3.8,6.6,1.9,0.3,2.2,2.4,17.6
2020,nba mip,Dāvis Bertāns,bertada01,27,0.0,3.0,500.0,0.006,False,NBA,Dāvis Bertāns,27.0,WAS,PF,54.0,4.0,29.3,4.9,11.3,0.434,3.7,8.7,0.424,1.2,2.6,0.471,0.598,1.9,2.3,0.852,0.6,3.9,4.5,1.7,0.7,0.6,1.1,2.6,15.4
2020,nba mip,Jaylen Brown,brownja02,23,0.0,3.0,500.0,0.006,False,NBA,Jaylen Brown,23.0,BOS,SG,57.0,57.0,33.9,7.5,15.6,0.481,2.3,5.9,0.382,5.2,9.6,0.543,0.554,3.1,4.3,0.724,1.1,5.3,6.4,2.1,1.1,0.4,2.2,2.9,20.3
2020,nba mip,Markelle Fultz,fultzma01,21,0.0,2.0,500.0,0.004,False,NBA,Markelle Fultz,21.0,ORL,PG,72.0,60.0,27.7,5.0,10.7,0.465,0.5,1.9,0.267,4.5,8.8,0.507,0.488,1.6,2.2,0.73,0.6,2.7,3.3,5.1,1.3,0.2,2.0,2.0,12.1
2020,nba mip,Spencer Dinwiddie,dinwisp01,26,0.0,1.0,500.0,0.002,False,NBA,Spencer Dinwiddie,26.0,BRK,PG,64.0,49.0,31.2,6.6,16.0,0.415,1.9,6.3,0.308,4.7,9.7,0.485,0.476,5.4,7.0,0.778,0.5,3.0,3.5,6.8,0.6,0.3,2.7,2.8,20.6
2020,nba mip,Duncan Robinson,robindu01,25,0.0,1.0,500.0,0.002,False,NBA,Duncan Robinson,25.0,MIA,SG,73.0,68.0,29.7,4.4,9.4,0.47,3.7,8.3,0.446,0.7,1.1,0.654,0.667,0.9,1.0,0.931,0.1,3.0,3.2,1.4,0.5,0.3,1.0,2.6,13.5
2020,nba mvp,Giannis Antetokounmpo,antetgi01,25,85.0,962.0,1010.0,0.952,True,NBA,Giannis Antetokounmpo,25.0,MIL,PF,63.0,63.0,30.4,10.9,19.7,0.553,1.4,4.7,0.304,9.5,15.0,0.631,0.589,6.3,10.0,0.633,2.2,11.4,13.6,5.6,1.0,1.0,3.7,3.1,29.5
2020,nba mvp,LeBron James,jamesle01,35,16.0,753.0,1010.0,0.746,False,NBA,LeBron James,35.0,LAL,PG,67.0,67.0,34.6,9.6,19.4,0.493,2.2,6.3,0.348,7.4,13.1,0.564,0.55,3.9,5.7,0.693,1.0,6.9,7.8,10.2,1.2,0.5,3.9,1.8,25.3
2020,nba mvp,James Harden,hardeja01,30,0.0,367.0,1010.0,0.363,False,NBA,James Harden,30.0,HOU,SG,68.0,68.0,36.5,9.9,22.3,0.444,4.4,12.4,0.355,5.5,9.9,0.556,0.543,10.2,11.8,0.865,1.0,5.5,6.6,7.5,1.8,0.9,4.5,3.3,34.3
2020,nba mvp,Luka Dončić,doncilu01,20,0.0,200.0,1010.0,0.198,False,NBA,Luka Dončić,20.0,DAL,PG,61.0,61.0,33.6,9.5,20.6,0.463,2.8,8.9,0.316,6.7,11.7,0.574,0.531,7.0,9.2,0.758,1.3,8.1,9.4,8.8,1.0,0.2,4.3,2.5,28.8
2020,nba mvp,Kawhi Leonard,leonaka01,28,0.0,168.0,1010.0,0.166,False,NBA,Kawhi Leonard,28.0,LAC,SF,57.0,57.0,32.4,9.3,19.9,0.47,2.2,5.7,0.378,7.2,14.2,0.506,0.524,6.2,7.1,0.886,0.9,6.1,7.1,4.9,1.8,0.6,2.6,2.0,27.1
2020,nba mvp,Anthony Davis,davisan02,26,0.0,82.0,1010.0,0.081,False,NBA,Anthony Davis,26.0,LAL,PF,62.0,62.0,34.4,8.9,17.7,0.503,1.2,3.5,0.33,7.7,14.2,0.546,0.536,7.2,8.5,0.846,2.3,7.0,9.3,3.2,1.5,2.3,2.5,2.5,26.1
2020,nba mvp,Chris Paul,paulch01,34,0.0,26.0,1010.0,0.026,False,NBA,Chris Paul,34.0,OKC,PG,70.0,70.0,31.5,6.2,12.7,0.489,1.6,4.3,0.365,4.6,8.3,0.554,0.552,3.6,4.0,0.907,0.4,4.6,5.0,6.7,1.6,0.2,2.3,2.3,17.6
2020,nba mvp,Damian Lillard,lillada01,29,0.0,23.0,1010.0,0.023,False,NBA,Damian Lillard,29.0,POR,PG,66.0,66.0,37.5,9.5,20.4,0.463,4.1,10.2,0.401,5.4,10.2,0.524,0.563,7.0,7.8,0.888,0.5,3.8,4.3,8.0,1.1,0.3,2.9,1.7,30.0
2020,nba mvp,Nikola Jokić,jokicni01,24,0.0,18.0,1010.0,0.018,False,NBA,Nikola Jokić,24.0,DEN,C,73.0,73.0,32.0,7.7,14.7,0.528,1.1,3.5,0.314,6.6,11.2,0.594,0.565,3.4,4.1,0.817,2.3,7.5,9.7,7.0,1.2,0.6,3.1,3.0,19.9
2020,nba mvp,Pascal Siakam,siakapa01,25,0.0,17.0,1010.0,0.017,False,NBA,Pascal Siakam,25.0,TOR,PF,60.0,60.0,35.2,8.3,18.4,0.453,2.2,6.1,0.359,6.2,12.3,0.499,0.512,4.0,5.1,0.792,1.1,6.3,7.3,3.5,1.0,0.9,2.5,2.8,22.9
2020,nba mvp,Jimmy Butler,butleji01,30,0.0,9.0,1010.0,0.009,False,NBA,Jimmy Butler,30.0,MIA,SF,58.0,58.0,33.8,5.9,13.1,0.455,0.5,2.1,0.244,5.4,11.0,0.495,0.474,7.6,9.1,0.834,1.8,4.8,6.7,6.0,1.8,0.6,2.2,1.4,19.9
2020,nba mvp,Jayson Tatum,tatumja01,21,0.0,1.0,1010.0,0.001,False,NBA,Jayson Tatum,21.0,BOS,PF,66.0,66.0,34.3,8.4,18.6,0.45,2.9,7.1,0.403,5.5,11.5,0.48,0.527,3.8,4.7,0.812,1.0,6.0,7.0,3.0,1.4,0.9,2.3,2.1,23.4
2020,nba roy,Ja Morant,moranja01,20,99.0,498.0,500.0,0.996,True,NBA,Ja Morant,20.0,MEM,PG,67.0,67.0,31.0,6.7,14.0,0.477,0.9,2.7,0.335,5.8,11.3,0.511,0.509,3.6,4.6,0.776,0.8,3.1,3.9,7.3,0.9,0.3,3.3,1.6,17.8
2020,nba roy,Kendrick Nunn,nunnke01,24,0.0,204.0,500.0,0.408,False,NBA,Kendrick Nunn,24.0,MIA,PG,67.0,67.0,29.3,6.0,13.6,0.439,2.0,5.8,0.35,3.9,7.8,0.505,0.514,1.3,1.5,0.85,0.3,2.4,2.7,3.3,0.8,0.2,1.7,2.3,15.3
2020,nba roy,Zion Williamson,willizi01,19,1.0,140.0,500.0,0.28,False,NBA,Zion Williamson,19.0,NOP,PF,24.0,24.0,27.8,8.8,15.0,0.583,0.3,0.6,0.429,8.5,14.4,0.59,0.592,4.8,7.4,0.64,2.7,3.6,6.3,2.1,0.7,0.4,2.5,1.8,22.5
2020,nba roy,Brandon Clarke,clarkbr01,23,0.0,50.0,500.0,0.1,False,NBA,Brandon Clarke,23.0,MEM,PF,58.0,4.0,22.4,5.1,8.3,0.618,0.4,1.1,0.359,4.7,7.2,0.658,0.642,1.5,1.9,0.759,1.6,4.4,5.9,1.4,0.6,0.8,0.9,1.7,12.1
2020,nba roy,Coby White,whiteco01,19,0.0,3.0,500.0,0.006,False,NBA,Coby White,19.0,CHI,PG,65.0,1.0,25.8,4.8,12.2,0.394,2.0,5.8,0.354,2.8,6.4,0.43,0.478,1.6,2.0,0.791,0.4,3.1,3.5,2.7,0.8,0.1,1.7,1.8,13.2
2020,nba roy,Terence Davis,daviste02,22,0.0,2.0,500.0,0.004,False,NBA,Terence Davis,22.0,TOR,SG,72.0,4.0,16.8,2.8,6.1,0.456,1.3,3.4,0.388,1.5,2.7,0.541,0.564,0.7,0.8,0.864,0.7,2.6,3.3,1.6,0.5,0.2,1.1,1.7,7.5
2020,nba roy,Eric Paschall,pascher01,23,0.0,2.0,500.0,0.004,False,NBA,Eric Paschall,23.0,GSW,PF,60.0,26.0,27.6,5.3,10.7,0.497,0.6,2.2,0.287,4.7,8.5,0.55,0.526,2.7,3.5,0.774,1.4,3.2,4.6,2.1,0.5,0.2,1.6,2.1,14.0
2020,nba roy,RJ Barrett,barrerj01,19,0.0,1.0,500.0,0.002,False,NBA,RJ Barrett,19.0,NYK,SG,56.0,55.0,30.4,5.2,13.0,0.402,1.1,3.5,0.32,4.1,9.5,0.432,0.445,2.8,4.5,0.614,0.9,4.1,5.0,2.6,1.0,0.3,2.2,2.2,14.3
2020,nba smoy,Montrezl Harrell,harremo01,26,58.0,397.0,500.0,0.794,True,NBA,Montrezl Harrell,26.0,LAC,C,63.0,2.0,27.8,7.5,12.9,0.58,0.0,0.3,0.0,7.5,12.6,0.593,0.58,3.7,5.6,0.658,2.6,4.5,7.1,1.7,0.6,1.1,1.7,2.3,18.6
2020,nba smoy,Dennis Schröder,schrode01,26,35.0,328.0,500.0,0.656,False,NBA,Dennis Schröder,26.0,OKC,PG,65.0,2.0,30.8,7.0,14.8,0.469,1.9,5.0,0.385,5.0,9.8,0.513,0.534,3.0,3.6,0.839,0.3,3.3,3.6,4.0,0.7,0.2,2.6,2.2,18.9
2020,nba smoy,Lou Williams,willilo02,33,7.0,127.0,500.0,0.254,False,NBA,Lou Williams,33.0,LAC,PG,65.0,8.0,28.7,6.0,14.4,0.418,1.7,4.8,0.352,4.3,9.6,0.451,0.477,4.5,5.2,0.861,0.5,2.6,3.1,5.6,0.7,0.2,2.8,1.2,18.2
2020,nba smoy,George Hill,hillge01,33,0.0,17.0,500.0,0.034,False,NBA,George Hill,33.0,MIL,PG,59.0,2.0,21.5,3.3,6.4,0.516,1.4,3.0,0.46,1.9,3.4,0.565,0.624,1.4,1.7,0.842,0.8,2.2,3.0,3.1,0.8,0.1,1.0,1.4,9.4
2020,nba smoy,Christian Wood,woodch01,24,0.0,17.0,500.0,0.034,False,NBA,Christian Wood,24.0,DET,PF,62.0,12.0,21.4,4.6,8.2,0.567,0.9,2.3,0.386,3.8,5.9,0.636,0.62,2.9,3.9,0.744,1.7,4.6,6.3,1.0,0.5,0.9,1.4,1.6,13.1
2020,nba smoy,Goran Dragić,dragigo01,33,0.0,6.0,500.0,0.012,False,NBA,Goran Dragić,33.0,MIA,PG,59.0,3.0,28.2,5.4,12.3,0.441,2.1,5.7,0.367,3.3,6.5,0.505,0.526,3.2,4.2,0.776,0.5,2.7,3.2,5.1,0.7,0.2,2.4,2.1,16.2
2020,nba smoy,Derrick Rose,rosede01,31,0.0,5.0,500.0,0.01,False,NBA,Derrick Rose,31.0,DET,PG,50.0,15.0,26.0,7.4,15.1,0.49,0.9,2.9,0.306,6.5,12.1,0.535,0.52,2.4,2.8,0.871,0.5,1.9,2.4,5.6,0.8,0.3,2.5,1.0,18.1
2020,nba smoy,Dāvis Bertāns,bertada01,27,0.0,2.0,500.0,0.004,False,NBA,Dāvis Bertāns,27.0,WAS,PF,54.0,4.0,29.3,4.9,11.3,0.434,3.7,8.7,0.424,1.2,2.6,0.471,0.598,1.9,2.3,0.852,0.6,3.9,4.5,1.7,0.7,0.6,1.1,2.6,15.4
2020,nba smoy,Dwight Howard,howardw01,34,0.0,1.0,500.0,0.002,False,NBA,Dwight Howard,34.0,LAL,C,69.0,2.0,18.9,2.9,4.0,0.729,0.0,0.1,0.6,2.9,3.9,0.732,0.735,1.6,3.1,0.514,2.5,4.9,7.3,0.7,0.4,1.1,1.2,3.2,7.5
2019,nba dpoy,Rudy Gobert,goberru01,26,65.0,411.0,500.0,0.822,True,NBA,Rudy Gobert,26.0,UTA,C,81.0,80.0,31.8,5.9,8.8,0.669,0.0,0.0,,5.9,8.8,0.669,0.669,4.1,6.4,0.636,3.8,9.0,12.9,2.0,0.8,2.3,1.6,2.9,15.9
2019,nba dpoy,Giannis Antetokounmpo,antetgi01,24,26.0,280.0,500.0,0.56,False,NBA,Giannis Antetokounmpo,24.0,MIL,PF,72.0,72.0,32.8,10.0,17.3,0.578,0.7,2.8,0.256,9.3,14.5,0.641,0.599,6.9,9.5,0.729,2.2,10.3,12.5,5.9,1.3,1.5,3.7,3.2,27.7
2019,nba dpoy,Paul George,georgpa01,28,6.0,150.0,500.0,0.3,False,NBA,Paul George,28.0,OKC,SF,77.0,77.0,36.9,9.2,21.0,0.438,3.8,9.8,0.386,5.4,11.1,0.484,0.529,5.9,7.0,0.839,1.4,6.8,8.2,4.1,2.2,0.4,2.7,2.8,28.0
2019,nba dpoy,Joel Embiid,embiijo01,24,1.0,26.0,500.0,0.052,False,NBA,Joel Embiid,24.0,PHI,C,64.0,64.0,33.7,9.1,18.7,0.484,1.2,4.1,0.3,7.8,14.6,0.535,0.517,8.2,10.1,0.804,2.5,11.1,13.6,3.7,0.7,1.9,3.5,3.3,27.5
2019,nba dpoy,Myles Turner,turnemy01,22,0.0,15.0,500.0,0.03,False,NBA,Myles Turner,22.0,IND,C,74.0,74.0,28.6,5.1,10.5,0.487,1.0,2.6,0.388,4.1,7.9,0.521,0.536,2.0,2.7,0.736,1.4,5.8,7.2,1.6,0.8,2.7,1.4,2.6,13.3
2019,nba dpoy,Draymond Green,greendr01,28,1.0,6.0,500.0,0.012,False,NBA,Draymond Green,28.0,GSW,PF,66.0,66.0,31.3,2.8,6.4,0.445,0.7,2.5,0.285,2.1,3.9,0.549,0.501,1.0,1.4,0.692,0.9,6.4,7.3,6.9,1.4,1.1,2.6,3.0,7.4
2019,nba dpoy,Kawhi Leonard,leonaka01,27,1.0,6.0,500.0,0.012,False,NBA,Kawhi Leonard,27.0,TOR,SF,60.0,60.0,34.0,9.3,18.8,0.496,1.9,5.0,0.371,7.5,13.8,0.542,0.546,6.1,7.1,0.854,1.3,6.0,7.3,3.3,1.8,0.4,2.0,1.5,26.6
2019,nba dpoy,Marcus Smart,smartma01,24,0.0,4.0,500.0,0.008,False,NBA,Marcus Smart,24.0,BOS,SG,80.0,60.0,27.5,3.0,7.1,0.422,1.6,4.3,0.364,1.4,2.8,0.511,0.533,1.3,1.6,0.806,0.7,2.2,2.9,4.0,1.8,0.4,1.5,2.5,8.9
2019,nba dpoy,Jarrett Allen,allenja01,20,0.0,1.0,500.0,0.002,False,NBA,Jarrett Allen,20.0,BRK,C,80.0,80.0,26.2,4.2,7.1,0.59,0.1,0.6,0.133,4.1,6.5,0.629,0.595,2.5,3.5,0.709,2.4,6.0,8.4,1.4,0.5,1.5,1.3,2.3,10.9
2019,nba dpoy,Patrick Beverley,beverpa01,30,0.0,1.0,500.0,0.002,False,NBA,Patrick Beverley,30.0,LAC,PG,78.0,49.0,27.4,2.5,6.1,0.407,1.4,3.6,0.397,1.1,2.5,0.421,0.524,1.2,1.6,0.78,1.0,4.0,5.0,3.8,0.9,0.6,1.1,3.4,7.6
2019,nba mip,Pascal Siakam,siakapa01,24,86.0,469.0,500.0,0.938,True,NBA,Pascal Siakam,24.0,TOR,PF,80.0,79.0,31.9,6.5,11.8,0.549,1.0,2.7,0.369,5.5,9.1,0.602,0.591,3.0,3.8,0.785,1.6,5.3,6.9,3.1,0.9,0.7,1.9,3.0,16.9
2019,nba mip,D'Angelo Russell,russeda01,22,12.0,255.0,500.0,0.51,False,NBA,D'Angelo Russell,22.0,BRK,PG,81.0,81.0,30.2,8.1,18.7,0.434,2.9,7.8,0.369,5.2,10.9,0.482,0.512,2.0,2.5,0.78,0.7,3.2,3.9,7.0,1.2,0.2,3.1,1.7,21.1
2019,nba mip,De'Aaron Fox,foxde01,21,1.0,77.0,500.0,0.154,False,NBA,De'Aaron Fox,21.0,SAC,PG,81.0,81.0,31.4,6.2,13.6,0.458,1.1,2.9,0.371,5.2,10.7,0.482,0.497,3.7,5.1,0.727,0.5,3.2,3.8,7.3,1.6,0.6,2.8,2.5,17.3
2019,nba mip,Buddy Hield,hieldbu01,26,0.0,22.0,500.0,0.044,False,NBA,Buddy Hield,26.0,SAC,SG,82.0,82.0,31.9,7.6,16.6,0.458,3.4,7.9,0.427,4.2,8.6,0.487,0.56,2.1,2.4,0.886,1.3,3.7,5.0,2.5,0.7,0.4,1.8,2.5,20.7
2019,nba mip,Nikola Vučević,vucevni01,28,0.0,20.0,500.0,0.04,False,NBA,Nikola Vučević,28.0,ORL,C,80.0,80.0,31.4,8.8,16.9,0.518,1.1,2.9,0.364,7.7,14.0,0.549,0.549,2.2,2.8,0.789,2.8,9.2,12.0,3.8,1.0,1.1,2.0,2.0,20.8
2019,nba mip,Domantas Sabonis,sabondo01,22,0.0,10.0,500.0,0.02,False,NBA,Domantas Sabonis,22.0,IND,C,74.0,5.0,24.8,5.6,9.5,0.59,0.1,0.2,0.529,5.5,9.2,0.592,0.596,2.8,3.9,0.715,2.5,6.8,9.3,2.9,0.6,0.4,2.2,3.2,14.1
2019,nba mip,Montrezl Harrell,harremo01,25,0.0,9.0,500.0,0.018,False,NBA,Montrezl Harrell,25.0,LAC,C,82.0,5.0,26.3,6.7,10.8,0.615,0.0,0.2,0.176,6.6,10.6,0.623,0.617,3.2,5.0,0.643,2.2,4.3,6.5,2.0,0.9,1.3,1.6,3.1,16.6
2019,nba mip,Derrick Rose,rosede01,30,1.0,8.0,500.0,0.016,False,NBA,Derrick Rose,30.0,MIN,PG,51.0,13.0,27.3,7.1,14.8,0.482,1.1,2.9,0.37,6.1,11.9,0.509,0.518,2.7,3.1,0.856,0.6,2.1,2.7,4.3,0.6,0.2,1.6,1.1,18.0
2019,nba mip,John Collins,collijo01,21,0.0,6.0,500.0,0.012,False,NBA,John Collins,21.0,ATL,PF,61.0,59.0,30.0,7.6,13.6,0.56,0.9,2.6,0.348,6.7,11.0,0.609,0.593,3.3,4.4,0.763,3.6,6.2,9.8,2.0,0.4,0.6,2.0,3.3,19.5
2019,nba mip,Giannis Antetokounmpo,antetgi01,24,0.0,4.0,500.0,0.008,False,NBA,Giannis Antetokounmpo,24.0,MIL,PF,72.0,72.0,32.8,10.0,17.3,0.578,0.7,2.8,0.256,9.3,14.5,0.641,0.599,6.9,9.5,0.729,2.2,10.3,12.5,5.9,1.3,1.5,3.7,3.2,27.7
2019,nba mip,Malik Beasley,beaslma01,22,0.0,3.0,500.0,0.006,False,NBA,Malik Beasley,22.0,DEN,SG,81.0,18.0,23.2,4.3,9.1,0.474,2.0,5.0,0.402,2.3,4.1,0.56,0.584,0.7,0.8,0.848,0.4,2.0,2.5,1.2,0.7,0.1,0.7,1.4,11.3
2019,nba mip,Danilo Gallinari,gallida01,30,0.0,3.0,500.0,0.006,False,NBA,Danilo Gallinari,30.0,LAC,SF,68.0,68.0,30.3,6.0,13.0,0.463,2.4,5.5,0.433,3.6,7.5,0.484,0.554,5.4,6.0,0.904,0.8,5.3,6.1,2.6,0.7,0.3,1.5,1.9,19.8
2019,nba mip,Paul George,georgpa01,28,0.0,3.0,500.0,0.006,False,NBA,Paul George,28.0,OKC,SF,77.0,77.0,36.9,9.2,21.0,0.438,3.8,9.8,0.386,5.4,11.1,0.484,0.529,5.9,7.0,0.839,1.4,6.8,8.2,4.1,2.2,0.4,2.7,2.8,28.0
2019,nba mip,Bojan Bogdanović,bogdabo02,29,0.0,2.0,500.0,0.004,False,NBA,Bojan Bogdanović,29.0,IND,SF,81.0,81.0,31.8,6.4,13.0,0.497,2.0,4.8,0.425,4.4,8.2,0.538,0.575,3.0,3.8,0.807,0.4,3.7,4.1,2.0,0.9,0.0,1.7,1.7,18.0
2019,nba mip,Thomas Bryant,bryanth01,21,0.0,2.0,500.0,0.004,False,NBA,Thomas Bryant,21.0,WAS,C,72.0,53.0,20.8,4.3,7.0,0.616,0.5,1.4,0.333,3.8,5.6,0.685,0.648,1.5,1.9,0.781,1.6,4.7,6.3,1.3,0.3,0.9,0.8,1.8,10.5
2019,nba mip,Willie Cauley-Stein,caulewi01,25,0.0,1.0,500.0,0.002,False,NBA,Willie Cauley-Stein,25.0,SAC,C,81.0,81.0,27.3,5.1,9.1,0.556,0.0,0.0,0.5,5.1,9.1,0.556,0.557,1.7,3.1,0.551,2.2,6.1,8.4,2.4,1.2,0.6,1.0,2.8,11.9
2019,nba mip,Spencer Dinwiddie,dinwisp01,25,0.0,1.0,500.0,0.002,False,NBA,Spencer Dinwiddie,25.0,BRK,PG,68.0,4.0,28.1,5.4,12.2,0.442,1.8,5.4,0.335,3.6,6.7,0.528,0.517,4.2,5.2,0.806,0.4,2.1,2.4,4.6,0.6,0.3,2.2,2.8,16.8
2019,nba mip,Bryn Forbes,forbebr01,25,0.0,1.0,500.0,0.002,False,NBA,Bryn Forbes,25.0,SAS,SG,82.0,81.0,28.0,4.4,9.6,0.456,2.1,5.0,0.426,2.3,4.6,0.489,0.568,0.8,1.0,0.885,0.2,2.7,2.9,2.1,0.5,0.0,1.0,1.9,11.8
2019,nba mip,Jerami Grant,grantje01,24,0.0,1.0,500.0,0.002,False,NBA,Jerami Grant,24.0,OKC,PF,80.0,77.0,32.7,5.1,10.3,0.497,1.4,3.7,0.392,3.7,6.6,0.555,0.567,2.0,2.8,0.71,1.2,4.0,5.2,1.0,0.8,1.3,0.8,2.7,13.6
2019,nba mip,Zach LaVine,lavinza01,23,0.0,1.0,500.0,0.002,False,NBA,Zach LaVine,23.0,CHI,SG,63.0,62.0,34.5,8.4,18.0,0.467,1.9,5.1,0.374,6.5,12.9,0.504,0.52,5.0,6.0,0.832,0.6,4.0,4.7,4.5,1.0,0.4,3.4,2.2,23.7
2019,nba mip,Josh Richardson,richajo01,25,0.0,1.0,500.0,0.002,False,NBA,Josh Richardson,25.0,MIA,SG,73.0,73.0,34.8,5.8,14.1,0.412,2.2,6.3,0.357,3.5,7.8,0.458,0.492,2.7,3.2,0.861,0.7,2.9,3.6,4.1,1.1,0.5,1.5,2.7,16.6
2019,nba mip,Derrick White,whitede01,24,0.0,1.0,500.0,0.002,False,NBA,Derrick White,24.0,SAS,PG,67.0,55.0,25.8,3.9,8.1,0.479,0.7,2.1,0.338,3.2,6.0,0.529,0.523,1.4,1.8,0.772,0.5,3.2,3.7,3.9,1.0,0.7,1.4,2.2,9.9
2019,nba mvp,Giannis Antetokounmpo,antetgi01,24,78.0,941.0,1010.0,0.932,True,NBA,Giannis Antetokounmpo,24.0,MIL,PF,72.0,72.0,32.8,10.0,17.3,0.578,0.7,2.8,0.256,9.3,14.5,0.641,0.599,6.9,9.5,0.729,2.2,10.3,12.5,5.9,1.3,1.5,3.7,3.2,27.7
2019,nba mvp,James Harden,hardeja01,29,23.0,776.0,1010.0,0.768,False,NBA,James Harden,29.0,HOU,PG,78.0,78.0,36.8,10.8,24.5,0.442,4.8,13.2,0.368,6.0,11.3,0.528,0.541,9.7,11.0,0.879,0.8,5.8,6.6,7.5,2.0,0.7,5.0,3.1,36.1
2019,nba mvp,Paul George,georgpa01,28,0.0,356.0,1010.0,0.352,False,NBA,Paul George,28.0,OKC,SF,77.0,77.0,36.9,9.2,21.0,0.438,3.8,9.8,0.386,5.4,11.1,0.484,0.529,5.9,7.0,0.839,1.4,6.8,8.2,4.1,2.2,0.4,2.7,2.8,28.0
2019,nba mvp,Nikola Jokić,jokicni01,23,0.0,212.0,1010.0,0.21,False,NBA,Nikola Jokić,23.0,DEN,C,80.0,80.0,31.3,7.7,15.1,0.511,1.0,3.4,0.307,6.7,11.7,0.569,0.545,3.6,4.4,0.821,2.9,8.0,10.8,7.3,1.4,0.7,3.1,2.9,20.1
2019,nba mvp,Stephen Curry,curryst01,30,0.0,175.0,1010.0,0.173,False,NBA,Stephen Curry,30.0,GSW,PG,69.0,69.0,33.8,9.2,19.4,0.472,5.1,11.7,0.437,4.0,7.7,0.525,0.604,3.8,4.2,0.916,0.7,4.7,5.3,5.2,1.3,0.4,2.8,2.4,27.3
2019,nba mvp,Damian Lillard,lillada01,28,0.0,69.0,1010.0,0.068,False,NBA,Damian Lillard,28.0,POR,PG,80.0,80.0,35.5,8.5,19.2,0.444,3.0,8.0,0.369,5.6,11.1,0.499,0.522,5.9,6.4,0.912,0.9,3.8,4.6,6.9,1.1,0.4,2.7,1.9,25.8
2019,nba mvp,Joel Embiid,embiijo01,24,0.0,49.0,1010.0,0.049,False,NBA,Joel Embiid,24.0,PHI,C,64.0,64.0,33.7,9.1,18.7,0.484,1.2,4.1,0.3,7.8,14.6,0.535,0.517,8.2,10.1,0.804,2.5,11.1,13.6,3.7,0.7,1.9,3.5,3.3,27.5
2019,nba mvp,Kevin Durant,duranke01,30,0.0,25.0,1010.0,0.025,False,NBA,Kevin Durant,30.0,GSW,SF,78.0,78.0,34.6,9.2,17.7,0.521,1.8,5.0,0.353,7.5,12.8,0.587,0.571,5.7,6.5,0.885,0.4,5.9,6.4,5.9,0.7,1.1,2.9,2.0,26.0
2019,nba mvp,Kawhi Leonard,leonaka01,27,0.0,13.0,1010.0,0.013,False,NBA,Kawhi Leonard,27.0,TOR,SF,60.0,60.0,34.0,9.3,18.8,0.496,1.9,5.0,0.371,7.5,13.8,0.542,0.546,6.1,7.1,0.854,1.3,6.0,7.3,3.3,1.8,0.4,2.0,1.5,26.6
2019,nba mvp,Russell Westbrook,westbru01,30,0.0,8.0,1010.0,0.008,False,NBA,Russell Westbrook,30.0,OKC,PG,73.0,73.0,36.0,8.6,20.2,0.428,1.6,5.6,0.29,7.0,14.5,0.481,0.468,4.1,6.2,0.656,1.5,9.6,11.1,10.7,1.9,0.5,4.5,3.4,22.9
2019,nba mvp,Rudy Gobert,goberru01,26,0.0,1.0,1010.0,0.001,False,NBA,Rudy Gobert,26.0,UTA,C,81.0,80.0,31.8,5.9,8.8,0.669,0.0,0.0,,5.9,8.8,0.669,0.669,4.1,6.4,0.636,3.8,9.0,12.9,2.0,0.8,2.3,1.6,2.9,15.9
2019,nba mvp,LeBron James,jamesle01,34,0.0,1.0,1010.0,0.001,False,NBA,LeBron James,34.0,LAL,SF,55.0,55.0,35.2,10.1,19.9,0.51,2.0,5.9,0.339,8.1,14.0,0.582,0.56,5.1,7.6,0.665,1.0,7.4,8.5,8.3,1.3,0.6,3.6,1.7,27.4
2019,nba roy,Luka Dončić,doncilu01,19,98.0,496.0,500.0,0.992,True,NBA,Luka Dončić,19.0,DAL,SG,72.0,72.0,32.2,7.0,16.5,0.427,2.3,7.1,0.327,4.7,9.3,0.503,0.497,4.8,6.7,0.713,1.2,6.6,7.8,6.0,1.1,0.3,3.4,1.9,21.2
2019,nba roy,Trae Young,youngtr01,20,2.0,301.0,500.0,0.602,False,NBA,Trae Young,20.0,ATL,PG,81.0,81.0,30.9,6.5,15.5,0.418,1.9,6.0,0.324,4.6,9.6,0.477,0.48,4.2,5.1,0.829,0.8,2.9,3.7,8.1,0.9,0.2,3.8,1.7,19.1
2019,nba roy,Deandre Ayton,aytonde01,20,0.0,66.0,500.0,0.132,False,NBA,Deandre Ayton,20.0,PHO,C,71.0,70.0,30.7,7.2,12.3,0.585,0.0,0.1,0.0,7.2,12.2,0.588,0.585,2.0,2.7,0.746,3.1,7.1,10.3,1.8,0.9,0.9,1.8,2.9,16.3
2019,nba roy,Jaren Jackson Jr.,jacksja02,19,0.0,12.0,500.0,0.024,False,NBA,Jaren Jackson Jr.,19.0,MEM,PF,58.0,56.0,26.1,5.1,10.2,0.506,0.9,2.4,0.359,4.3,7.7,0.553,0.549,2.6,3.4,0.766,1.3,3.4,4.7,1.1,0.9,1.4,1.7,3.8,13.8
2019,nba roy,Collin Sexton,sextoco01,20,0.0,10.0,500.0,0.02,False,NBA,Collin Sexton,20.0,CLE,PG,82.0,72.0,31.8,6.3,14.7,0.43,1.5,3.6,0.402,4.9,11.1,0.44,0.48,2.6,3.1,0.839,0.7,2.2,2.9,3.0,0.5,0.1,2.3,2.3,16.7
2019,nba roy,Shai Gilgeous-Alexander,gilgesh01,20,0.0,7.0,500.0,0.014,False,NBA,Shai Gilgeous-Alexander,20.0,LAC,PG,82.0,73.0,26.5,4.2,8.7,0.476,0.6,1.7,0.367,3.5,7.0,0.503,0.512,1.9,2.4,0.8,0.7,2.1,2.8,3.3,1.2,0.5,1.7,2.1,10.8
2019,nba roy,Marvin Bagley III,baglema01,19,0.0,6.0,500.0,0.012,False,NBA,Marvin Bagley III,19.0,SAC,PF,62.0,4.0,25.3,5.7,11.4,0.504,0.5,1.5,0.313,5.3,9.8,0.534,0.525,2.9,4.2,0.691,2.6,5.0,7.6,1.0,0.5,1.0,1.6,1.9,14.9
2019,nba roy,Josh Okogie,okogijo01,20,0.0,1.0,500.0,0.002,False,NBA,Josh Okogie,20.0,MIN,SG,74.0,52.0,23.7,2.6,6.9,0.386,0.8,2.9,0.279,1.8,4.0,0.464,0.445,1.6,2.2,0.728,0.6,2.4,2.9,1.2,1.2,0.4,0.9,2.2,7.7
2019,nba roy,Mitchell Robinson,robinmi01,20,0.0,1.0,500.0,0.002,False,NBA,Mitchell Robinson,20.0,NYK,C,66.0,19.0,20.6,3.1,4.4,0.694,0.0,0.0,,3.1,4.4,0.694,0.694,1.2,2.0,0.6,2.7,3.7,6.4,0.6,0.8,2.4,0.5,3.3,7.3
2019,nba smoy,Lou Williams,willilo02,32,96.0,489.0,500.0,0.978,True,NBA,Lou Williams,32.0,LAC,SG,75.0,1.0,26.6,6.5,15.2,0.425,1.4,3.9,0.361,5.1,11.3,0.447,0.471,5.7,6.5,0.876,0.5,2.4,3.0,5.4,0.8,0.1,2.4,1.1,20.0
2019,nba smoy,Domantas Sabonis,sabondo01,22,1.0,190.0,500.0,0.38,False,NBA,Domantas Sabonis,22.0,IND,C,74.0,5.0,24.8,5.6,9.5,0.59,0.1,0.2,0.529,5.5,9.2,0.592,0.596,2.8,3.9,0.715,2.5,6.8,9.3,2.9,0.6,0.4,2.2,3.2,14.1
2019,nba smoy,Montrezl Harrell,harremo01,25,2.0,142.0,500.0,0.284,False,NBA,Montrezl Harrell,25.0,LAC,C,82.0,5.0,26.3,6.7,10.8,0.615,0.0,0.2,0.176,6.6,10.6,0.623,0.617,3.2,5.0,0.643,2.2,4.3,6.5,2.0,0.9,1.3,1.6,3.1,16.6
2019,nba smoy,Spencer Dinwiddie,dinwisp01,25,0.0,34.0,500.0,0.068,False,NBA,Spencer Dinwiddie,25.0,BRK,PG,68.0,4.0,28.1,5.4,12.2,0.442,1.8,5.4,0.335,3.6,6.7,0.528,0.517,4.2,5.2,0.806,0.4,2.1,2.4,4.6,0.6,0.3,2.2,2.8,16.8
2019,nba smoy,Terrence Ross,rosste01,27,0.0,12.0,500.0,0.024,False,NBA,Terrence Ross,27.0,ORL,SG,81.0,0.0,26.5,5.4,12.7,0.428,2.7,7.0,0.383,2.8,5.7,0.484,0.534,1.6,1.8,0.875,0.3,3.1,3.5,1.7,0.9,0.4,1.1,1.5,15.1
2019,nba smoy,Derrick Rose,rosede01,30,0.0,11.0,500.0,0.022,False,NBA,Derrick Rose,30.0,MIN,PG,51.0,13.0,27.3,7.1,14.8,0.482,1.1,2.9,0.37,6.1,11.9,0.509,0.518,2.7,3.1,0.856,0.6,2.1,2.7,4.3,0.6,0.2,1.6,1.1,18.0
2019,nba smoy,Dwyane Wade,wadedw01,37,0.0,8.0,500.0,0.016,False,NBA,Dwyane Wade,37.0,MIA,SG,72.0,2.0,26.2,5.8,13.3,0.433,1.2,3.6,0.33,4.6,9.7,0.472,0.478,2.3,3.2,0.708,1.0,3.0,4.0,4.2,0.8,0.5,2.3,1.6,15.0
2019,nba smoy,Dennis Schröder,schrode01,25,1.0,5.0,500.0,0.01,False,NBA,Dennis Schröder,25.0,OKC,PG,79.0,14.0,29.3,5.8,14.0,0.414,1.6,4.6,0.341,4.2,9.4,0.45,0.47,2.4,2.9,0.819,0.5,3.1,3.6,4.1,0.8,0.2,2.2,2.4,15.5
2019,nba smoy,Monte Morris,morrimo01,23,0.0,3.0,500.0,0.006,False,NBA,Monte Morris,23.0,DEN,PG,82.0,6.0,24.0,4.2,8.6,0.493,1.1,2.8,0.414,3.1,5.8,0.531,0.56,0.8,1.0,0.802,0.4,1.9,2.4,3.6,0.9,0.0,0.6,1.2,10.4
2019,nba smoy,Andre Iguodala,iguodan01,35,0.0,2.0,500.0,0.004,False,NBA,Andre Iguodala,35.0,GSW,SF,68.0,13.0,23.2,2.2,4.4,0.5,0.7,2.1,0.333,1.5,2.3,0.652,0.579,0.6,1.0,0.582,0.7,3.0,3.7,3.2,0.9,0.8,0.8,1.4,5.7
2019,nba smoy,Malik Beasley,beaslma01,22,0.0,1.0,500.0,0.002,False,NBA,Malik Beasley,22.0,DEN,SG,81.0,18.0,23.2,4.3,9.1,0.474,2.0,5.0,0.402,2.3,4.1,0.56,0.584,0.7,0.8,0.848,0.4,2.0,2.5,1.2,0.7,0.1,0.7,1.4,11.3
2019,nba smoy,Dāvis Bertāns,bertada01,26,0.0,1.0,500.0,0.002,False,NBA,Dāvis Bertāns,26.0,SAS,PF,76.0,12.0,21.5,2.7,6.0,0.45,1.9,4.4,0.429,0.8,1.5,0.513,0.61,0.7,0.8,0.883,0.3,3.2,3.5,1.3,0.5,0.4,0.6,1.8,8.0
2019,nba smoy,Jae Crowder,crowdja01,28,0.0,1.0,500.0,0.002,False,NBA,Jae Crowder,28.0,UTA,SF,80.0,11.0,27.1,4.0,10.0,0.399,2.2,6.5,0.331,1.8,3.4,0.527,0.508,1.8,2.5,0.721,0.8,4.1,4.8,1.7,0.8,0.4,1.1,2.1,11.9
2019,nba smoy,Ed Davis,davised01,29,0.0,1.0,500.0,0.002,False,NBA,Ed Davis,29.0,BRK,C,81.0,1.0,17.9,2.3,3.7,0.616,0.0,0.0,0.0,2.3,3.7,0.62,0.616,1.2,2.0,0.617,2.7,5.9,8.6,0.8,0.4,0.4,0.8,2.8,5.8
2018,nba dpoy,Rudy Gobert,goberru01,25,89.0,466.0,505.0,0.923,True,NBA,Rudy Gobert,25.0,UTA,C,56.0,56.0,32.4,4.9,7.9,0.622,0.0,0.0,,4.9,7.9,0.622,0.622,3.6,5.3,0.682,2.9,7.8,10.7,1.4,0.8,2.3,1.9,2.7,13.5
2018,nba dpoy,Joel Embiid,embiijo01,23,2.0,163.0,505.0,0.323,False,NBA,Joel Embiid,23.0,PHI,C,63.0,63.0,30.3,8.1,16.8,0.483,1.0,3.4,0.308,7.0,13.4,0.527,0.514,5.7,7.4,0.769,2.3,8.7,11.0,3.2,0.6,1.8,3.7,3.3,22.9
2018,nba dpoy,Anthony Davis,davisan02,24,5.0,139.0,505.0,0.275,False,NBA,Anthony Davis,24.0,NOP,PF,75.0,75.0,36.4,10.4,19.5,0.534,0.7,2.2,0.34,9.7,17.3,0.558,0.552,6.6,8.0,0.828,2.5,8.6,11.1,2.3,1.5,2.6,2.2,2.1,28.1
2018,nba dpoy,Paul George,georgpa01,27,2.0,38.0,505.0,0.075,False,NBA,Paul George,27.0,OKC,SF,79.0,79.0,36.6,7.3,17.0,0.43,3.1,7.7,0.401,4.2,9.3,0.454,0.521,4.3,5.2,0.822,0.9,4.7,5.7,3.3,2.0,0.5,2.7,2.9,21.9
2018,nba dpoy,Al Horford,horfoal01,31,1.0,37.0,505.0,0.073,False,NBA,Al Horford,31.0,BOS,C,72.0,72.0,31.6,5.1,10.5,0.489,1.3,3.1,0.429,3.8,7.3,0.514,0.553,1.3,1.7,0.783,1.4,5.9,7.4,4.7,0.6,1.1,1.8,1.9,12.9
2018,nba dpoy,Draymond Green,greendr01,27,1.0,20.0,505.0,0.04,False,NBA,Draymond Green,27.0,GSW,PF,70.0,70.0,32.7,4.0,8.8,0.454,1.1,3.7,0.301,2.9,5.2,0.562,0.516,1.9,2.5,0.775,1.1,6.6,7.6,7.3,1.4,1.3,2.9,2.6,11.0
2018,nba dpoy,Jrue Holiday,holidjr01,27,1.0,11.0,505.0,0.022,False,NBA,Jrue Holiday,27.0,NOP,SG,81.0,81.0,36.1,7.6,15.4,0.494,1.5,4.4,0.337,6.1,11.0,0.557,0.543,2.3,2.9,0.786,0.8,3.7,4.5,6.0,1.5,0.8,2.6,2.5,19.0
2018,nba dpoy,Robert Covington,covinro01,27,0.0,8.0,505.0,0.016,False,NBA,Robert Covington,27.0,PHI,SF,80.0,80.0,31.7,4.3,10.5,0.413,2.5,6.9,0.369,1.8,3.6,0.497,0.534,1.5,1.7,0.853,0.7,4.7,5.4,2.0,1.7,0.9,1.6,3.0,12.6
2018,nba dpoy,Kevin Durant,duranke01,29,0.0,7.0,505.0,0.014,False,NBA,Kevin Durant,29.0,GSW,SF,68.0,68.0,34.2,9.3,18.0,0.516,2.5,6.1,0.419,6.7,11.9,0.565,0.586,5.3,5.9,0.889,0.5,6.4,6.8,5.4,0.7,1.8,3.0,2.0,26.4
2018,nba dpoy,Jaylen Brown,brownja02,21,0.0,5.0,505.0,0.01,False,NBA,Jaylen Brown,21.0,BOS,SG,70.0,70.0,30.7,5.3,11.5,0.465,1.7,4.4,0.395,3.6,7.1,0.507,0.54,2.1,3.3,0.644,0.9,4.0,4.9,1.6,1.0,0.4,1.8,2.6,14.5
2018,nba dpoy,Klay Thompson,thompkl01,27,0.0,4.0,505.0,0.008,False,NBA,Klay Thompson,27.0,GSW,SG,73.0,73.0,34.3,7.9,16.2,0.488,3.1,7.1,0.44,4.7,9.0,0.526,0.585,1.1,1.3,0.837,0.4,3.4,3.8,2.5,0.8,0.5,1.8,1.6,20.0
2018,nba dpoy,Steven Adams,adamsst01,24,0.0,3.0,505.0,0.006,False,NBA,Steven Adams,24.0,OKC,C,76.0,76.0,32.7,5.9,9.4,0.629,0.0,0.0,0.0,5.9,9.3,0.631,0.629,2.1,3.8,0.559,5.1,4.0,9.0,1.2,1.2,1.0,1.7,2.8,13.9
2018,nba dpoy,Jimmy Butler,butleji01,28,0.0,3.0,505.0,0.006,False,NBA,Jimmy Butler,28.0,MIN,SG,59.0,59.0,36.7,7.4,15.6,0.474,1.2,3.4,0.35,6.2,12.2,0.509,0.512,6.2,7.2,0.854,1.3,4.0,5.3,4.9,2.0,0.4,1.8,1.3,22.2
2018,nba dpoy,Clint Capela,capelca01,23,0.0,2.0,505.0,0.004,False,NBA,Clint Capela,23.0,HOU,C,74.0,74.0,27.5,6.0,9.1,0.652,0.0,0.0,0.0,6.0,9.1,0.653,0.652,1.9,3.5,0.56,3.3,7.6,10.8,0.9,0.8,1.9,1.4,2.5,13.9
2018,nba dpoy,Andre Drummond,drumman01,24,0.0,1.0,505.0,0.002,False,NBA,Andre Drummond,24.0,DET,C,78.0,78.0,33.7,6.0,11.3,0.529,0.0,0.1,0.0,6.0,11.2,0.536,0.529,3.1,5.1,0.605,5.1,10.9,16.0,3.0,1.5,1.6,2.6,3.2,15.0
2018,nba dpoy,Jusuf Nurkić,nurkiju01,23,0.0,1.0,505.0,0.002,False,NBA,Jusuf Nurkić,23.0,POR,C,79.0,79.0,26.4,6.1,12.0,0.505,0.0,0.1,0.0,6.1,11.9,0.508,0.505,2.2,3.5,0.63,2.4,6.6,9.0,1.8,0.8,1.4,2.3,3.1,14.3
2018,nba dpoy,Victor Oladipo,oladivi01,25,0.0,1.0,505.0,0.002,False,NBA,Victor Oladipo,25.0,IND,SG,75.0,75.0,34.0,8.5,17.9,0.477,2.1,5.8,0.371,6.4,12.1,0.528,0.537,3.9,4.9,0.799,0.6,4.6,5.2,4.3,2.4,0.8,2.9,2.3,23.1
2018,nba mip,Victor Oladipo,oladivi01,25,99.0,499.0,505.0,0.988,True,NBA,Victor Oladipo,25.0,IND,SG,75.0,75.0,34.0,8.5,17.9,0.477,2.1,5.8,0.371,6.4,12.1,0.528,0.537,3.9,4.9,0.799,0.6,4.6,5.2,4.3,2.4,0.8,2.9,2.3,23.1
2018,nba mip,Clint Capela,capelca01,23,1.0,99.0,505.0,0.196,False,NBA,Clint Capela,23.0,HOU,C,74.0,74.0,27.5,6.0,9.1,0.652,0.0,0.0,0.0,6.0,9.1,0.653,0.652,1.9,3.5,0.56,3.3,7.6,10.8,0.9,0.8,1.9,1.4,2.5,13.9
2018,nba mip,Spencer Dinwiddie,dinwisp01,24,1.0,50.0,505.0,0.099,False,NBA,Spencer Dinwiddie,24.0,BRK,PG,80.0,58.0,28.8,4.1,10.5,0.387,1.8,5.4,0.326,2.3,5.1,0.452,0.471,2.7,3.4,0.813,0.5,2.7,3.2,6.6,0.9,0.3,1.6,2.3,12.6
2018,nba mip,Andre Drummond,drumman01,24,0.0,46.0,505.0,0.091,False,NBA,Andre Drummond,24.0,DET,C,78.0,78.0,33.7,6.0,11.3,0.529,0.0,0.1,0.0,6.0,11.2,0.536,0.529,3.1,5.1,0.605,5.1,10.9,16.0,3.0,1.5,1.6,2.6,3.2,15.0
2018,nba mip,Julius Randle,randlju01,23,0.0,36.0,505.0,0.071,False,NBA,Julius Randle,23.0,LAL,C,82.0,49.0,26.7,6.1,11.0,0.558,0.1,0.5,0.222,6.0,10.5,0.575,0.563,3.7,5.2,0.718,2.2,5.8,8.0,2.6,0.5,0.5,2.6,3.3,16.1
2018,nba mip,Steven Adams,adamsst01,24,0.0,34.0,505.0,0.067,False,NBA,Steven Adams,24.0,OKC,C,76.0,76.0,32.7,5.9,9.4,0.629,0.0,0.0,0.0,5.9,9.3,0.631,0.629,2.1,3.8,0.559,5.1,4.0,9.0,1.2,1.2,1.0,1.7,2.8,13.9
2018,nba mip,Jaylen Brown,brownja02,21,0.0,32.0,505.0,0.063,False,NBA,Jaylen Brown,21.0,BOS,SG,70.0,70.0,30.7,5.3,11.5,0.465,1.7,4.4,0.395,3.6,7.1,0.507,0.54,2.1,3.3,0.644,0.9,4.0,4.9,1.6,1.0,0.4,1.8,2.6,14.5
2018,nba mip,Jamal Murray,murraja01,20,0.0,24.0,505.0,0.048,False,NBA,Jamal Murray,20.0,DEN,PG,81.0,80.0,31.7,5.9,13.1,0.451,2.0,5.4,0.378,3.9,7.7,0.502,0.529,2.8,3.1,0.905,1.0,2.7,3.7,3.4,1.0,0.3,2.1,2.1,16.7
2018,nba mip,DeMar DeRozan,derozde01,28,0.0,9.0,505.0,0.018,False,NBA,DeMar DeRozan,28.0,TOR,SG,80.0,80.0,33.9,8.1,17.7,0.456,1.1,3.6,0.31,7.0,14.1,0.494,0.488,5.8,7.0,0.825,0.7,3.2,3.9,5.2,1.1,0.3,2.2,1.9,23.0
2018,nba mip,Terry Rozier,roziete01,23,0.0,8.0,505.0,0.016,False,NBA,Terry Rozier,23.0,BOS,PG,80.0,16.0,25.9,4.0,10.0,0.395,1.9,5.0,0.381,2.0,5.0,0.41,0.491,1.4,1.9,0.772,0.8,3.9,4.7,2.9,1.0,0.2,1.0,1.5,11.3
2018,nba mip,Lou Williams,willilo02,31,0.0,8.0,505.0,0.016,False,NBA,Lou Williams,31.0,LAC,SG,79.0,19.0,32.8,7.4,16.9,0.435,2.4,6.6,0.359,5.0,10.4,0.484,0.505,5.5,6.2,0.88,0.5,2.0,2.5,5.3,1.1,0.2,3.0,1.3,22.6
2018,nba mip,Giannis Antetokounmpo,antetgi01,23,0.0,7.0,505.0,0.014,False,NBA,Giannis Antetokounmpo,23.0,MIL,PF,75.0,75.0,36.7,9.9,18.7,0.529,0.6,1.9,0.307,9.3,16.8,0.554,0.545,6.5,8.5,0.76,2.1,8.0,10.0,4.8,1.5,1.4,3.0,3.1,26.9
2018,nba mip,Nikola Jokić,jokicni01,22,0.0,6.0,505.0,0.012,False,NBA,Nikola Jokić,22.0,DEN,C,75.0,73.0,32.6,6.7,13.5,0.499,1.5,3.7,0.396,5.2,9.7,0.538,0.554,3.5,4.2,0.85,2.6,8.1,10.7,6.1,1.2,0.8,2.8,2.8,18.5
2018,nba mip,E'Twaun Moore,mooreet01,28,0.0,6.0,505.0,0.012,False,NBA,E'Twaun Moore,28.0,NOP,SG,82.0,80.0,31.5,5.2,10.1,0.508,1.6,3.7,0.425,3.6,6.5,0.556,0.585,0.6,0.8,0.706,0.7,2.2,2.9,2.3,1.0,0.1,1.2,2.2,12.5
2018,nba mip,Domantas Sabonis,sabondo01,21,0.0,6.0,505.0,0.012,False,NBA,Domantas Sabonis,21.0,IND,C,74.0,19.0,24.5,4.6,8.9,0.514,0.2,0.5,0.351,4.4,8.4,0.524,0.524,2.3,3.0,0.75,2.2,5.5,7.7,2.0,0.5,0.4,1.9,3.0,11.6
2018,nba mip,Fred VanVleet,vanvlfr01,23,0.0,6.0,505.0,0.012,False,NBA,Fred VanVleet,23.0,TOR,PG,76.0,0.0,20.0,3.1,7.2,0.426,1.4,3.4,0.414,1.6,3.7,0.437,0.525,1.1,1.3,0.832,0.3,2.1,2.4,3.2,0.9,0.3,1.0,1.7,8.6
2018,nba mip,Tyreke Evans,evansty01,28,0.0,4.0,505.0,0.008,False,NBA,Tyreke Evans,28.0,MEM,PG,52.0,32.0,30.9,7.0,15.6,0.452,2.2,5.5,0.399,4.8,10.1,0.482,0.523,3.2,4.0,0.785,0.8,4.3,5.1,5.2,1.1,0.3,2.3,1.8,19.4
2018,nba mip,Brandon Ingram,ingrabr01,20,0.0,4.0,505.0,0.008,False,NBA,Brandon Ingram,20.0,LAL,SF,59.0,59.0,33.5,6.1,12.9,0.47,0.7,1.8,0.39,5.4,11.1,0.483,0.497,3.3,4.8,0.681,1.0,4.4,5.3,3.9,0.8,0.7,2.5,2.8,16.1
2018,nba mip,Dejounte Murray,murrade01,21,0.0,4.0,505.0,0.008,False,NBA,Dejounte Murray,21.0,SAS,PG,81.0,48.0,21.5,3.3,7.5,0.443,0.1,0.4,0.265,3.2,7.1,0.454,0.451,1.3,1.8,0.709,1.4,4.3,5.7,2.9,1.2,0.4,1.7,1.9,8.1
2018,nba mip,Tobias Harris,harrito02,25,0.0,3.0,505.0,0.006,False,NBA,Tobias Harris,25.0,2TM,PF,80.0,80.0,33.4,7.0,15.3,0.46,2.3,5.6,0.411,4.7,9.7,0.488,0.535,2.2,2.7,0.829,0.7,4.7,5.5,2.4,0.9,0.4,1.3,2.1,18.6
2018,nba mip,Joe Ingles,inglejo01,30,0.0,3.0,505.0,0.006,False,NBA,Joe Ingles,30.0,UTA,SF,82.0,81.0,31.4,4.1,8.8,0.467,2.5,5.7,0.44,1.6,3.1,0.516,0.609,0.8,1.0,0.795,0.3,3.9,4.2,4.8,1.1,0.2,1.9,2.2,11.5
2018,nba mip,Dario Šarić,saricda01,23,0.0,3.0,505.0,0.006,False,NBA,Dario Šarić,23.0,PHI,PF,78.0,73.0,29.6,5.2,11.4,0.453,2.0,5.1,0.393,3.2,6.3,0.501,0.541,2.3,2.7,0.86,2.0,4.7,6.7,2.6,0.7,0.3,1.9,2.1,14.6
2018,nba mip,Kris Dunn,dunnkr01,23,0.0,2.0,505.0,0.004,False,NBA,Kris Dunn,23.0,CHI,PG,52.0,43.0,29.3,5.5,12.8,0.429,0.8,2.6,0.321,4.7,10.2,0.457,0.462,1.6,2.2,0.737,0.5,3.8,4.3,6.0,2.0,0.5,2.9,3.3,13.4
2018,nba mip,Aaron Gordon,gordoaa01,22,0.0,2.0,505.0,0.004,False,NBA,Aaron Gordon,22.0,ORL,PF,58.0,57.0,32.9,6.5,14.9,0.434,2.0,5.9,0.336,4.5,9.0,0.497,0.5,2.7,3.9,0.698,1.5,6.4,7.9,2.3,1.0,0.8,1.8,1.9,17.6
2018,nba mip,Montrezl Harrell,harremo01,24,0.0,1.0,505.0,0.002,False,NBA,Montrezl Harrell,24.0,LAC,C,76.0,3.0,17.0,4.6,7.2,0.635,0.0,0.1,0.143,4.6,7.1,0.641,0.636,1.8,2.9,0.626,1.4,2.7,4.0,1.0,0.5,0.7,0.9,1.9,11.0
2018,nba mip,Kristaps Porziņģis,porzikr01,22,0.0,1.0,505.0,0.002,False,NBA,Kristaps Porziņģis,22.0,NYK,PF,48.0,48.0,32.4,8.1,18.5,0.439,1.9,4.8,0.395,6.3,13.8,0.454,0.489,4.5,5.7,0.793,1.3,5.3,6.6,1.2,0.8,2.4,1.9,2.9,22.7
2018,nba mip,Taurean Prince,princta02,23,0.0,1.0,505.0,0.002,False,NBA,Taurean Prince,23.0,ATL,SF,82.0,82.0,30.0,5.1,11.9,0.426,2.1,5.6,0.385,2.9,6.3,0.461,0.516,1.9,2.2,0.844,0.6,4.1,4.7,2.6,1.0,0.5,2.3,2.0,14.1
2018,nba mip,Josh Richardson,richajo01,24,0.0,1.0,505.0,0.002,False,NBA,Josh Richardson,24.0,MIA,SF,81.0,81.0,33.2,4.9,10.9,0.451,1.6,4.1,0.378,3.4,6.8,0.495,0.523,1.5,1.8,0.845,0.9,2.7,3.5,2.9,1.5,0.9,1.7,2.5,12.9
2018,nba mip,Ricky Rubio,rubiori01,27,0.0,1.0,505.0,0.002,False,NBA,Ricky Rubio,27.0,UTA,PG,77.0,77.0,29.3,4.5,10.7,0.418,1.2,3.5,0.352,3.2,7.2,0.451,0.476,2.9,3.3,0.866,0.6,4.0,4.6,5.3,1.6,0.1,2.7,2.7,13.1
2018,nba mip,Pascal Siakam,siakapa01,23,0.0,1.0,505.0,0.002,False,NBA,Pascal Siakam,23.0,TOR,PF,81.0,5.0,20.7,3.1,6.1,0.508,0.4,1.6,0.22,2.8,4.5,0.612,0.537,0.7,1.1,0.621,1.0,3.5,4.5,2.0,0.8,0.5,0.8,2.0,7.3
2018,nba mip,Karl-Anthony Towns,townska01,22,0.0,1.0,505.0,0.002,False,NBA,Karl-Anthony Towns,22.0,MIN,C,82.0,82.0,35.6,7.8,14.3,0.545,1.5,3.5,0.421,6.3,10.8,0.585,0.596,4.2,4.9,0.858,2.9,9.4,12.3,2.4,0.8,1.4,1.9,3.5,21.3
2018,nba mip,T.J. Warren,warretj01,24,0.0,1.0,505.0,0.002,False,NBA,T.J. Warren,24.0,PHO,SF,65.0,65.0,33.0,8.1,16.4,0.498,0.3,1.4,0.222,7.8,15.0,0.523,0.507,3.0,3.9,0.757,1.9,3.2,5.1,1.3,1.0,0.6,1.3,2.3,19.6
2018,nba mvp,James Harden,hardeja01,28,86.0,965.0,1010.0,0.955,True,NBA,James Harden,28.0,HOU,SG,72.0,72.0,35.4,9.0,20.1,0.449,3.7,10.0,0.367,5.4,10.1,0.531,0.541,8.7,10.1,0.858,0.6,4.8,5.4,8.8,1.8,0.7,4.4,2.3,30.4
2018,nba mvp,LeBron James,jamesle01,33,15.0,738.0,1010.0,0.731,False,NBA,LeBron James,33.0,CLE,PF,82.0,82.0,36.9,10.5,19.3,0.542,1.8,5.0,0.367,8.6,14.3,0.603,0.59,4.7,6.5,0.731,1.2,7.5,8.6,9.1,1.4,0.9,4.2,1.7,27.5
2018,nba mvp,Anthony Davis,davisan02,24,0.0,445.0,1010.0,0.441,False,NBA,Anthony Davis,24.0,NOP,PF,75.0,75.0,36.4,10.4,19.5,0.534,0.7,2.2,0.34,9.7,17.3,0.558,0.552,6.6,8.0,0.828,2.5,8.6,11.1,2.3,1.5,2.6,2.2,2.1,28.1
2018,nba mvp,Damian Lillard,lillada01,27,0.0,207.0,1010.0,0.205,False,NBA,Damian Lillard,27.0,POR,PG,73.0,73.0,36.6,8.5,19.4,0.439,3.1,8.6,0.361,5.4,10.8,0.501,0.519,6.8,7.4,0.916,0.8,3.6,4.5,6.6,1.1,0.4,2.8,1.6,26.9
2018,nba mvp,Russell Westbrook,westbru01,29,0.0,76.0,1010.0,0.075,False,NBA,Russell Westbrook,29.0,OKC,PG,80.0,80.0,36.4,9.5,21.1,0.449,1.2,4.1,0.298,8.3,17.0,0.485,0.477,5.2,7.1,0.737,1.9,8.2,10.1,10.3,1.8,0.3,4.8,2.5,25.4
2018,nba mvp,Giannis Antetokounmpo,antetgi01,23,0.0,75.0,1010.0,0.074,False,NBA,Giannis Antetokounmpo,23.0,MIL,PF,75.0,75.0,36.7,9.9,18.7,0.529,0.6,1.9,0.307,9.3,16.8,0.554,0.545,6.5,8.5,0.76,2.1,8.0,10.0,4.8,1.5,1.4,3.0,3.1,26.9
2018,nba mvp,Kevin Durant,duranke01,29,0.0,66.0,1010.0,0.065,False,NBA,Kevin Durant,29.0,GSW,SF,68.0,68.0,34.2,9.3,18.0,0.516,2.5,6.1,0.419,6.7,11.9,0.565,0.586,5.3,5.9,0.889,0.5,6.4,6.8,5.4,0.7,1.8,3.0,2.0,26.4
2018,nba mvp,DeMar DeRozan,derozde01,28,0.0,32.0,1010.0,0.032,False,NBA,DeMar DeRozan,28.0,TOR,SG,80.0,80.0,33.9,8.1,17.7,0.456,1.1,3.6,0.31,7.0,14.1,0.494,0.488,5.8,7.0,0.825,0.7,3.2,3.9,5.2,1.1,0.3,2.2,1.9,23.0
2018,nba mvp,LaMarcus Aldridge,aldrila01,32,0.0,6.0,1010.0,0.006,False,NBA,LaMarcus Aldridge,32.0,SAS,C,75.0,75.0,33.5,9.2,18.0,0.51,0.4,1.2,0.293,8.8,16.7,0.526,0.52,4.5,5.3,0.837,3.3,5.2,8.5,2.0,0.6,1.2,1.5,2.1,23.1
2018,nba mvp,Jimmy Butler,butleji01,28,0.0,5.0,1010.0,0.005,False,NBA,Jimmy Butler,28.0,MIN,SG,59.0,59.0,36.7,7.4,15.6,0.474,1.2,3.4,0.35,6.2,12.2,0.509,0.512,6.2,7.2,0.854,1.3,4.0,5.3,4.9,2.0,0.4,1.8,1.3,22.2
2018,nba mvp,Stephen Curry,curryst01,29,0.0,5.0,1010.0,0.005,False,NBA,Stephen Curry,29.0,GSW,PG,51.0,51.0,32.0,8.4,16.9,0.495,4.2,9.8,0.423,4.2,7.1,0.595,0.618,5.5,5.9,0.921,0.7,4.4,5.1,6.1,1.6,0.2,3.0,2.2,26.4
2018,nba mvp,Joel Embiid,embiijo01,23,0.0,4.0,1010.0,0.004,False,NBA,Joel Embiid,23.0,PHI,C,63.0,63.0,30.3,8.1,16.8,0.483,1.0,3.4,0.308,7.0,13.4,0.527,0.514,5.7,7.4,0.769,2.3,8.7,11.0,3.2,0.6,1.8,3.7,3.3,22.9
2018,nba mvp,Victor Oladipo,oladivi01,25,0.0,2.0,1010.0,0.002,False,NBA,Victor Oladipo,25.0,IND,SG,75.0,75.0,34.0,8.5,17.9,0.477,2.1,5.8,0.371,6.4,12.1,0.528,0.537,3.9,4.9,0.799,0.6,4.6,5.2,4.3,2.4,0.8,2.9,2.3,23.1
2018,nba roy,Ben Simmons,simmobe01,21,90.0,481.0,505.0,0.952,True,NBA,Ben Simmons,21.0,PHI,PG,81.0,81.0,33.7,6.7,12.3,0.545,0.0,0.1,0.0,6.7,12.2,0.551,0.545,2.4,4.2,0.56,1.8,6.3,8.1,8.2,1.7,0.9,3.4,2.6,15.8
2018,nba roy,Donovan Mitchell,mitchdo01,21,11.0,323.0,505.0,0.64,False,NBA,Donovan Mitchell,21.0,UTA,SG,79.0,71.0,33.4,7.5,17.2,0.437,2.4,7.0,0.34,5.2,10.3,0.502,0.506,3.0,3.8,0.805,0.7,3.1,3.7,3.7,1.5,0.3,2.7,2.7,20.5
2018,nba roy,Jayson Tatum,tatumja01,19,0.0,101.0,505.0,0.2,False,NBA,Jayson Tatum,19.0,BOS,SF,80.0,80.0,30.5,5.0,10.4,0.475,1.3,3.0,0.434,3.7,7.4,0.492,0.538,2.7,3.2,0.826,0.6,4.4,5.0,1.6,1.0,0.7,1.4,2.1,13.9
2018,nba roy,Kyle Kuzma,kuzmaky01,22,0.0,3.0,505.0,0.006,False,NBA,Kyle Kuzma,22.0,LAL,PF,77.0,37.0,31.2,6.1,13.5,0.45,2.1,5.6,0.366,4.0,7.9,0.511,0.527,1.9,2.7,0.707,1.1,5.1,6.3,1.8,0.6,0.4,1.8,2.1,16.1
2018,nba roy,Dennis Smith Jr.,smithde03,20,0.0,1.0,505.0,0.002,False,NBA,Dennis Smith Jr.,20.0,DAL,PG,69.0,69.0,29.7,5.9,14.8,0.395,1.5,4.9,0.313,4.3,9.9,0.435,0.446,1.9,2.8,0.694,0.7,3.0,3.8,5.2,1.0,0.3,2.8,2.2,15.2
2018,nba smoy,Lou Williams,willilo02,31,97.0,495.0,505.0,0.98,True,NBA,Lou Williams,31.0,LAC,SG,79.0,19.0,32.8,7.4,16.9,0.435,2.4,6.6,0.359,5.0,10.4,0.484,0.505,5.5,6.2,0.88,0.5,2.0,2.5,5.3,1.1,0.2,3.0,1.3,22.6
2018,nba smoy,Eric Gordon,gordoer01,29,3.0,246.0,505.0,0.487,False,NBA,Eric Gordon,29.0,HOU,SG,69.0,30.0,31.2,6.0,14.1,0.428,3.2,8.8,0.359,2.9,5.2,0.544,0.54,2.8,3.5,0.809,0.4,2.1,2.5,2.2,0.6,0.4,1.9,1.7,18.0
2018,nba smoy,Fred VanVleet,vanvlfr01,23,1.0,64.0,505.0,0.127,False,NBA,Fred VanVleet,23.0,TOR,PG,76.0,0.0,20.0,3.1,7.2,0.426,1.4,3.4,0.414,1.6,3.7,0.437,0.525,1.1,1.3,0.832,0.3,2.1,2.4,3.2,0.9,0.3,1.0,1.7,8.6
2018,nba smoy,Will Barton,bartowi01,27,0.0,62.0,505.0,0.123,False,NBA,Will Barton,27.0,DEN,SG,81.0,40.0,33.1,5.7,12.7,0.452,1.9,5.2,0.37,3.8,7.5,0.51,0.528,2.2,2.8,0.805,0.9,4.2,5.0,4.1,1.0,0.6,1.8,2.1,15.7
2018,nba smoy,Wayne Ellington,ellinwa01,30,0.0,9.0,505.0,0.018,False,NBA,Wayne Ellington,30.0,MIA,SG,77.0,2.0,26.5,3.7,9.1,0.407,2.9,7.5,0.392,0.8,1.6,0.479,0.569,0.9,1.0,0.859,0.3,2.5,2.8,1.0,0.7,0.1,0.7,1.2,11.2
2018,nba smoy,Kelly Olynyk,olynyke01,26,0.0,7.0,505.0,0.014,False,NBA,Kelly Olynyk,26.0,MIA,PF,76.0,22.0,23.4,4.2,8.4,0.497,1.4,3.7,0.379,2.8,4.7,0.59,0.58,1.8,2.3,0.77,1.2,4.5,5.7,2.7,0.8,0.5,1.9,2.9,11.5
2018,nba smoy,Jordan Clarkson,clarkjo01,25,0.0,5.0,505.0,0.01,False,NBA,Jordan Clarkson,25.0,2TM,SG,81.0,2.0,23.3,5.3,11.8,0.451,1.4,3.9,0.352,3.9,7.9,0.5,0.509,1.9,2.3,0.8,0.7,2.0,2.7,2.7,0.7,0.1,1.6,1.3,13.9
2018,nba smoy,Nikola Mirotić,mirotni01,26,0.0,5.0,505.0,0.01,False,NBA,Nikola Mirotić,26.0,2TM,PF,55.0,14.0,27.2,5.6,12.4,0.447,2.5,6.5,0.377,3.1,5.9,0.525,0.546,2.0,2.5,0.818,1.1,6.3,7.4,1.5,0.8,0.7,1.1,2.0,15.6
2018,nba smoy,Kyle Kuzma,kuzmaky01,22,0.0,4.0,505.0,0.008,False,NBA,Kyle Kuzma,22.0,LAL,PF,77.0,37.0,31.2,6.1,13.5,0.45,2.1,5.6,0.366,4.0,7.9,0.511,0.527,1.9,2.7,0.707,1.1,5.1,6.3,1.8,0.6,0.4,1.8,2.1,16.1
2018,nba smoy,Terry Rozier,roziete01,23,0.0,3.0,505.0,0.006,False,NBA,Terry Rozier,23.0,BOS,PG,80.0,16.0,25.9,4.0,10.0,0.395,1.9,5.0,0.381,2.0,5.0,0.41,0.491,1.4,1.9,0.772,0.8,3.9,4.7,2.9,1.0,0.2,1.0,1.5,11.3
2018,nba smoy,Dwyane Wade,wadedw01,36,0.0,3.0,505.0,0.006,False,NBA,Dwyane Wade,36.0,2TM,SG,67.0,3.0,22.9,4.5,10.2,0.438,0.5,1.7,0.288,4.0,8.5,0.468,0.462,2.0,2.8,0.714,0.7,3.0,3.8,3.4,0.9,0.7,2.1,1.9,11.4
2018,nba smoy,J.J. Barea,bareajo01,33,0.0,1.0,505.0,0.002,False,NBA,J.J. Barea,33.0,DAL,PG,69.0,11.0,23.2,4.4,10.0,0.439,1.7,4.5,0.367,2.7,5.5,0.499,0.522,1.2,1.5,0.784,0.2,2.7,2.9,6.3,0.5,0.0,2.1,1.2,11.6
2018,nba smoy,Marco Belinelli,belinma01,31,0.0,1.0,505.0,0.002,False,NBA,Marco Belinelli,31.0,2TM,SG,80.0,2.0,24.3,4.2,9.6,0.441,1.9,4.9,0.377,2.4,4.6,0.509,0.539,1.9,2.0,0.908,0.3,1.6,1.9,1.9,0.8,0.2,1.2,1.1,12.1
2018,nba smoy,Rodney Hood,hoodro01,25,0.0,1.0,505.0,0.002,False,NBA,Rodney Hood,25.0,2TM,SG,60.0,23.0,26.9,5.4,12.5,0.429,2.1,5.6,0.381,3.3,7.0,0.467,0.513,1.9,2.2,0.86,0.4,2.4,2.8,1.6,0.8,0.2,1.2,1.8,14.7
2018,nba smoy,Luc Mbah a Moute,mbahalu01,31,0.0,1.0,505.0,0.002,False,NBA,Luc Mbah a Moute,31.0,HOU,PF,61.0,15.0,25.6,2.7,5.7,0.481,1.0,2.8,0.364,1.7,2.8,0.599,0.572,1.1,1.6,0.684,0.4,2.7,3.0,0.9,1.2,0.4,1.1,1.6,7.5
2018,nba smoy,Jakob Poeltl,poeltja01,22,0.0,1.0,505.0,0.002,False,NBA,Jakob Poeltl,22.0,TOR,C,82.0,0.0,18.6,3.1,4.7,0.659,0.0,0.0,0.5,3.1,4.7,0.66,0.66,0.7,1.2,0.594,2.0,2.8,4.8,0.7,0.5,1.2,1.0,2.6,6.9
2018,nba smoy,Tomáš Satoranský,satorto01,26,0.0,1.0,505.0,0.002,False,NBA,Tomáš Satoranský,26.0,WAS,SG,73.0,30.0,22.5,2.8,5.3,0.523,0.6,1.4,0.465,2.1,3.9,0.544,0.585,1.0,1.3,0.781,1.0,2.2,3.2,3.9,0.7,0.2,1.1,1.8,7.2
2017,nba dpoy,Draymond Green,greendr01,26,73.0,434.0,500.0,0.868,True,NBA,Draymond Green,26.0,GSW,PF,76.0,76.0,32.5,3.6,8.6,0.418,1.1,3.5,0.308,2.5,5.1,0.494,0.481,2.0,2.8,0.709,1.3,6.6,7.9,7.0,2.0,1.4,2.4,2.9,10.2
2017,nba dpoy,Rudy Gobert,goberru01,24,16.0,269.0,500.0,0.538,False,NBA,Rudy Gobert,24.0,UTA,C,81.0,81.0,33.9,5.1,7.7,0.661,0.0,0.0,0.0,5.1,7.7,0.662,0.661,3.8,5.9,0.653,3.9,8.9,12.8,1.2,0.6,2.6,1.8,3.0,14.0
2017,nba dpoy,Kawhi Leonard,leonaka01,25,11.0,182.0,500.0,0.364,False,NBA,Kawhi Leonard,25.0,SAS,SF,74.0,74.0,33.4,8.6,17.7,0.485,2.0,5.2,0.38,6.6,12.5,0.529,0.541,6.3,7.2,0.88,1.1,4.7,5.8,3.5,1.8,0.7,2.1,1.6,25.5
2017,nba dpoy,Robert Covington,covinro01,26,0.0,4.0,500.0,0.008,False,NBA,Robert Covington,26.0,PHI,SF,67.0,67.0,31.6,4.4,10.9,0.399,2.0,6.1,0.333,2.3,4.8,0.484,0.492,2.1,2.6,0.822,1.4,5.1,6.5,1.5,1.9,1.0,2.0,3.0,12.9
2017,nba dpoy,LeBron James,jamesle01,32,0.0,3.0,500.0,0.006,False,NBA,LeBron James,32.0,CLE,SF,74.0,74.0,37.8,9.9,18.2,0.548,1.7,4.6,0.363,8.3,13.5,0.611,0.594,4.8,7.2,0.674,1.3,7.3,8.6,8.7,1.2,0.6,4.1,1.8,26.4
2017,nba dpoy,Andre Roberson,roberan03,25,0.0,3.0,500.0,0.006,False,NBA,Andre Roberson,25.0,OKC,SF,79.0,79.0,30.1,2.7,5.9,0.464,0.6,2.3,0.245,2.2,3.5,0.609,0.513,0.6,1.4,0.423,1.2,3.9,5.1,1.0,1.2,1.0,0.6,2.6,6.6
2017,nba dpoy,Hassan Whiteside,whiteha01,27,0.0,3.0,500.0,0.006,False,NBA,Hassan Whiteside,27.0,MIA,C,77.0,77.0,32.6,7.0,12.6,0.557,0.0,0.0,,7.0,12.6,0.557,0.557,2.9,4.6,0.628,3.8,10.3,14.1,0.7,0.7,2.1,2.0,2.9,17.0
2017,nba dpoy,LaMarcus Aldridge,aldrila01,31,0.0,1.0,500.0,0.002,False,NBA,LaMarcus Aldridge,31.0,SAS,PF,72.0,72.0,32.4,6.9,14.6,0.477,0.3,0.8,0.411,6.6,13.8,0.48,0.488,3.1,3.8,0.812,2.4,4.9,7.3,1.9,0.6,1.2,1.4,2.2,17.3
2017,nba dpoy,Patrick Beverley,beverpa01,28,0.0,1.0,500.0,0.002,False,NBA,Patrick Beverley,28.0,HOU,SG,67.0,67.0,30.7,3.4,8.1,0.42,1.6,4.3,0.382,1.8,3.8,0.463,0.521,1.1,1.4,0.768,1.4,4.4,5.9,4.2,1.5,0.4,1.5,3.3,9.5
2017,nba mip,Giannis Antetokounmpo,antetgi01,22,80.0,428.0,500.0,0.856,True,NBA,Giannis Antetokounmpo,22.0,MIL,SF,80.0,80.0,35.6,8.2,15.7,0.521,0.6,2.3,0.272,7.6,13.5,0.563,0.541,5.9,7.7,0.77,1.8,7.0,8.8,5.4,1.6,1.9,2.9,3.1,22.9
2017,nba mip,Nikola Jokić,jokicni01,21,14.0,161.0,500.0,0.322,False,NBA,Nikola Jokić,21.0,DEN,C,73.0,59.0,27.9,6.8,11.7,0.578,0.6,1.9,0.324,6.2,9.8,0.628,0.605,2.6,3.1,0.825,2.9,6.9,9.8,4.9,0.8,0.8,2.3,2.9,16.7
2017,nba mip,Rudy Gobert,goberru01,24,1.0,113.0,500.0,0.226,False,NBA,Rudy Gobert,24.0,UTA,C,81.0,81.0,33.9,5.1,7.7,0.661,0.0,0.0,0.0,5.1,7.7,0.662,0.661,3.8,5.9,0.653,3.9,8.9,12.8,1.2,0.6,2.6,1.8,3.0,14.0
2017,nba mip,Otto Porter Jr.,porteot01,23,1.0,43.0,500.0,0.086,False,NBA,Otto Porter Jr.,23.0,WAS,SF,80.0,80.0,32.6,5.2,10.0,0.516,1.9,4.3,0.434,3.3,5.8,0.576,0.608,1.2,1.5,0.832,1.5,5.0,6.4,1.5,1.5,0.5,0.6,2.4,13.4
2017,nba mip,Isaiah Thomas,thomais02,27,0.0,35.0,500.0,0.07,False,NBA,Isaiah Thomas,27.0,BOS,PG,76.0,76.0,33.8,9.0,19.4,0.463,3.2,8.5,0.379,5.8,10.9,0.528,0.546,7.8,8.5,0.909,0.6,2.1,2.7,5.9,0.9,0.2,2.8,2.2,28.9
2017,nba mip,James Johnson,johnsja01,29,1.0,34.0,500.0,0.068,False,NBA,James Johnson,29.0,MIA,PF,76.0,5.0,27.4,4.8,10.1,0.479,1.1,3.4,0.34,3.7,6.8,0.548,0.535,2.0,2.8,0.707,0.9,4.1,4.9,3.6,1.0,1.1,2.3,2.6,12.8
2017,nba mip,Bradley Beal,bealbr01,23,1.0,19.0,500.0,0.038,False,NBA,Bradley Beal,23.0,WAS,SG,77.0,77.0,34.9,8.3,17.2,0.482,2.9,7.2,0.404,5.4,10.0,0.538,0.566,3.7,4.4,0.825,0.7,2.4,3.1,3.5,1.1,0.3,2.0,2.2,23.1
2017,nba mip,Devin Booker,bookede01,20,1.0,18.0,500.0,0.036,False,NBA,Devin Booker,20.0,PHO,SG,78.0,78.0,35.0,7.8,18.3,0.423,1.9,5.2,0.363,5.9,13.2,0.447,0.475,4.7,5.7,0.832,0.6,2.6,3.2,3.4,0.9,0.3,3.1,3.1,22.1
2017,nba mip,Tim Hardaway Jr.,hardati02,24,0.0,14.0,500.0,0.028,False,NBA,Tim Hardaway Jr.,24.0,ATL,SG,79.0,30.0,27.3,5.3,11.5,0.455,1.9,5.3,0.357,3.4,6.3,0.537,0.537,2.1,2.7,0.766,0.4,2.4,2.8,2.3,0.7,0.2,1.3,1.3,14.5
2017,nba mip,Mike Conley,conlemi01,29,1.0,5.0,500.0,0.01,False,NBA,Mike Conley,29.0,MEM,PG,69.0,68.0,33.2,6.7,14.6,0.46,2.5,6.1,0.408,4.2,8.6,0.497,0.545,4.6,5.3,0.859,0.4,3.0,3.5,6.3,1.3,0.3,2.3,1.8,20.5
2017,nba mip,Dion Waiters,waitedi01,25,0.0,4.0,500.0,0.008,False,NBA,Dion Waiters,25.0,MIA,SG,46.0,43.0,30.1,6.1,14.4,0.424,1.8,4.7,0.395,4.3,9.7,0.438,0.488,1.8,2.8,0.646,0.4,2.9,3.3,4.3,0.9,0.4,2.2,2.1,15.8
2017,nba mip,Gordon Hayward,haywago01,26,0.0,3.0,500.0,0.006,False,NBA,Gordon Hayward,26.0,UTA,SF,73.0,73.0,34.5,7.5,15.8,0.471,2.0,5.1,0.398,5.4,10.7,0.506,0.536,5.0,5.9,0.844,0.7,4.7,5.4,3.5,1.0,0.3,1.9,1.6,21.9
2017,nba mip,Jusuf Nurkić,nurkiju01,22,0.0,3.0,500.0,0.006,False,NBA,Jusuf Nurkić,22.0,2TM,C,65.0,48.0,21.4,4.2,8.2,0.507,0.0,0.0,0.0,4.2,8.2,0.508,0.507,1.8,3.2,0.571,2.4,4.8,7.2,1.9,0.8,1.1,2.2,2.5,10.2
2017,nba mip,Kristaps Porziņģis,porzikr01,21,0.0,3.0,500.0,0.006,False,NBA,Kristaps Porziņģis,21.0,NYK,PF,66.0,65.0,32.8,6.7,14.9,0.45,1.7,4.8,0.357,5.0,10.2,0.493,0.507,3.0,3.8,0.786,1.7,5.5,7.2,1.5,0.7,2.0,1.8,3.7,18.1
2017,nba mip,Dennis Schröder,schrode01,23,0.0,3.0,500.0,0.006,False,NBA,Dennis Schröder,23.0,ATL,PG,79.0,78.0,31.5,6.9,15.4,0.451,1.3,3.7,0.34,5.7,11.6,0.487,0.493,2.8,3.2,0.855,0.5,2.6,3.1,6.3,0.9,0.2,3.3,1.9,17.9
2017,nba mip,Harrison Barnes,barneha02,24,0.0,2.0,500.0,0.004,False,NBA,Harrison Barnes,24.0,DAL,PF,79.0,79.0,35.5,7.6,16.2,0.468,1.0,2.8,0.351,6.6,13.4,0.492,0.498,3.1,3.6,0.861,1.2,3.8,5.0,1.5,0.8,0.2,1.3,1.6,19.2
2017,nba mip,Seth Curry,curryse01,26,0.0,2.0,500.0,0.004,False,NBA,Seth Curry,26.0,DAL,PG,70.0,42.0,29.0,4.8,10.0,0.481,2.0,4.6,0.425,2.9,5.4,0.528,0.578,1.2,1.4,0.85,0.4,2.2,2.6,2.7,1.1,0.1,1.3,1.8,12.8
2017,nba mip,Gary Harris,harriga01,22,0.0,2.0,500.0,0.004,False,NBA,Gary Harris,22.0,DEN,SG,57.0,56.0,31.3,5.6,11.2,0.502,1.9,4.5,0.42,3.7,6.7,0.558,0.586,1.8,2.4,0.776,0.8,2.3,3.1,2.9,1.2,0.1,1.3,1.6,14.9
2017,nba mip,Myles Turner,turnemy01,20,0.0,2.0,500.0,0.004,False,NBA,Myles Turner,20.0,IND,C,81.0,81.0,31.4,5.5,10.7,0.511,0.5,1.4,0.348,5.0,9.3,0.536,0.534,3.0,3.7,0.809,1.7,5.6,7.3,1.3,0.9,2.1,1.3,3.2,14.5
2017,nba mip,Avery Bradley,bradlav01,26,0.0,1.0,500.0,0.002,False,NBA,Avery Bradley,26.0,BOS,SG,55.0,55.0,33.4,6.5,14.1,0.463,2.0,5.0,0.39,4.6,9.1,0.504,0.533,1.2,1.7,0.731,1.2,4.9,6.1,2.2,1.2,0.2,1.6,2.6,16.3
2017,nba mip,Clint Capela,capelca01,22,0.0,1.0,500.0,0.002,False,NBA,Clint Capela,22.0,HOU,C,65.0,59.0,23.9,5.6,8.7,0.643,0.0,0.0,,5.6,8.7,0.643,0.643,1.4,2.7,0.531,2.7,5.4,8.1,1.0,0.5,1.2,1.3,2.8,12.6
2017,nba mip,DeMar DeRozan,derozde01,27,0.0,1.0,500.0,0.002,False,NBA,DeMar DeRozan,27.0,TOR,SG,74.0,74.0,35.4,9.7,20.9,0.467,0.4,1.7,0.266,9.3,19.2,0.484,0.477,7.4,8.7,0.842,0.9,4.3,5.2,3.9,1.1,0.2,2.4,1.8,27.3
2017,nba mip,Joe Ingles,inglejo01,29,0.0,1.0,500.0,0.002,False,NBA,Joe Ingles,29.0,UTA,SF,82.0,26.0,24.0,2.5,5.5,0.452,1.5,3.4,0.441,1.0,2.1,0.471,0.589,0.6,0.8,0.735,0.3,2.9,3.2,2.7,1.2,0.1,1.3,2.0,7.1
2017,nba mip,John Wall,walljo01,26,0.0,1.0,500.0,0.002,False,NBA,John Wall,26.0,WAS,PG,78.0,78.0,36.4,8.3,18.4,0.451,1.1,3.5,0.327,7.2,14.9,0.48,0.482,5.4,6.8,0.801,0.8,3.4,4.2,10.7,2.0,0.6,4.1,1.9,23.1
2017,nba mip,Hassan Whiteside,whiteha01,27,0.0,1.0,500.0,0.002,False,NBA,Hassan Whiteside,27.0,MIA,C,77.0,77.0,32.6,7.0,12.6,0.557,0.0,0.0,,7.0,12.6,0.557,0.557,2.9,4.6,0.628,3.8,10.3,14.1,0.7,0.7,2.1,2.0,2.9,17.0
2017,nba mvp,Russell Westbrook,westbru01,28,69.0,888.0,1010.0,0.879,True,NBA,Russell Westbrook,28.0,OKC,PG,81.0,81.0,34.6,10.2,24.0,0.425,2.5,7.2,0.343,7.7,16.8,0.459,0.476,8.8,10.4,0.845,1.7,9.0,10.7,10.4,1.6,0.4,5.4,2.3,31.6
2017,nba mvp,James Harden,hardeja01,27,22.0,753.0,1010.0,0.746,False,NBA,James Harden,27.0,HOU,PG,81.0,81.0,36.4,8.3,18.9,0.44,3.2,9.3,0.347,5.1,9.6,0.53,0.525,9.2,10.9,0.847,1.2,7.0,8.1,11.2,1.5,0.5,5.7,2.7,29.1
2017,nba mvp,Kawhi Leonard,leonaka01,25,9.0,500.0,1010.0,0.495,False,NBA,Kawhi Leonard,25.0,SAS,SF,74.0,74.0,33.4,8.6,17.7,0.485,2.0,5.2,0.38,6.6,12.5,0.529,0.541,6.3,7.2,0.88,1.1,4.7,5.8,3.5,1.8,0.7,2.1,1.6,25.5
2017,nba mvp,LeBron James,jamesle01,32,1.0,333.0,1010.0,0.33,False,NBA,LeBron James,32.0,CLE,SF,74.0,74.0,37.8,9.9,18.2,0.548,1.7,4.6,0.363,8.3,13.5,0.611,0.594,4.8,7.2,0.674,1.3,7.3,8.6,8.7,1.2,0.6,4.1,1.8,26.4
2017,nba mvp,Isaiah Thomas,thomais02,27,0.0,81.0,1010.0,0.08,False,NBA,Isaiah Thomas,27.0,BOS,PG,76.0,76.0,33.8,9.0,19.4,0.463,3.2,8.5,0.379,5.8,10.9,0.528,0.546,7.8,8.5,0.909,0.6,2.1,2.7,5.9,0.9,0.2,2.8,2.2,28.9
2017,nba mvp,Stephen Curry,curryst01,28,0.0,52.0,1010.0,0.051,False,NBA,Stephen Curry,28.0,GSW,PG,79.0,79.0,33.4,8.5,18.3,0.468,4.1,10.0,0.411,4.4,8.3,0.537,0.58,4.1,4.6,0.898,0.8,3.7,4.5,6.6,1.8,0.2,3.0,2.3,25.3
2017,nba mvp,Giannis Antetokounmpo,antetgi01,22,0.0,7.0,1010.0,0.007,False,NBA,Giannis Antetokounmpo,22.0,MIL,SF,80.0,80.0,35.6,8.2,15.7,0.521,0.6,2.3,0.272,7.6,13.5,0.563,0.541,5.9,7.7,0.77,1.8,7.0,8.8,5.4,1.6,1.9,2.9,3.1,22.9
2017,nba mvp,John Wall,walljo01,26,0.0,7.0,1010.0,0.007,False,NBA,John Wall,26.0,WAS,PG,78.0,78.0,36.4,8.3,18.4,0.451,1.1,3.5,0.327,7.2,14.9,0.48,0.482,5.4,6.8,0.801,0.8,3.4,4.2,10.7,2.0,0.6,4.1,1.9,23.1
2017,nba mvp,Anthony Davis,davisan02,23,0.0,2.0,1010.0,0.002,False,NBA,Anthony Davis,23.0,NOP,C,75.0,75.0,36.1,10.3,20.3,0.505,0.5,1.8,0.299,9.7,18.6,0.524,0.518,6.9,8.6,0.802,2.3,9.5,11.8,2.1,1.3,2.2,2.4,2.2,28.0
2017,nba mvp,Kevin Durant,duranke01,28,0.0,2.0,1010.0,0.002,False,NBA,Kevin Durant,28.0,GSW,PF,62.0,62.0,33.4,8.9,16.5,0.537,1.9,5.0,0.375,7.0,11.5,0.608,0.594,5.4,6.2,0.875,0.6,7.6,8.3,4.8,1.1,1.6,2.2,1.9,25.1
2017,nba mvp,DeMar DeRozan,derozde01,27,0.0,1.0,1010.0,0.001,False,NBA,DeMar DeRozan,27.0,TOR,SG,74.0,74.0,35.4,9.7,20.9,0.467,0.4,1.7,0.266,9.3,19.2,0.484,0.477,7.4,8.7,0.842,0.9,4.3,5.2,3.9,1.1,0.2,2.4,1.8,27.3
2017,nba roy,Malcolm Brogdon,brogdma01,24,64.0,414.0,500.0,0.828,True,NBA,Malcolm Brogdon,24.0,MIL,SG,75.0,28.0,26.4,3.9,8.5,0.457,1.0,2.6,0.404,2.8,5.9,0.48,0.518,1.5,1.7,0.865,0.6,2.2,2.8,4.2,1.1,0.2,1.5,1.9,10.2
2017,nba roy,Dario Šarić,saricda01,22,13.0,266.0,500.0,0.532,False,NBA,Dario Šarić,22.0,PHI,PF,81.0,36.0,26.3,4.7,11.4,0.411,1.3,4.2,0.311,3.4,7.2,0.469,0.468,2.1,2.7,0.782,1.4,5.0,6.3,2.2,0.7,0.4,2.3,2.0,12.8
2017,nba roy,Joel Embiid,embiijo01,22,23.0,177.0,500.0,0.354,False,NBA,Joel Embiid,22.0,PHI,C,31.0,31.0,25.4,6.5,13.8,0.466,1.2,3.2,0.367,5.3,10.7,0.495,0.508,6.2,7.9,0.783,2.0,5.9,7.8,2.1,0.9,2.5,3.8,3.6,20.2
2017,nba roy,Buddy Hield,hieldbu01,24,0.0,21.0,500.0,0.042,False,NBA,Buddy Hield,24.0,2TM,SG,82.0,55.0,23.0,4.0,9.4,0.426,1.8,4.6,0.391,2.2,4.7,0.461,0.523,0.8,0.9,0.842,0.4,2.9,3.3,1.5,0.5,0.1,1.2,1.4,10.6
2017,nba roy,Willy Hernangómez,hernawi01,22,0.0,8.0,500.0,0.016,False,NBA,Willy Hernangómez,22.0,NYK,C,72.0,22.0,18.4,3.4,6.5,0.529,0.1,0.2,0.267,3.4,6.3,0.538,0.533,1.3,1.7,0.728,2.4,4.6,7.0,1.3,0.6,0.5,1.4,2.1,8.2
2017,nba roy,Jamal Murray,murraja01,19,0.0,8.0,500.0,0.016,False,NBA,Jamal Murray,19.0,DEN,SG,82.0,10.0,21.5,3.6,8.9,0.404,1.4,4.2,0.334,2.2,4.7,0.466,0.483,1.3,1.5,0.883,0.5,2.1,2.6,2.1,0.6,0.3,1.4,1.5,9.9
2017,nba roy,Marquese Chriss,chrisma01,19,0.0,3.0,500.0,0.006,False,NBA,Marquese Chriss,19.0,PHO,PF,82.0,75.0,21.3,3.5,7.7,0.449,0.9,2.7,0.321,2.6,5.0,0.52,0.506,1.4,2.2,0.624,1.2,3.1,4.2,0.7,0.8,0.9,1.3,3.2,9.2
2017,nba roy,Jaylen Brown,brownja02,20,0.0,1.0,500.0,0.002,False,NBA,Jaylen Brown,20.0,BOS,SF,78.0,20.0,17.2,2.5,5.4,0.454,0.6,1.7,0.341,1.9,3.7,0.507,0.508,1.1,1.6,0.685,0.6,2.2,2.8,0.8,0.4,0.2,0.9,1.8,6.6
2017,nba roy,Yogi Ferrell,ferreyo01,23,0.0,1.0,500.0,0.002,False,NBA,Yogi Ferrell,23.0,2TM,PG,46.0,29.0,26.0,3.5,8.6,0.406,1.5,3.8,0.386,2.0,4.7,0.422,0.492,1.6,1.9,0.831,0.4,2.0,2.4,3.7,0.9,0.2,1.5,2.0,10.0
2017,nba roy,Rodney McGruder,mcgruro01,25,0.0,1.0,500.0,0.002,False,NBA,Rodney McGruder,25.0,MIA,SG,78.0,65.0,25.2,2.4,5.9,0.413,0.9,2.8,0.332,1.5,3.1,0.488,0.492,0.6,0.9,0.62,1.2,2.1,3.3,1.6,0.6,0.2,0.7,1.8,6.4
2017,nba smoy,Eric Gordon,gordoer01,28,46.0,358.0,500.0,0.716,True,NBA,Eric Gordon,28.0,HOU,SG,75.0,15.0,31.0,5.5,13.5,0.406,3.3,8.8,0.372,2.2,4.7,0.468,0.527,2.0,2.3,0.84,0.4,2.3,2.7,2.5,0.6,0.5,1.6,2.0,16.2
2017,nba smoy,Andre Iguodala,iguodan01,33,43.0,326.0,500.0,0.652,False,NBA,Andre Iguodala,33.0,GSW,SF,76.0,0.0,26.3,2.9,5.5,0.528,0.8,2.3,0.362,2.0,3.1,0.651,0.605,0.9,1.3,0.706,0.7,3.3,4.0,3.4,1.0,0.5,0.8,1.3,7.6
2017,nba smoy,Lou Williams,willilo02,30,5.0,70.0,500.0,0.14,False,NBA,Lou Williams,30.0,2TM,SG,81.0,1.0,24.6,5.3,12.3,0.429,2.0,5.5,0.365,3.3,6.8,0.48,0.511,5.0,5.6,0.88,0.3,2.2,2.5,3.0,1.0,0.2,2.0,1.1,17.5
2017,nba smoy,Zach Randolph,randoza01,35,2.0,46.0,500.0,0.092,False,NBA,Zach Randolph,35.0,MEM,PF,73.0,5.0,24.5,5.9,13.2,0.449,0.3,1.3,0.223,5.6,11.9,0.474,0.46,1.9,2.6,0.731,2.5,5.7,8.2,1.7,0.5,0.1,1.4,1.9,14.1
2017,nba smoy,James Johnson,johnsja01,29,1.0,25.0,500.0,0.05,False,NBA,James Johnson,29.0,MIA,PF,76.0,5.0,27.4,4.8,10.1,0.479,1.1,3.4,0.34,3.7,6.8,0.548,0.535,2.0,2.8,0.707,0.9,4.1,4.9,3.6,1.0,1.1,2.3,2.6,12.8
2017,nba smoy,Greg Monroe,monrogr01,26,1.0,21.0,500.0,0.042,False,NBA,Greg Monroe,26.0,MIL,C,81.0,0.0,22.5,4.8,9.0,0.533,0.0,0.0,0.0,4.8,8.9,0.536,0.533,2.2,3.0,0.741,2.1,4.5,6.6,2.3,1.1,0.5,1.7,2.1,11.7
2017,nba smoy,Jamal Crawford,crawfja01,36,1.0,20.0,500.0,0.04,False,NBA,Jamal Crawford,36.0,LAC,SG,82.0,1.0,26.3,4.4,10.6,0.413,1.4,3.9,0.36,3.0,6.7,0.443,0.479,2.1,2.5,0.857,0.2,1.4,1.6,2.6,0.7,0.2,1.6,1.4,12.3
2017,nba smoy,Enes Freedom,kanteen01,24,1.0,14.0,500.0,0.028,False,NBA,Enes Freedom,24.0,OKC,C,72.0,0.0,21.3,5.6,10.2,0.545,0.1,0.5,0.132,5.5,9.7,0.568,0.549,3.1,4.0,0.786,2.7,4.0,6.7,0.9,0.4,0.5,1.7,2.1,14.3
2017,nba smoy,Patty Mills,millspa02,28,0.0,14.0,500.0,0.028,False,NBA,Patty Mills,28.0,SAS,PG,80.0,8.0,21.9,3.4,7.8,0.44,1.8,4.4,0.414,1.6,3.3,0.474,0.558,0.8,1.0,0.825,0.3,1.5,1.8,3.5,0.8,0.0,1.3,1.4,9.5
2017,nba smoy,Tim Hardaway Jr.,hardati02,24,0.0,3.0,500.0,0.006,False,NBA,Tim Hardaway Jr.,24.0,ATL,SG,79.0,30.0,27.3,5.3,11.5,0.455,1.9,5.3,0.357,3.4,6.3,0.537,0.537,2.1,2.7,0.766,0.4,2.4,2.8,2.3,0.7,0.2,1.3,1.3,14.5
2017,nba smoy,Malcolm Brogdon,brogdma01,24,0.0,1.0,500.0,0.002,False,NBA,Malcolm Brogdon,24.0,MIL,SG,75.0,28.0,26.4,3.9,8.5,0.457,1.0,2.6,0.404,2.8,5.9,0.48,0.518,1.5,1.7,0.865,0.6,2.2,2.8,4.2,1.1,0.2,1.5,1.9,10.2
2017,nba smoy,Vince Carter,cartevi01,40,0.0,1.0,500.0,0.002,False,NBA,Vince Carter,40.0,MEM,SF,73.0,15.0,24.6,2.6,6.7,0.394,1.5,4.1,0.378,1.1,2.7,0.418,0.508,1.2,1.6,0.765,0.5,2.6,3.1,1.8,0.8,0.5,0.7,2.2,8.0
2017,nba smoy,Tyler Johnson,johnsty01,24,0.0,1.0,500.0,0.002,False,NBA,Tyler Johnson,24.0,MIA,PG,73.0,0.0,29.8,4.9,11.3,0.433,1.3,3.4,0.372,3.6,7.9,0.46,0.49,2.7,3.5,0.768,0.7,3.3,4.0,3.2,1.2,0.6,1.2,2.4,13.7
2016,nba dpoy,Kawhi Leonard,leonaka01,24,84.0,547.0,650.0,0.842,True,NBA,Kawhi Leonard,24.0,SAS,SF,72.0,72.0,33.1,7.7,15.1,0.506,1.8,4.0,0.443,5.9,11.1,0.528,0.565,4.1,4.6,0.874,1.3,5.5,6.8,2.6,1.8,1.0,1.5,1.8,21.2
2016,nba dpoy,Draymond Green,greendr01,25,44.0,421.0,650.0,0.648,False,NBA,Draymond Green,25.0,GSW,PF,81.0,81.0,34.7,5.0,10.1,0.49,1.2,3.2,0.388,3.7,6.9,0.537,0.551,2.8,4.1,0.696,1.7,7.8,9.5,7.4,1.5,1.4,3.2,3.0,14.0
2016,nba dpoy,Hassan Whiteside,whiteha01,26,2.0,83.0,650.0,0.128,False,NBA,Hassan Whiteside,26.0,MIA,C,73.0,43.0,29.1,5.7,9.3,0.606,0.0,0.0,,5.7,9.3,0.606,0.606,2.9,4.5,0.65,3.3,8.6,11.8,0.4,0.6,3.7,1.9,2.8,14.2
2016,nba dpoy,DeAndre Jordan,jordade01,27,0.0,50.0,650.0,0.077,False,NBA,DeAndre Jordan,27.0,LAC,C,77.0,77.0,33.7,4.6,6.6,0.703,0.0,0.0,0.0,4.6,6.6,0.704,0.703,3.5,8.0,0.43,3.5,10.3,13.8,1.2,0.7,2.3,1.4,2.7,12.7
2016,nba dpoy,Paul Millsap,millspa01,30,0.0,21.0,650.0,0.032,False,NBA,Paul Millsap,30.0,ATL,PF,81.0,81.0,32.7,6.2,13.2,0.47,0.9,2.9,0.319,5.3,10.3,0.512,0.505,3.8,5.0,0.757,2.4,6.6,9.0,3.3,1.8,1.7,2.4,2.9,17.1
2016,nba dpoy,Avery Bradley,bradlav01,25,0.0,14.0,650.0,0.022,False,NBA,Avery Bradley,25.0,BOS,SG,76.0,72.0,33.4,6.0,13.4,0.447,1.9,5.4,0.361,4.1,8.1,0.505,0.52,1.3,1.6,0.78,0.6,2.3,2.9,2.1,1.5,0.3,1.4,2.2,15.2
2016,nba dpoy,Rudy Gobert,goberru01,23,0.0,13.0,650.0,0.02,False,NBA,Rudy Gobert,23.0,UTA,C,61.0,60.0,31.7,3.2,5.8,0.559,0.0,0.0,,3.2,5.8,0.559,0.559,2.6,4.6,0.569,3.4,7.5,11.0,1.5,0.7,2.2,1.9,2.7,9.1
2016,nba dpoy,Tony Allen,allento01,34,0.0,5.0,650.0,0.008,False,NBA,Tony Allen,34.0,MEM,SG,64.0,57.0,25.3,3.4,7.3,0.458,0.2,0.7,0.357,3.1,6.7,0.468,0.474,1.4,2.2,0.652,1.6,3.0,4.6,1.1,1.7,0.3,1.2,2.7,8.4
2016,nba dpoy,Anthony Davis,davisan02,22,0.0,4.0,650.0,0.006,False,NBA,Anthony Davis,22.0,NOP,C,61.0,61.0,35.5,9.2,18.6,0.493,0.6,1.8,0.324,8.6,16.9,0.511,0.508,5.3,7.0,0.758,2.1,8.1,10.3,1.9,1.3,2.0,2.0,2.4,24.3
2016,nba dpoy,Andre Drummond,drumman01,22,0.0,3.0,650.0,0.005,False,NBA,Andre Drummond,22.0,DET,C,81.0,81.0,32.9,6.8,13.1,0.521,0.0,0.1,0.333,6.8,13.0,0.522,0.522,2.6,7.2,0.355,4.9,9.9,14.8,0.8,1.5,1.4,1.9,3.0,16.2
2016,nba dpoy,Jimmy Butler,butleji01,26,0.0,2.0,650.0,0.003,False,NBA,Jimmy Butler,26.0,CHI,SG,67.0,67.0,36.9,7.0,15.4,0.454,1.0,3.1,0.312,6.1,12.4,0.489,0.485,5.9,7.1,0.832,1.2,4.2,5.3,4.8,1.6,0.6,2.0,1.9,20.9
2016,nba dpoy,LeBron James,jamesle01,31,0.0,2.0,650.0,0.003,False,NBA,LeBron James,31.0,CLE,SF,76.0,76.0,35.6,9.7,18.6,0.52,1.1,3.7,0.309,8.6,14.9,0.573,0.551,4.7,6.5,0.731,1.5,6.0,7.4,6.8,1.4,0.6,3.3,1.9,25.3
2016,nba dpoy,Trevor Ariza,arizatr01,30,0.0,1.0,650.0,0.002,False,NBA,Trevor Ariza,30.0,HOU,SF,81.0,81.0,35.3,4.4,10.6,0.416,2.3,6.2,0.371,2.1,4.4,0.478,0.523,1.6,2.0,0.783,0.8,3.7,4.5,2.3,2.0,0.3,1.4,2.2,12.7
2016,nba dpoy,Jae Crowder,crowdja01,25,0.0,1.0,650.0,0.002,False,NBA,Jae Crowder,25.0,BOS,SF,73.0,73.0,31.6,4.9,11.1,0.443,1.7,5.0,0.336,3.3,6.2,0.529,0.518,2.7,3.3,0.82,1.0,4.2,5.1,1.8,1.7,0.5,1.1,2.7,14.2
2016,nba dpoy,Al Horford,horfoal01,29,0.0,1.0,650.0,0.002,False,NBA,Al Horford,29.0,ATL,C,82.0,82.0,32.1,6.5,12.8,0.505,1.1,3.1,0.344,5.4,9.7,0.557,0.547,1.3,1.6,0.798,1.8,5.5,7.3,3.2,0.8,1.5,1.3,2.0,15.2
2016,nba dpoy,Kyle Lowry,lowryky01,29,0.0,1.0,650.0,0.002,False,NBA,Kyle Lowry,29.0,TOR,PG,77.0,77.0,37.0,6.6,15.6,0.427,2.8,7.1,0.388,3.9,8.5,0.461,0.516,5.2,6.4,0.811,0.7,4.0,4.7,6.4,2.1,0.4,2.9,2.7,21.2
2016,nba dpoy,Chris Paul,paulch01,30,0.0,1.0,650.0,0.002,False,NBA,Chris Paul,30.0,LAC,PG,74.0,74.0,32.7,7.0,15.1,0.462,1.6,4.4,0.371,5.3,10.6,0.501,0.517,4.0,4.4,0.896,0.5,3.7,4.2,10.0,2.1,0.2,2.6,2.5,19.5
2016,nba mip,CJ McCollum,mccolcj01,24,101.0,559.0,650.0,0.86,True,NBA,CJ McCollum,24.0,POR,SG,80.0,80.0,34.8,8.0,17.9,0.448,2.5,5.9,0.417,5.6,12.0,0.463,0.517,2.3,2.8,0.827,0.6,2.7,3.2,4.3,1.2,0.3,2.5,2.3,20.8
2016,nba mip,Kemba Walker,walkeke02,25,7.0,166.0,650.0,0.255,False,NBA,Kemba Walker,25.0,CHO,PG,81.0,81.0,35.6,7.0,16.4,0.427,2.2,6.0,0.371,4.8,10.4,0.459,0.495,4.6,5.4,0.847,0.7,3.7,4.4,5.2,1.6,0.5,2.1,1.4,20.9
2016,nba mip,Giannis Antetokounmpo,antetgi01,21,4.0,99.0,650.0,0.152,False,NBA,Giannis Antetokounmpo,21.0,MIL,PG,80.0,79.0,35.3,6.4,12.7,0.506,0.4,1.4,0.257,6.1,11.3,0.537,0.52,3.7,5.1,0.724,1.4,6.2,7.7,4.3,1.2,1.4,2.6,3.2,16.9
2016,nba mip,Stephen Curry,curryst01,27,7.0,83.0,650.0,0.128,False,NBA,Stephen Curry,27.0,GSW,PG,79.0,79.0,34.2,10.2,20.2,0.504,5.1,11.2,0.454,5.1,9.0,0.566,0.63,4.6,5.1,0.908,0.9,4.6,5.4,6.7,2.1,0.2,3.3,2.0,30.1
2016,nba mip,Will Barton,bartowi01,25,1.0,62.0,650.0,0.095,False,NBA,Will Barton,25.0,DEN,SG,82.0,1.0,28.7,5.2,12.0,0.432,1.4,4.0,0.345,3.8,8.0,0.476,0.489,2.6,3.3,0.806,0.7,5.1,5.8,2.5,0.9,0.5,1.7,1.8,14.4
2016,nba mip,Jae Crowder,crowdja01,25,1.0,45.0,650.0,0.069,False,NBA,Jae Crowder,25.0,BOS,SF,73.0,73.0,31.6,4.9,11.1,0.443,1.7,5.0,0.336,3.3,6.2,0.529,0.518,2.7,3.3,0.82,1.0,4.2,5.1,1.8,1.7,0.5,1.1,2.7,14.2
2016,nba mip,Draymond Green,greendr01,25,2.0,43.0,650.0,0.066,False,NBA,Draymond Green,25.0,GSW,PF,81.0,81.0,34.7,5.0,10.1,0.49,1.2,3.2,0.388,3.7,6.9,0.537,0.551,2.8,4.1,0.696,1.7,7.8,9.5,7.4,1.5,1.4,3.2,3.0,14.0
2016,nba mip,Isaiah Thomas,thomais02,26,3.0,30.0,650.0,0.046,False,NBA,Isaiah Thomas,26.0,BOS,PG,82.0,79.0,32.2,7.2,16.9,0.428,2.0,5.7,0.359,5.2,11.2,0.462,0.488,5.8,6.6,0.871,0.6,2.4,3.0,6.2,1.1,0.1,2.7,2.0,22.2
2016,nba mip,Hassan Whiteside,whiteha01,26,1.0,26.0,650.0,0.04,False,NBA,Hassan Whiteside,26.0,MIA,C,73.0,43.0,29.1,5.7,9.3,0.606,0.0,0.0,,5.7,9.3,0.606,0.606,2.9,4.5,0.65,3.3,8.6,11.8,0.4,0.6,3.7,1.9,2.8,14.2
2016,nba mip,Kawhi Leonard,leonaka01,24,1.0,18.0,650.0,0.028,False,NBA,Kawhi Leonard,24.0,SAS,SF,72.0,72.0,33.1,7.7,15.1,0.506,1.8,4.0,0.443,5.9,11.1,0.528,0.565,4.1,4.6,0.874,1.3,5.5,6.8,2.6,1.8,1.0,1.5,1.8,21.2
2016,nba mip,Andre Drummond,drumman01,22,1.0,11.0,650.0,0.017,False,NBA,Andre Drummond,22.0,DET,C,81.0,81.0,32.9,6.8,13.1,0.521,0.0,0.1,0.333,6.8,13.0,0.522,0.522,2.6,7.2,0.355,4.9,9.9,14.8,0.8,1.5,1.4,1.9,3.0,16.2
2016,nba mip,Gary Harris,harriga01,21,1.0,6.0,650.0,0.009,False,NBA,Gary Harris,21.0,DEN,SG,76.0,76.0,32.1,4.7,10.1,0.469,1.4,3.9,0.354,3.3,6.2,0.543,0.538,1.4,1.8,0.82,0.7,2.2,2.9,1.9,1.3,0.2,1.3,1.9,12.3
2016,nba mip,Kent Bazemore,bazemke01,26,0.0,4.0,650.0,0.006,False,NBA,Kent Bazemore,26.0,ATL,SF,75.0,68.0,27.8,4.3,9.7,0.441,1.5,4.1,0.357,2.8,5.6,0.502,0.517,1.6,2.0,0.815,0.4,4.7,5.1,2.3,1.3,0.5,1.8,2.3,11.6
2016,nba mip,Evan Fournier,fournev01,23,0.0,4.0,650.0,0.006,False,NBA,Evan Fournier,23.0,ORL,SF,79.0,71.0,32.5,5.4,11.8,0.462,2.0,4.9,0.4,3.5,6.8,0.506,0.546,2.5,3.0,0.836,0.4,2.4,2.8,2.7,1.2,0.0,1.7,2.7,15.4
2016,nba mip,Rodney Hood,hoodro01,23,0.0,3.0,650.0,0.005,False,NBA,Rodney Hood,23.0,UTA,SG,79.0,79.0,32.2,5.2,12.3,0.42,2.0,5.7,0.359,3.1,6.6,0.472,0.503,2.2,2.5,0.86,0.5,2.9,3.4,2.7,0.9,0.2,1.6,2.6,14.5
2016,nba mip,Reggie Jackson,jacksre01,25,0.0,3.0,650.0,0.005,False,NBA,Reggie Jackson,25.0,DET,PG,79.0,79.0,30.7,6.8,15.7,0.434,1.5,4.2,0.353,5.3,11.5,0.464,0.482,3.7,4.3,0.864,0.7,2.5,3.2,6.2,0.7,0.1,2.8,2.4,18.8
2016,nba mip,Ian Mahinmi,mahinia01,29,0.0,3.0,650.0,0.005,False,NBA,Ian Mahinmi,29.0,IND,C,71.0,71.0,25.6,3.7,6.3,0.589,0.0,0.0,,3.7,6.3,0.589,0.589,1.9,3.2,0.587,1.9,5.2,7.1,1.5,0.9,1.1,1.4,3.1,9.3
2016,nba mip,Russell Westbrook,westbru01,27,0.0,3.0,650.0,0.005,False,NBA,Russell Westbrook,27.0,OKC,PG,80.0,80.0,34.4,8.2,18.1,0.454,1.3,4.3,0.296,6.9,13.8,0.503,0.489,5.8,7.2,0.812,1.8,6.0,7.8,10.4,2.0,0.3,4.3,2.5,23.5
2016,nba mip,Zach LaVine,lavinza01,20,0.0,1.0,650.0,0.002,False,NBA,Zach LaVine,20.0,MIN,SG,82.0,33.0,28.0,5.3,11.7,0.452,1.5,3.9,0.389,3.8,7.8,0.482,0.516,2.0,2.5,0.793,0.3,2.5,2.8,3.1,0.8,0.2,1.9,2.4,14.0
2016,nba mip,Kyle Lowry,lowryky01,29,0.0,1.0,650.0,0.002,False,NBA,Kyle Lowry,29.0,TOR,PG,77.0,77.0,37.0,6.6,15.6,0.427,2.8,7.1,0.388,3.9,8.5,0.461,0.516,5.2,6.4,0.811,0.7,4.0,4.7,6.4,2.1,0.4,2.9,2.7,21.2
2016,nba mvp,Stephen Curry,curryst01,27,131.0,1310.0,1310.0,1.0,True,NBA,Stephen Curry,27.0,GSW,PG,79.0,79.0,34.2,10.2,20.2,0.504,5.1,11.2,0.454,5.1,9.0,0.566,0.63,4.6,5.1,0.908,0.9,4.6,5.4,6.7,2.1,0.2,3.3,2.0,30.1
2016,nba mvp,Kawhi Leonard,leonaka01,24,0.0,634.0,1310.0,0.484,False,NBA,Kawhi Leonard,24.0,SAS,SF,72.0,72.0,33.1,7.7,15.1,0.506,1.8,4.0,0.443,5.9,11.1,0.528,0.565,4.1,4.6,0.874,1.3,5.5,6.8,2.6,1.8,1.0,1.5,1.8,21.2
2016,nba mvp,LeBron James,jamesle01,31,0.0,631.0,1310.0,0.482,False,NBA,LeBron James,31.0,CLE,SF,76.0,76.0,35.6,9.7,18.6,0.52,1.1,3.7,0.309,8.6,14.9,0.573,0.551,4.7,6.5,0.731,1.5,6.0,7.4,6.8,1.4,0.6,3.3,1.9,25.3
2016,nba mvp,Russell Westbrook,westbru01,27,0.0,486.0,1310.0,0.371,False,NBA,Russell Westbrook,27.0,OKC,PG,80.0,80.0,34.4,8.2,18.1,0.454,1.3,4.3,0.296,6.9,13.8,0.503,0.489,5.8,7.2,0.812,1.8,6.0,7.8,10.4,2.0,0.3,4.3,2.5,23.5
2016,nba mvp,Kevin Durant,duranke01,27,0.0,147.0,1310.0,0.112,False,NBA,Kevin Durant,27.0,OKC,SF,72.0,72.0,35.8,9.7,19.2,0.505,2.6,6.7,0.387,7.1,12.5,0.569,0.573,6.2,6.9,0.898,0.6,7.6,8.2,5.0,1.0,1.2,3.5,1.9,28.2
2016,nba mvp,Chris Paul,paulch01,30,0.0,107.0,1310.0,0.082,False,NBA,Chris Paul,30.0,LAC,PG,74.0,74.0,32.7,7.0,15.1,0.462,1.6,4.4,0.371,5.3,10.6,0.501,0.517,4.0,4.4,0.896,0.5,3.7,4.2,10.0,2.1,0.2,2.6,2.5,19.5
2016,nba mvp,Draymond Green,greendr01,25,0.0,50.0,1310.0,0.038,False,NBA,Draymond Green,25.0,GSW,PF,81.0,81.0,34.7,5.0,10.1,0.49,1.2,3.2,0.388,3.7,6.9,0.537,0.551,2.8,4.1,0.696,1.7,7.8,9.5,7.4,1.5,1.4,3.2,3.0,14.0
2016,nba mvp,Damian Lillard,lillada01,25,0.0,26.0,1310.0,0.02,False,NBA,Damian Lillard,25.0,POR,PG,75.0,75.0,35.7,8.2,19.7,0.419,3.1,8.1,0.375,5.2,11.5,0.45,0.497,5.5,6.2,0.892,0.6,3.4,4.0,6.8,0.9,0.4,3.2,2.2,25.1
2016,nba mvp,James Harden,hardeja01,26,0.0,9.0,1310.0,0.007,False,NBA,James Harden,26.0,HOU,SG,82.0,82.0,38.1,8.7,19.7,0.439,2.9,8.0,0.359,5.8,11.7,0.494,0.512,8.8,10.2,0.86,0.8,5.3,6.1,7.5,1.7,0.6,4.6,2.8,29.0
2016,nba mvp,Kyle Lowry,lowryky01,29,0.0,6.0,1310.0,0.005,False,NBA,Kyle Lowry,29.0,TOR,PG,77.0,77.0,37.0,6.6,15.6,0.427,2.8,7.1,0.388,3.9,8.5,0.461,0.516,5.2,6.4,0.811,0.7,4.0,4.7,6.4,2.1,0.4,2.9,2.7,21.2
2016,nba roy,Karl-Anthony Towns,townska01,20,130.0,650.0,650.0,1.0,True,NBA,Karl-Anthony Towns,20.0,MIN,C,82.0,82.0,32.0,7.6,14.1,0.542,0.4,1.1,0.341,7.3,13.0,0.559,0.555,2.7,3.4,0.811,2.8,7.7,10.5,2.0,0.7,1.7,2.2,3.0,18.3
2016,nba roy,Kristaps Porziņģis,porzikr01,20,0.0,363.0,650.0,0.558,False,NBA,Kristaps Porziņģis,20.0,NYK,PF,72.0,72.0,28.4,5.2,12.3,0.421,1.1,3.4,0.333,4.1,8.9,0.454,0.467,2.8,3.3,0.838,1.8,5.5,7.3,1.3,0.7,1.9,1.7,2.8,14.3
2016,nba roy,Nikola Jokić,jokicni01,20,0.0,59.0,650.0,0.091,False,NBA,Nikola Jokić,20.0,DEN,C,80.0,55.0,21.7,3.8,7.5,0.512,0.4,1.1,0.333,3.5,6.5,0.541,0.535,1.9,2.4,0.811,2.3,4.7,7.0,2.4,1.0,0.6,1.3,2.6,10.0
2016,nba roy,Devin Booker,bookede01,19,0.0,49.0,650.0,0.075,False,NBA,Devin Booker,19.0,PHO,SG,76.0,51.0,27.7,4.8,11.4,0.423,1.3,3.8,0.343,3.5,7.6,0.464,0.48,2.8,3.4,0.84,0.4,2.1,2.5,2.6,0.6,0.3,2.1,3.0,13.8
2016,nba roy,Jahlil Okafor,okafoja01,20,0.0,34.0,650.0,0.052,False,NBA,Jahlil Okafor,20.0,PHI,C,53.0,48.0,30.0,7.5,14.7,0.508,0.0,0.1,0.167,7.5,14.6,0.511,0.509,2.5,3.7,0.686,2.3,4.7,7.0,1.2,0.4,1.2,2.3,2.6,17.5
2016,nba roy,Justise Winslow,winslju01,19,0.0,7.0,650.0,0.011,False,NBA,Justise Winslow,19.0,MIA,SF,78.0,8.0,28.6,2.5,5.9,0.422,0.4,1.5,0.276,2.1,4.4,0.471,0.457,1.0,1.5,0.684,1.0,4.1,5.2,1.5,0.9,0.3,1.2,2.4,6.4
2016,nba roy,Emmanuel Mudiay,mudiaem01,19,0.0,4.0,650.0,0.006,False,NBA,Emmanuel Mudiay,19.0,DEN,PG,68.0,66.0,30.4,4.8,13.3,0.364,1.1,3.4,0.319,3.8,9.9,0.379,0.404,2.1,3.1,0.67,0.5,2.9,3.4,5.5,1.0,0.5,3.2,2.1,12.8
2016,nba roy,Myles Turner,turnemy01,19,0.0,3.0,650.0,0.005,False,NBA,Myles Turner,19.0,IND,C,60.0,30.0,22.8,4.4,8.8,0.498,0.1,0.2,0.214,4.4,8.6,0.506,0.501,1.5,2.0,0.727,1.1,4.4,5.5,0.7,0.4,1.4,1.1,2.6,10.3
2016,nba roy,D'Angelo Russell,russeda01,19,0.0,1.0,650.0,0.002,False,NBA,D'Angelo Russell,19.0,LAL,PG,80.0,48.0,28.2,4.9,12.0,0.41,1.6,4.6,0.351,3.3,7.3,0.447,0.478,1.8,2.4,0.737,0.6,2.8,3.4,3.3,1.2,0.2,2.5,1.8,13.2
2016,nba smoy,Jamal Crawford,crawfja01,35,51.0,341.0,650.0,0.525,True,NBA,Jamal Crawford,35.0,LAC,SG,79.0,5.0,26.9,4.8,11.9,0.404,1.5,4.4,0.34,3.3,7.5,0.44,0.466,3.1,3.4,0.904,0.3,1.6,1.8,2.3,0.7,0.2,1.4,1.5,14.2
2016,nba smoy,Andre Iguodala,iguodan01,32,33.0,288.0,650.0,0.443,False,NBA,Andre Iguodala,32.0,GSW,SF,65.0,1.0,26.6,2.7,5.7,0.478,0.8,2.4,0.351,1.9,3.3,0.57,0.552,0.8,1.3,0.614,0.8,3.2,4.0,3.4,1.1,0.3,1.2,1.6,7.0
2016,nba smoy,Enes Freedom,kanteen01,23,19.0,182.0,650.0,0.28,False,NBA,Enes Freedom,23.0,OKC,C,82.0,1.0,21.0,5.0,8.8,0.576,0.1,0.3,0.476,4.9,8.5,0.579,0.583,2.4,3.1,0.797,3.0,5.1,8.1,0.4,0.3,0.4,1.4,2.0,12.7
2016,nba smoy,Will Barton,bartowi01,25,15.0,158.0,650.0,0.243,False,NBA,Will Barton,25.0,DEN,SG,82.0,1.0,28.7,5.2,12.0,0.432,1.4,4.0,0.345,3.8,8.0,0.476,0.489,2.6,3.3,0.806,0.7,5.1,5.8,2.5,0.9,0.5,1.7,1.8,14.4
2016,nba smoy,Evan Turner,turneev01,27,3.0,46.0,650.0,0.071,False,NBA,Evan Turner,27.0,BOS,SG,81.0,12.0,28.0,4.2,9.3,0.456,0.2,1.0,0.241,4.0,8.3,0.482,0.469,1.8,2.2,0.827,0.6,4.3,4.9,4.4,1.0,0.3,2.1,1.7,10.5
2016,nba smoy,Ryan Anderson,anderry01,27,4.0,43.0,650.0,0.066,False,NBA,Ryan Anderson,27.0,NOP,PF,66.0,7.0,30.4,6.0,14.1,0.427,2.0,5.4,0.366,4.0,8.7,0.466,0.498,3.0,3.5,0.873,2.0,4.0,6.0,1.1,0.6,0.4,1.4,1.7,17.0
2016,nba smoy,Jeremy Lin,linje01,27,1.0,30.0,650.0,0.046,False,NBA,Jeremy Lin,27.0,CHO,SG,78.0,13.0,26.3,3.8,9.3,0.412,1.0,2.9,0.336,2.9,6.4,0.446,0.464,3.1,3.7,0.815,0.5,2.7,3.2,3.0,0.7,0.5,1.9,2.1,11.7
2016,nba smoy,Ed Davis,davised01,26,1.0,21.0,650.0,0.032,False,NBA,Ed Davis,26.0,POR,PF,81.0,0.0,20.8,2.5,4.2,0.611,0.0,0.0,,2.5,4.2,0.611,0.611,1.4,2.5,0.559,2.8,4.6,7.4,1.1,0.7,0.9,0.8,2.5,6.5
2016,nba smoy,Dennis Schröder,schrode01,22,1.0,17.0,650.0,0.026,False,NBA,Dennis Schröder,22.0,ATL,PG,80.0,6.0,20.3,4.1,9.8,0.421,1.0,3.0,0.322,3.2,6.8,0.465,0.471,1.8,2.3,0.791,0.3,2.2,2.6,4.4,0.9,0.1,2.3,1.7,11.0
2016,nba smoy,Tristan Thompson,thomptr01,24,2.0,16.0,650.0,0.025,False,NBA,Tristan Thompson,24.0,CLE,PF,82.0,34.0,27.7,3.0,5.1,0.588,0.0,0.0,,3.0,5.1,0.588,0.588,1.8,3.0,0.616,3.3,5.7,9.0,0.8,0.5,0.6,0.7,2.5,7.8
2016,nba smoy,Shaun Livingston,livinsh01,30,0.0,7.0,650.0,0.011,False,NBA,Shaun Livingston,30.0,GSW,PG,78.0,3.0,19.5,2.6,4.9,0.536,0.0,0.2,0.167,2.6,4.7,0.548,0.538,1.0,1.2,0.86,0.5,1.6,2.2,3.0,0.7,0.3,1.0,1.8,6.3
2016,nba smoy,J.J. Barea,bareajo01,31,0.0,5.0,650.0,0.008,False,NBA,J.J. Barea,31.0,DAL,PG,74.0,16.0,22.5,4.3,9.6,0.446,1.4,3.5,0.385,2.9,6.1,0.481,0.516,1.0,1.3,0.771,0.4,1.7,2.1,4.1,0.4,0.0,1.5,1.5,10.9
2016,nba smoy,Boris Diaw,diawbo01,33,0.0,5.0,650.0,0.008,False,NBA,Boris Diaw,33.0,SAS,PF,76.0,4.0,18.2,2.7,5.0,0.527,0.3,0.9,0.362,2.3,4.1,0.564,0.56,0.7,1.0,0.737,0.8,2.3,3.1,2.3,0.3,0.3,1.3,1.3,6.4
2016,nba smoy,Zach LaVine,lavinza01,20,0.0,4.0,650.0,0.006,False,NBA,Zach LaVine,20.0,MIN,SG,82.0,33.0,28.0,5.3,11.7,0.452,1.5,3.9,0.389,3.8,7.8,0.482,0.516,2.0,2.5,0.793,0.3,2.5,2.8,3.1,0.8,0.2,1.9,2.4,14.0
2016,nba smoy,Darren Collison,collida01,28,0.0,3.0,650.0,0.005,False,NBA,Darren Collison,28.0,SAC,PG,74.0,15.0,30.0,5.1,10.5,0.486,1.2,2.9,0.401,3.9,7.6,0.519,0.542,2.6,3.1,0.858,0.4,1.9,2.3,4.3,1.0,0.1,1.8,1.9,14.0
2016,nba smoy,Allen Crabbe,crabbal01,23,0.0,1.0,650.0,0.002,False,NBA,Allen Crabbe,23.0,POR,SG,81.0,8.0,26.0,3.8,8.4,0.459,1.4,3.5,0.393,2.5,4.9,0.506,0.541,1.2,1.4,0.867,0.3,2.3,2.7,1.2,0.8,0.2,0.8,2.4,10.3
2016,nba smoy,Jrue Holiday,holidjr01,25,0.0,1.0,650.0,0.002,False,NBA,Jrue Holiday,25.0,NOP,PG,65.0,23.0,28.2,6.3,14.4,0.439,1.3,4.0,0.336,5.0,10.4,0.478,0.485,2.8,3.3,0.843,0.4,2.6,3.0,6.0,1.4,0.3,2.6,2.3,16.8
2016,nba smoy,Patrick Patterson,pattepa01,26,0.0,1.0,650.0,0.002,False,NBA,Patrick Patterson,26.0,TOR,PF,79.0,0.0,25.6,2.6,6.2,0.414,1.3,3.7,0.362,1.2,2.5,0.49,0.521,0.4,0.4,0.853,1.0,3.4,4.3,1.2,0.7,0.4,0.8,1.6,6.9
2016,nba smoy,Mirza Teletović,teletmi01,30,0.0,1.0,650.0,0.002,False,NBA,Mirza Teletović,30.0,PHO,PF,79.0,1.0,21.3,4.2,9.8,0.427,2.3,5.8,0.393,1.9,4.0,0.476,0.544,1.5,2.0,0.774,0.7,3.1,3.8,1.1,0.4,0.3,1.1,2.0,12.2
2015,nba dpoy,Kawhi Leonard,leonaka01,23,37.0,333.0,645.0,0.516,True,NBA,Kawhi Leonard,23.0,SAS,SF,64.0,64.0,31.8,6.2,12.8,0.479,1.0,3.0,0.349,5.1,9.8,0.519,0.52,3.2,3.9,0.802,1.3,5.9,7.2,2.5,2.3,0.8,1.5,2.0,16.5
2015,nba dpoy,Draymond Green,greendr01,24,45.0,317.0,645.0,0.491,False,NBA,Draymond Green,24.0,GSW,PF,79.0,79.0,31.5,4.3,9.7,0.443,1.4,4.2,0.337,2.9,5.5,0.523,0.516,1.7,2.5,0.66,1.4,6.7,8.2,3.7,1.6,1.3,1.7,3.2,11.7
2015,nba dpoy,DeAndre Jordan,jordade01,26,32.0,261.0,645.0,0.405,False,NBA,DeAndre Jordan,26.0,LAC,C,82.0,82.0,34.4,4.6,6.5,0.71,0.0,0.0,0.25,4.6,6.5,0.713,0.711,2.3,5.7,0.397,4.8,10.1,15.0,0.7,1.0,2.2,1.3,3.0,11.5
2015,nba dpoy,Anthony Davis,davisan02,21,11.0,107.0,645.0,0.166,False,NBA,Anthony Davis,21.0,NOP,PF,68.0,68.0,36.1,9.4,17.6,0.535,0.0,0.2,0.083,9.4,17.5,0.54,0.536,5.5,6.8,0.805,2.5,7.7,10.2,2.2,1.5,2.9,1.4,2.1,24.4
2015,nba dpoy,Rudy Gobert,goberru01,22,2.0,33.0,645.0,0.051,False,NBA,Rudy Gobert,22.0,UTA,C,82.0,37.0,26.3,3.1,5.2,0.604,0.0,0.0,0.0,3.1,5.2,0.607,0.604,2.1,3.3,0.623,3.2,6.2,9.5,1.3,0.8,2.3,1.4,2.1,8.4
2015,nba dpoy,Andrew Bogut,bogutan01,30,0.0,31.0,645.0,0.048,False,NBA,Andrew Bogut,30.0,GSW,C,67.0,65.0,23.6,3.0,5.3,0.563,0.0,0.0,,3.0,5.3,0.563,0.563,0.3,0.6,0.524,2.1,6.0,8.1,2.7,0.6,1.7,1.6,2.8,6.3
2015,nba dpoy,Tony Allen,allento01,33,1.0,29.0,645.0,0.045,False,NBA,Tony Allen,33.0,MEM,SG,63.0,41.0,26.2,3.6,7.2,0.495,0.2,0.5,0.345,3.4,6.8,0.505,0.505,1.3,2.0,0.627,1.6,2.8,4.4,1.4,2.0,0.5,1.4,2.6,8.6
2015,nba dpoy,Tim Duncan,duncati01,38,1.0,12.0,645.0,0.019,False,NBA,Tim Duncan,38.0,SAS,C,77.0,77.0,28.9,5.4,10.6,0.512,0.0,0.1,0.286,5.4,10.5,0.514,0.513,3.0,4.0,0.74,2.2,6.9,9.1,3.0,0.8,2.0,1.7,2.1,13.9
2015,nba dpoy,Michael Kidd-Gilchrist,kiddgmi01,21,0.0,9.0,645.0,0.014,False,NBA,Michael Kidd-Gilchrist,21.0,CHO,SF,55.0,52.0,28.9,4.1,8.8,0.465,0.0,0.0,,4.1,8.8,0.465,0.465,2.7,3.9,0.701,2.0,5.6,7.6,1.4,0.5,0.7,1.1,2.1,10.9
2015,nba dpoy,Jimmy Butler,butleji01,25,0.0,7.0,645.0,0.011,False,NBA,Jimmy Butler,25.0,CHI,SG,65.0,65.0,38.7,6.5,14.0,0.462,1.1,3.0,0.378,5.4,11.1,0.484,0.502,5.9,7.1,0.834,1.8,4.1,5.8,3.3,1.8,0.6,1.4,1.7,20.0
2015,nba dpoy,Marc Gasol,gasolma01,30,0.0,7.0,645.0,0.011,False,NBA,Marc Gasol,30.0,MEM,C,81.0,81.0,33.2,6.5,13.2,0.494,0.0,0.2,0.176,6.5,13.0,0.5,0.496,4.3,5.4,0.795,1.4,6.4,7.8,3.8,0.9,1.6,2.2,2.6,17.4
2015,nba dpoy,Joakim Noah,noahjo01,29,0.0,4.0,645.0,0.006,False,NBA,Joakim Noah,29.0,CHI,C,67.0,67.0,30.6,2.8,6.4,0.445,0.0,0.0,0.0,2.8,6.3,0.447,0.445,1.6,2.6,0.603,3.3,6.4,9.6,4.7,0.7,1.1,1.8,3.0,7.2
2015,nba dpoy,Trevor Ariza,arizatr01,29,0.0,3.0,645.0,0.005,False,NBA,Trevor Ariza,29.0,HOU,SF,82.0,82.0,35.7,4.5,11.1,0.402,2.4,6.8,0.35,2.1,4.3,0.485,0.509,1.5,1.7,0.853,0.9,4.7,5.6,2.5,1.9,0.2,1.7,2.3,12.8
2015,nba dpoy,LeBron James,jamesle01,30,0.0,3.0,645.0,0.005,False,NBA,LeBron James,30.0,CLE,SF,69.0,69.0,36.1,9.0,18.5,0.488,1.7,4.9,0.354,7.3,13.6,0.536,0.535,5.4,7.7,0.71,0.7,5.3,6.0,7.4,1.6,0.7,3.9,2.0,25.3
2015,nba dpoy,Patrick Beverley,beverpa01,26,0.0,1.0,645.0,0.002,False,NBA,Patrick Beverley,26.0,HOU,PG,56.0,55.0,30.8,3.6,9.5,0.383,2.1,5.8,0.356,1.6,3.7,0.426,0.492,0.8,1.1,0.75,1.2,3.0,4.2,3.4,1.1,0.4,1.5,3.3,10.1
2015,nba dpoy,DeMarre Carroll,carrode01,28,0.0,1.0,645.0,0.002,False,NBA,DeMarre Carroll,28.0,ATL,SF,70.0,69.0,31.3,4.5,9.3,0.487,1.7,4.3,0.395,2.8,5.0,0.567,0.579,1.8,2.6,0.702,1.4,3.9,5.3,1.7,1.3,0.2,1.1,2.2,12.6
2015,nba dpoy,Nerlens Noel,noelne01,20,0.0,1.0,645.0,0.002,False,NBA,Nerlens Noel,20.0,PHI,C,75.0,71.0,30.8,4.0,8.7,0.462,0.0,0.0,,4.0,8.7,0.462,0.462,1.9,3.1,0.609,2.5,5.7,8.1,1.7,1.8,1.9,1.9,2.8,9.9
2015,nba dpoy,Chris Paul,paulch01,29,0.0,1.0,645.0,0.002,False,NBA,Chris Paul,29.0,LAC,PG,82.0,82.0,34.8,6.9,14.3,0.485,1.7,4.3,0.398,5.2,10.0,0.523,0.545,3.5,3.9,0.9,0.6,4.0,4.6,10.2,1.9,0.2,2.3,2.5,19.1
2015,nba dpoy,Hassan Whiteside,whiteha01,25,0.0,1.0,645.0,0.002,False,NBA,Hassan Whiteside,25.0,MIA,C,48.0,32.0,23.8,5.1,8.1,0.628,0.0,0.0,,5.1,8.1,0.628,0.628,1.6,3.3,0.5,3.0,7.0,10.0,0.1,0.6,2.6,1.2,2.7,11.8
2015,nba mip,Jimmy Butler,butleji01,25,92.0,535.0,645.0,0.829,True,NBA,Jimmy Butler,25.0,CHI,SG,65.0,65.0,38.7,6.5,14.0,0.462,1.1,3.0,0.378,5.4,11.1,0.484,0.502,5.9,7.1,0.834,1.8,4.1,5.8,3.3,1.8,0.6,1.4,1.7,20.0
2015,nba mip,Draymond Green,greendr01,24,11.0,200.0,645.0,0.31,False,NBA,Draymond Green,24.0,GSW,PF,79.0,79.0,31.5,4.3,9.7,0.443,1.4,4.2,0.337,2.9,5.5,0.523,0.516,1.7,2.5,0.66,1.4,6.7,8.2,3.7,1.6,1.3,1.7,3.2,11.7
2015,nba mip,Rudy Gobert,goberru01,22,12.0,189.0,645.0,0.293,False,NBA,Rudy Gobert,22.0,UTA,C,82.0,37.0,26.3,3.1,5.2,0.604,0.0,0.0,0.0,3.1,5.2,0.607,0.604,2.1,3.3,0.623,3.2,6.2,9.5,1.3,0.8,2.3,1.4,2.1,8.4
2015,nba mip,Hassan Whiteside,whiteha01,25,5.0,88.0,645.0,0.136,False,NBA,Hassan Whiteside,25.0,MIA,C,48.0,32.0,23.8,5.1,8.1,0.628,0.0,0.0,,5.1,8.1,0.628,0.628,1.6,3.3,0.5,3.0,7.0,10.0,0.1,0.6,2.6,1.2,2.7,11.8
2015,nba mip,Klay Thompson,thompkl01,24,2.0,42.0,645.0,0.065,False,NBA,Klay Thompson,24.0,GSW,SG,77.0,77.0,31.9,7.8,16.9,0.463,3.1,7.1,0.439,4.7,9.8,0.481,0.555,2.9,3.3,0.879,0.4,2.9,3.2,2.9,1.1,0.8,1.9,1.6,21.7
2015,nba mip,Anthony Davis,davisan02,21,4.0,27.0,645.0,0.042,False,NBA,Anthony Davis,21.0,NOP,PF,68.0,68.0,36.1,9.4,17.6,0.535,0.0,0.2,0.083,9.4,17.5,0.54,0.536,5.5,6.8,0.805,2.5,7.7,10.2,2.2,1.5,2.9,1.4,2.1,24.4
2015,nba mip,Giannis Antetokounmpo,antetgi01,20,1.0,22.0,645.0,0.034,False,NBA,Giannis Antetokounmpo,20.0,MIL,SG,81.0,71.0,31.4,4.7,9.6,0.491,0.1,0.5,0.159,4.6,9.1,0.511,0.496,3.2,4.3,0.741,1.2,5.5,6.7,2.6,0.9,1.0,2.1,3.1,12.7
2015,nba mip,Donatas Motiejūnas,motiedo01,24,0.0,7.0,645.0,0.011,False,NBA,Donatas Motiejūnas,24.0,HOU,PF,71.0,62.0,28.7,5.0,9.9,0.504,0.7,1.9,0.368,4.3,8.0,0.536,0.539,1.4,2.3,0.602,1.9,4.0,5.9,1.8,0.8,0.5,1.7,2.9,12.0
2015,nba mip,Dennis Schröder,schrode01,21,0.0,6.0,645.0,0.009,False,NBA,Dennis Schröder,21.0,ATL,PG,77.0,10.0,19.7,3.7,8.6,0.427,0.7,1.9,0.351,3.0,6.7,0.449,0.466,1.9,2.3,0.827,0.4,1.8,2.1,4.1,0.6,0.1,1.9,1.6,10.0
2015,nba mip,DeMarre Carroll,carrode01,28,1.0,5.0,645.0,0.008,False,NBA,DeMarre Carroll,28.0,ATL,SF,70.0,69.0,31.3,4.5,9.3,0.487,1.7,4.3,0.395,2.8,5.0,0.567,0.579,1.8,2.6,0.702,1.4,3.9,5.3,1.7,1.3,0.2,1.1,2.2,12.6
2015,nba mip,Tyler Zeller,zellety01,25,1.0,5.0,645.0,0.008,False,NBA,Tyler Zeller,25.0,BOS,C,82.0,59.0,21.1,4.1,7.5,0.549,0.0,0.0,,4.1,7.5,0.549,0.549,1.9,2.3,0.823,1.8,3.9,5.7,1.4,0.2,0.6,0.9,2.5,10.2
2015,nba mip,DeMarcus Cousins,couside01,24,0.0,4.0,645.0,0.006,False,NBA,DeMarcus Cousins,24.0,SAC,C,59.0,59.0,34.1,8.4,18.1,0.467,0.0,0.1,0.25,8.4,17.9,0.469,0.468,7.2,9.2,0.782,3.1,9.5,12.7,3.6,1.5,1.7,4.3,4.1,24.1
2015,nba mip,Khris Middleton,middlkh01,23,0.0,4.0,645.0,0.006,False,NBA,Khris Middleton,23.0,MIL,SF,79.0,58.0,30.1,5.1,11.0,0.467,1.4,3.4,0.407,3.8,7.6,0.494,0.53,1.7,2.0,0.859,0.6,3.8,4.4,2.3,1.5,0.1,1.4,2.3,13.4
2015,nba mip,Jae Crowder,crowdja01,24,0.0,3.0,645.0,0.005,False,NBA,Jae Crowder,24.0,2TM,SF,82.0,17.0,20.1,2.8,6.6,0.42,0.7,2.5,0.293,2.0,4.1,0.499,0.476,1.3,1.7,0.773,0.9,2.7,3.6,1.1,0.9,0.3,0.6,1.7,7.7
2015,nba mip,Kyrie Irving,irvinky01,22,0.0,3.0,645.0,0.005,False,NBA,Kyrie Irving,22.0,CLE,PG,75.0,75.0,36.4,7.7,16.5,0.468,2.1,5.0,0.415,5.6,11.4,0.491,0.532,4.2,4.9,0.863,0.7,2.4,3.2,5.2,1.5,0.3,2.5,1.9,21.7
2015,nba mip,DeAndre Jordan,jordade01,26,0.0,3.0,645.0,0.005,False,NBA,DeAndre Jordan,26.0,LAC,C,82.0,82.0,34.4,4.6,6.5,0.71,0.0,0.0,0.25,4.6,6.5,0.713,0.711,2.3,5.7,0.397,4.8,10.1,15.0,0.7,1.0,2.2,1.3,3.0,11.5
2015,nba mip,Victor Oladipo,oladivi01,22,0.0,3.0,645.0,0.005,False,NBA,Victor Oladipo,22.0,ORL,SG,72.0,71.0,35.7,6.6,15.1,0.436,1.2,3.4,0.339,5.4,11.6,0.464,0.474,3.6,4.4,0.819,0.7,3.5,4.2,4.1,1.7,0.3,2.8,2.6,17.9
2015,nba mip,Kentavious Caldwell-Pope,caldwke01,21,0.0,2.0,645.0,0.003,False,NBA,Kentavious Caldwell-Pope,21.0,DET,SG,82.0,82.0,31.5,4.8,11.9,0.401,1.9,5.4,0.345,2.9,6.4,0.449,0.48,1.3,1.9,0.696,0.6,2.5,3.1,1.3,1.1,0.2,1.1,2.0,12.7
2015,nba mip,Nikola Vučević,vucevni01,24,0.0,2.0,645.0,0.003,False,NBA,Nikola Vučević,24.0,ORL,C,74.0,74.0,34.2,8.5,16.3,0.523,0.0,0.1,0.333,8.5,16.2,0.524,0.524,2.2,2.9,0.752,3.2,7.7,10.9,2.0,0.7,0.7,2.0,3.0,19.3
2015,nba mip,Robert Covington,covinro01,24,0.0,1.0,645.0,0.002,False,NBA,Robert Covington,24.0,PHI,SF,70.0,49.0,27.9,4.3,10.8,0.396,2.4,6.4,0.374,1.9,4.4,0.426,0.506,2.5,3.1,0.82,0.9,3.6,4.5,1.5,1.4,0.4,1.8,2.7,13.5
2015,nba mip,Tyreke Evans,evansty01,25,0.0,1.0,645.0,0.002,False,NBA,Tyreke Evans,25.0,NOP,SG,79.0,76.0,34.1,6.6,14.7,0.447,0.9,2.9,0.304,5.7,11.9,0.482,0.477,2.6,3.7,0.694,1.0,4.2,5.3,6.6,1.3,0.5,3.1,2.5,16.6
2015,nba mip,Derrick Favors,favorde01,23,0.0,1.0,645.0,0.002,False,NBA,Derrick Favors,23.0,UTA,PF,74.0,74.0,30.8,6.5,12.4,0.525,0.0,0.1,0.167,6.5,12.3,0.527,0.526,3.0,4.5,0.669,2.6,5.6,8.2,1.5,0.8,1.7,1.6,2.8,16.0
2015,nba mip,Enes Freedom,kanteen01,22,0.0,1.0,645.0,0.002,False,NBA,Enes Freedom,22.0,2TM,C,75.0,74.0,28.5,6.4,12.4,0.519,0.2,0.6,0.356,6.2,11.8,0.528,0.528,2.4,3.1,0.782,3.7,5.3,8.9,0.7,0.5,0.4,1.9,2.5,15.5
2015,nba mip,Marc Gasol,gasolma01,30,0.0,1.0,645.0,0.002,False,NBA,Marc Gasol,30.0,MEM,C,81.0,81.0,33.2,6.5,13.2,0.494,0.0,0.2,0.176,6.5,13.0,0.5,0.496,4.3,5.4,0.795,1.4,6.4,7.8,3.8,0.9,1.6,2.2,2.6,17.4
2015,nba mip,Tobias Harris,harrito02,22,0.0,1.0,645.0,0.002,False,NBA,Tobias Harris,22.0,ORL,SF,68.0,63.0,34.8,6.5,14.0,0.466,1.3,3.5,0.364,5.2,10.4,0.5,0.512,2.8,3.6,0.788,1.1,5.3,6.3,1.8,1.0,0.5,1.7,2.0,17.1
2015,nba mip,Gordon Hayward,haywago01,24,0.0,1.0,645.0,0.002,False,NBA,Gordon Hayward,24.0,UTA,SF,76.0,76.0,34.4,6.4,14.3,0.445,1.6,4.3,0.364,4.8,10.0,0.481,0.5,4.9,6.1,0.812,0.7,4.2,4.9,4.1,1.4,0.4,2.7,1.7,19.3
2015,nba mip,George Hill,hillge01,28,0.0,1.0,645.0,0.002,False,NBA,George Hill,28.0,IND,PG,43.0,36.0,29.5,5.9,12.4,0.477,1.6,4.5,0.358,4.3,8.0,0.544,0.541,2.6,3.3,0.79,0.6,3.6,4.2,5.1,1.0,0.3,1.6,2.6,16.1
2015,nba mip,Brandon Knight,knighbr03,23,0.0,1.0,645.0,0.002,False,NBA,Brandon Knight,23.0,2TM,PG,63.0,61.0,32.3,6.0,14.1,0.422,2.0,5.1,0.389,4.0,9.0,0.441,0.493,3.1,3.5,0.874,0.4,3.4,3.9,5.2,1.4,0.2,3.0,1.8,17.0
2015,nba mip,Kawhi Leonard,leonaka01,23,0.0,1.0,645.0,0.002,False,NBA,Kawhi Leonard,23.0,SAS,SF,64.0,64.0,31.8,6.2,12.8,0.479,1.0,3.0,0.349,5.1,9.8,0.519,0.52,3.2,3.9,0.802,1.3,5.9,7.2,2.5,2.3,0.8,1.5,2.0,16.5
2015,nba mip,Meyers Leonard,leoname01,22,0.0,1.0,645.0,0.002,False,NBA,Meyers Leonard,22.0,POR,C,55.0,7.0,15.4,2.3,4.5,0.51,0.9,2.0,0.42,1.4,2.4,0.586,0.606,0.5,0.6,0.938,0.8,3.7,4.5,0.6,0.2,0.3,0.7,2.1,5.9
2015,nba mvp,Stephen Curry,curryst01,26,100.0,1198.0,1300.0,0.922,True,NBA,Stephen Curry,26.0,GSW,PG,80.0,80.0,32.7,8.2,16.8,0.487,3.6,8.1,0.443,4.6,8.7,0.528,0.594,3.9,4.2,0.914,0.7,3.6,4.3,7.7,2.0,0.2,3.1,2.0,23.8
2015,nba mvp,James Harden,hardeja01,25,25.0,936.0,1300.0,0.72,False,NBA,James Harden,25.0,HOU,SG,81.0,81.0,36.8,8.0,18.1,0.44,2.6,6.9,0.375,5.4,11.3,0.48,0.511,8.8,10.2,0.868,0.9,4.7,5.7,7.0,1.9,0.7,4.0,2.6,27.4
2015,nba mvp,LeBron James,jamesle01,30,5.0,552.0,1300.0,0.425,False,NBA,LeBron James,30.0,CLE,SF,69.0,69.0,36.1,9.0,18.5,0.488,1.7,4.9,0.354,7.3,13.6,0.536,0.535,5.4,7.7,0.71,0.7,5.3,6.0,7.4,1.6,0.7,3.9,2.0,25.3
2015,nba mvp,Russell Westbrook,westbru01,26,0.0,352.0,1300.0,0.271,False,NBA,Russell Westbrook,26.0,OKC,PG,67.0,67.0,34.4,9.4,22.0,0.426,1.3,4.3,0.299,8.1,17.7,0.457,0.455,8.1,9.8,0.835,1.9,5.4,7.3,8.6,2.1,0.2,4.4,2.7,28.1
2015,nba mvp,Anthony Davis,davisan02,21,0.0,203.0,1300.0,0.156,False,NBA,Anthony Davis,21.0,NOP,PF,68.0,68.0,36.1,9.4,17.6,0.535,0.0,0.2,0.083,9.4,17.5,0.54,0.536,5.5,6.8,0.805,2.5,7.7,10.2,2.2,1.5,2.9,1.4,2.1,24.4
2015,nba mvp,Chris Paul,paulch01,29,0.0,124.0,1300.0,0.095,False,NBA,Chris Paul,29.0,LAC,PG,82.0,82.0,34.8,6.9,14.3,0.485,1.7,4.3,0.398,5.2,10.0,0.523,0.545,3.5,3.9,0.9,0.6,4.0,4.6,10.2,1.9,0.2,2.3,2.5,19.1
2015,nba mvp,LaMarcus Aldridge,aldrila01,29,0.0,6.0,1300.0,0.005,False,NBA,LaMarcus Aldridge,29.0,POR,PF,71.0,71.0,35.4,9.3,19.9,0.466,0.5,1.5,0.352,8.8,18.5,0.475,0.479,4.3,5.1,0.845,2.5,7.7,10.2,1.7,0.7,1.0,1.7,1.8,23.4
2015,nba mvp,Marc Gasol,gasolma01,30,0.0,3.0,1300.0,0.002,False,NBA,Marc Gasol,30.0,MEM,C,81.0,81.0,33.2,6.5,13.2,0.494,0.0,0.2,0.176,6.5,13.0,0.5,0.496,4.3,5.4,0.795,1.4,6.4,7.8,3.8,0.9,1.6,2.2,2.6,17.4
2015,nba mvp,Blake Griffin,griffbl01,25,0.0,3.0,1300.0,0.002,False,NBA,Blake Griffin,25.0,LAC,PF,67.0,67.0,35.2,8.6,17.1,0.502,0.1,0.4,0.4,8.4,16.7,0.504,0.506,4.6,6.4,0.728,1.9,5.7,7.6,5.3,0.9,0.5,2.3,2.9,21.9
2015,nba mvp,Tim Duncan,duncati01,38,0.0,1.0,1300.0,0.001,False,NBA,Tim Duncan,38.0,SAS,C,77.0,77.0,28.9,5.4,10.6,0.512,0.0,0.1,0.286,5.4,10.5,0.514,0.513,3.0,4.0,0.74,2.2,6.9,9.1,3.0,0.8,2.0,1.7,2.1,13.9
2015,nba mvp,Kawhi Leonard,leonaka01,23,0.0,1.0,1300.0,0.001,False,NBA,Kawhi Leonard,23.0,SAS,SF,64.0,64.0,31.8,6.2,12.8,0.479,1.0,3.0,0.349,5.1,9.8,0.519,0.52,3.2,3.9,0.802,1.3,5.9,7.2,2.5,2.3,0.8,1.5,2.0,16.5
2015,nba mvp,Klay Thompson,thompkl01,24,0.0,1.0,1300.0,0.001,False,NBA,Klay Thompson,24.0,GSW,SG,77.0,77.0,31.9,7.8,16.9,0.463,3.1,7.1,0.439,4.7,9.8,0.481,0.555,2.9,3.3,0.879,0.4,2.9,3.2,2.9,1.1,0.8,1.9,1.6,21.7
2015,nba roy,Andrew Wiggins,wiggian01,19,110.0,604.0,650.0,0.929,True,NBA,Andrew Wiggins,19.0,MIN,SF,82.0,82.0,36.2,6.1,13.9,0.437,0.5,1.5,0.31,5.6,12.3,0.453,0.454,4.3,5.7,0.76,1.6,2.9,4.6,2.1,1.0,0.6,2.2,2.3,16.9
2015,nba roy,Nikola Mirotić,mirotni01,23,14.0,335.0,650.0,0.515,False,NBA,Nikola Mirotić,23.0,CHI,PF,82.0,3.0,20.2,3.1,7.6,0.405,1.2,3.8,0.316,1.9,3.8,0.495,0.485,2.8,3.5,0.803,0.8,4.2,4.9,1.2,0.7,0.7,1.1,2.1,10.2
2015,nba roy,Nerlens Noel,noelne01,20,3.0,141.0,650.0,0.217,False,NBA,Nerlens Noel,20.0,PHI,C,75.0,71.0,30.8,4.0,8.7,0.462,0.0,0.0,,4.0,8.7,0.462,0.462,1.9,3.1,0.609,2.5,5.7,8.1,1.7,1.8,1.9,1.9,2.8,9.9
2015,nba roy,Elfrid Payton,paytoel01,20,3.0,79.0,650.0,0.122,False,NBA,Elfrid Payton,20.0,ORL,PG,82.0,63.0,30.4,3.7,8.6,0.425,0.1,0.5,0.262,3.5,8.1,0.435,0.433,1.4,2.6,0.551,1.3,3.0,4.3,6.5,1.7,0.2,2.5,2.4,8.9
2015,nba roy,Marcus Smart,smartma01,20,0.0,6.0,650.0,0.009,False,NBA,Marcus Smart,20.0,BOS,PG,67.0,38.0,27.0,2.6,7.1,0.367,1.4,4.1,0.335,1.3,3.1,0.41,0.462,1.2,1.9,0.646,0.9,2.4,3.3,3.1,1.5,0.3,1.3,2.6,7.8
2015,nba roy,Jusuf Nurkić,nurkiju01,20,0.0,3.0,650.0,0.005,False,NBA,Jusuf Nurkić,20.0,DEN,C,62.0,27.0,17.8,2.8,6.2,0.446,0.0,0.0,0.0,2.8,6.1,0.449,0.446,1.4,2.1,0.636,2.0,4.1,6.2,0.8,0.8,1.1,1.4,3.3,6.9
2015,nba roy,Jordan Clarkson,clarkjo01,22,0.0,2.0,650.0,0.003,False,NBA,Jordan Clarkson,22.0,LAL,PG,59.0,38.0,25.0,4.5,10.1,0.448,0.6,2.1,0.314,3.9,8.1,0.482,0.48,2.2,2.7,0.829,0.9,2.3,3.2,3.5,0.9,0.2,1.6,1.8,11.9
2015,nba smoy,Lou Williams,willilo02,28,78.0,502.0,650.0,0.772,True,NBA,Lou Williams,28.0,TOR,SG,80.0,0.0,25.2,4.7,11.6,0.404,1.9,5.6,0.34,2.8,6.0,0.464,0.486,4.3,4.9,0.861,0.3,1.6,1.9,2.1,1.1,0.1,1.3,1.3,15.5
2015,nba smoy,Isaiah Thomas,thomais02,25,33.0,324.0,650.0,0.498,False,NBA,Isaiah Thomas,25.0,2TM,PG,67.0,1.0,25.8,5.0,11.9,0.42,1.9,5.2,0.373,3.1,6.7,0.457,0.501,4.5,5.2,0.868,0.5,1.8,2.3,4.2,0.9,0.1,2.1,2.2,16.4
2015,nba smoy,Jamal Crawford,crawfja01,34,8.0,131.0,650.0,0.202,False,NBA,Jamal Crawford,34.0,LAC,SG,64.0,4.0,26.6,5.2,13.1,0.396,1.9,5.7,0.327,3.3,7.4,0.448,0.467,3.5,3.9,0.901,0.3,1.7,1.9,2.5,0.9,0.2,1.4,1.7,15.8
2015,nba smoy,Andre Iguodala,iguodan01,31,7.0,100.0,650.0,0.154,False,NBA,Andre Iguodala,31.0,GSW,SF,77.0,0.0,26.9,3.0,6.4,0.466,1.0,2.8,0.349,2.0,3.7,0.553,0.54,0.9,1.5,0.596,0.6,2.8,3.3,3.0,1.2,0.3,1.1,1.3,7.8
2015,nba smoy,Tristan Thompson,thomptr01,23,0.0,33.0,650.0,0.051,False,NBA,Tristan Thompson,23.0,CLE,PF,82.0,15.0,26.8,3.3,6.0,0.547,0.0,0.0,,3.3,6.0,0.547,0.547,1.9,3.0,0.641,3.3,4.7,8.0,0.5,0.4,0.7,1.0,2.3,8.5
2015,nba smoy,Nikola Mirotić,mirotni01,23,1.0,24.0,650.0,0.037,False,NBA,Nikola Mirotić,23.0,CHI,PF,82.0,3.0,20.2,3.1,7.6,0.405,1.2,3.8,0.316,1.9,3.8,0.495,0.485,2.8,3.5,0.803,0.8,4.2,4.9,1.2,0.7,0.7,1.1,2.1,10.2
2015,nba smoy,Marreese Speights,speigma01,27,1.0,20.0,650.0,0.031,False,NBA,Marreese Speights,27.0,GSW,C,76.0,9.0,15.9,4.2,8.5,0.492,0.1,0.2,0.278,4.1,8.3,0.498,0.496,2.0,2.3,0.843,1.4,2.8,4.3,0.9,0.3,0.4,1.1,2.5,10.4
2015,nba smoy,Corey Brewer,breweco01,28,1.0,12.0,650.0,0.018,False,NBA,Corey Brewer,28.0,2TM,SF,80.0,17.0,26.1,4.3,10.1,0.426,0.8,2.9,0.268,3.5,7.1,0.491,0.465,2.1,2.8,0.743,1.0,2.7,3.7,2.2,1.4,0.2,1.6,2.2,11.5
2015,nba smoy,Manu Ginóbili,ginobma01,37,0.0,12.0,650.0,0.018,False,NBA,Manu Ginóbili,37.0,SAS,SG,70.0,0.0,22.7,3.6,8.4,0.426,1.3,3.7,0.345,2.3,4.7,0.489,0.502,2.1,2.9,0.721,0.4,2.6,3.0,4.2,1.0,0.3,2.2,2.0,10.5
2015,nba smoy,Taj Gibson,gibsota01,29,1.0,8.0,650.0,0.012,False,NBA,Taj Gibson,29.0,CHI,PF,62.0,17.0,27.3,4.1,8.2,0.502,0.0,0.0,,4.1,8.2,0.502,0.502,2.1,3.0,0.717,2.6,3.8,6.4,1.1,0.6,1.2,1.2,2.6,10.3
2015,nba smoy,Aaron Brooks,brookaa01,30,0.0,1.0,650.0,0.002,False,NBA,Aaron Brooks,30.0,CHI,PG,82.0,21.0,23.0,4.2,10.0,0.421,1.5,3.8,0.387,2.7,6.1,0.442,0.495,1.8,2.1,0.833,0.4,1.6,2.0,3.2,0.7,0.2,1.9,2.3,11.6
2015,nba smoy,Chris Kaman,kamanch01,32,0.0,1.0,650.0,0.002,False,NBA,Chris Kaman,32.0,POR,C,74.0,13.0,18.9,3.8,7.4,0.515,0.0,0.0,,3.8,7.4,0.515,0.515,1.0,1.4,0.706,2.0,4.5,6.5,0.9,0.2,0.7,1.5,1.9,8.6
2015,nba smoy,Anthony Morrow,morroan01,29,0.0,1.0,650.0,0.002,False,NBA,Anthony Morrow,29.0,OKC,SG,74.0,0.0,24.4,3.9,8.3,0.463,1.9,4.4,0.434,1.9,3.9,0.497,0.578,1.1,1.2,0.888,0.5,2.1,2.6,0.8,0.7,0.1,0.5,1.8,10.7
2015,nba smoy,Dennis Schröder,schrode01,21,0.0,1.0,650.0,0.002,False,NBA,Dennis Schröder,21.0,ATL,PG,77.0,10.0,19.7,3.7,8.6,0.427,0.7,1.9,0.351,3.0,6.7,0.449,0.466,1.9,2.3,0.827,0.4,1.8,2.1,4.1,0.6,0.1,1.9,1.6,10.0
2014,nba dpoy,Joakim Noah,noahjo01,28,100.0,555.0,625.0,0.888,True,NBA,Joakim Noah,28.0,CHI,C,80.0,80.0,35.3,4.8,10.0,0.475,0.0,0.0,0.0,4.8,10.0,0.476,0.475,3.1,4.2,0.737,3.5,7.7,11.3,5.4,1.2,1.5,2.4,3.1,12.6
2014,nba dpoy,Roy Hibbert,hibbero01,27,8.0,166.0,625.0,0.266,False,NBA,Roy Hibbert,27.0,IND,C,81.0,81.0,29.7,4.1,9.3,0.439,0.0,0.1,0.4,4.1,9.2,0.439,0.44,2.6,3.3,0.77,2.5,4.1,6.6,1.1,0.4,2.2,1.8,3.3,10.8
2014,nba dpoy,DeAndre Jordan,jordade01,25,8.0,121.0,625.0,0.194,False,NBA,DeAndre Jordan,25.0,LAC,C,82.0,82.0,35.0,4.2,6.3,0.676,0.0,0.0,,4.2,6.3,0.676,0.676,2.0,4.6,0.428,4.0,9.5,13.6,0.9,1.0,2.5,1.5,3.2,10.4
2014,nba dpoy,Serge Ibaka,ibakase01,24,2.0,79.0,625.0,0.126,False,NBA,Serge Ibaka,24.0,OKC,PF,81.0,81.0,32.9,6.5,12.1,0.536,0.3,0.7,0.383,6.2,11.3,0.546,0.548,1.9,2.5,0.784,2.8,6.0,8.8,1.0,0.5,2.7,1.5,2.9,15.1
2014,nba dpoy,Andre Iguodala,iguodan01,30,1.0,47.0,625.0,0.075,False,NBA,Andre Iguodala,30.0,GSW,SF,63.0,63.0,32.4,3.5,7.3,0.48,1.0,2.8,0.354,2.5,4.5,0.558,0.548,1.4,2.1,0.652,0.8,3.8,4.7,4.2,1.5,0.3,1.6,1.6,9.3
2014,nba dpoy,LeBron James,jamesle01,29,2.0,31.0,625.0,0.05,False,NBA,LeBron James,29.0,MIA,PF,77.0,77.0,37.7,10.0,17.6,0.567,1.5,4.0,0.379,8.5,13.6,0.622,0.61,5.7,7.6,0.75,1.1,5.9,6.9,6.3,1.6,0.3,3.5,1.6,27.1
2014,nba dpoy,Paul George,georgpa01,23,0.0,30.0,625.0,0.048,False,NBA,Paul George,23.0,IND,SF,80.0,80.0,36.2,7.2,17.0,0.424,2.3,6.3,0.364,4.9,10.8,0.458,0.49,5.0,5.8,0.864,0.8,6.0,6.8,3.5,1.9,0.3,2.8,2.5,21.7
2014,nba dpoy,Anthony Davis,davisan02,20,1.0,25.0,625.0,0.04,False,NBA,Anthony Davis,20.0,NOP,PF,67.0,66.0,35.2,7.8,15.0,0.519,0.0,0.1,0.222,7.8,14.9,0.522,0.52,5.2,6.6,0.791,3.1,7.0,10.0,1.6,1.3,2.8,1.6,3.0,20.8
2014,nba dpoy,Dwight Howard,howardw01,28,1.0,25.0,625.0,0.04,False,NBA,Dwight Howard,28.0,HOU,C,71.0,71.0,33.7,6.7,11.3,0.591,0.0,0.1,0.286,6.6,11.2,0.594,0.593,4.9,9.0,0.547,3.3,8.9,12.2,1.8,0.8,1.8,3.2,3.4,18.3
2014,nba dpoy,Andrew Bogut,bogutan01,29,1.0,11.0,625.0,0.018,False,NBA,Andrew Bogut,29.0,GSW,C,67.0,67.0,26.4,3.5,5.6,0.627,0.0,0.0,,3.5,5.6,0.627,0.627,0.3,1.0,0.344,2.7,7.3,10.0,1.7,0.7,1.8,1.4,3.1,7.3
2014,nba dpoy,Kawhi Leonard,leonaka01,22,0.0,9.0,625.0,0.014,False,NBA,Kawhi Leonard,22.0,SAS,SF,66.0,65.0,29.1,5.1,9.8,0.522,1.0,2.8,0.379,4.1,7.0,0.579,0.576,1.5,1.9,0.802,1.2,5.1,6.2,2.0,1.7,0.8,1.2,1.9,12.8
2014,nba dpoy,P.J. Tucker,tuckepj01,28,1.0,6.0,625.0,0.01,False,NBA,P.J. Tucker,28.0,PHO,SF,81.0,81.0,30.7,3.3,7.6,0.431,0.9,2.4,0.387,2.4,5.2,0.45,0.491,1.9,2.5,0.776,2.0,4.5,6.5,1.7,1.4,0.3,1.3,2.5,9.4
2014,nba dpoy,Tim Duncan,duncati01,37,0.0,5.0,625.0,0.008,False,NBA,Tim Duncan,37.0,SAS,C,74.0,74.0,29.2,6.0,12.2,0.49,0.0,0.1,0.0,6.0,12.2,0.493,0.49,3.1,4.3,0.731,2.1,7.6,9.7,3.0,0.6,1.9,2.1,1.8,15.1
2014,nba dpoy,Chris Paul,paulch01,28,0.0,5.0,625.0,0.008,False,NBA,Chris Paul,28.0,LAC,PG,62.0,62.0,35.0,6.5,14.0,0.467,1.3,3.4,0.368,5.3,10.6,0.498,0.511,4.8,5.6,0.855,0.6,3.7,4.3,10.7,2.5,0.1,2.3,2.5,19.1
2014,nba dpoy,Trevor Ariza,arizatr01,28,0.0,4.0,625.0,0.006,False,NBA,Trevor Ariza,28.0,WAS,SF,77.0,77.0,35.4,5.1,11.1,0.456,2.3,5.7,0.407,2.7,5.3,0.509,0.562,1.9,2.5,0.772,1.3,4.9,6.2,2.5,1.6,0.3,1.7,2.3,14.4
2014,nba dpoy,Marc Gasol,gasolma01,29,0.0,4.0,625.0,0.006,False,NBA,Marc Gasol,29.0,MEM,C,59.0,59.0,33.4,5.7,12.1,0.473,0.0,0.2,0.182,5.7,11.9,0.477,0.474,3.1,4.1,0.768,1.4,5.8,7.2,3.6,1.0,1.3,1.9,2.5,14.6
2014,nba dpoy,Patrick Beverley,beverpa01,25,0.0,2.0,625.0,0.003,False,NBA,Patrick Beverley,25.0,HOU,PG,56.0,55.0,31.3,3.6,8.6,0.414,1.6,4.6,0.361,1.9,4.0,0.473,0.509,1.5,1.8,0.814,1.3,2.2,3.5,2.7,1.4,0.4,1.2,3.1,10.2
2014,nba mip,Goran Dragić,dragigo01,27,65.0,408.0,630.0,0.648,True,NBA,Goran Dragić,27.0,PHO,SG,76.0,75.0,35.1,7.3,14.4,0.505,1.6,3.9,0.408,5.7,10.4,0.542,0.561,4.2,5.5,0.76,0.9,2.3,3.2,5.9,1.4,0.3,2.8,2.7,20.3
2014,nba mip,Lance Stephenson,stephla01,23,13.0,158.0,630.0,0.251,False,NBA,Lance Stephenson,23.0,IND,SG,78.0,78.0,35.3,5.5,11.2,0.491,1.1,3.1,0.352,4.4,8.0,0.545,0.54,1.8,2.5,0.711,1.2,5.9,7.2,4.6,0.7,0.1,2.7,2.5,13.8
2014,nba mip,Anthony Davis,davisan02,20,16.0,155.0,630.0,0.246,False,NBA,Anthony Davis,20.0,NOP,PF,67.0,66.0,35.2,7.8,15.0,0.519,0.0,0.1,0.222,7.8,14.9,0.522,0.52,5.2,6.6,0.791,3.1,7.0,10.0,1.6,1.3,2.8,1.6,3.0,20.8
2014,nba mip,Gerald Green,greenge01,28,16.0,117.0,630.0,0.186,False,NBA,Gerald Green,28.0,PHO,SG,82.0,48.0,28.4,5.5,12.3,0.445,2.5,6.2,0.4,3.0,6.0,0.492,0.547,2.4,2.8,0.848,0.6,2.8,3.4,1.5,0.9,0.5,1.8,2.7,15.8
2014,nba mip,DeAndre Jordan,jordade01,25,4.0,66.0,630.0,0.105,False,NBA,DeAndre Jordan,25.0,LAC,C,82.0,82.0,35.0,4.2,6.3,0.676,0.0,0.0,,4.2,6.3,0.676,0.676,2.0,4.6,0.428,4.0,9.5,13.6,0.9,1.0,2.5,1.5,3.2,10.4
2014,nba mip,Kyle Lowry,lowryky01,27,2.0,43.0,630.0,0.068,False,NBA,Kyle Lowry,27.0,TOR,PG,79.0,79.0,36.2,5.8,13.7,0.423,2.4,6.3,0.38,3.4,7.3,0.46,0.511,4.0,4.9,0.813,1.1,3.6,4.7,7.4,1.5,0.2,2.5,3.4,17.9
2014,nba mip,Blake Griffin,griffbl01,24,6.0,39.0,630.0,0.062,False,NBA,Blake Griffin,24.0,LAC,PF,80.0,80.0,35.8,9.0,17.0,0.528,0.2,0.6,0.273,8.8,16.4,0.537,0.533,6.0,8.4,0.715,2.4,7.1,9.5,3.9,1.2,0.6,2.8,3.3,24.1
2014,nba mip,DeMar DeRozan,derozde01,24,1.0,28.0,630.0,0.044,False,NBA,DeMar DeRozan,24.0,TOR,SG,79.0,79.0,38.2,7.6,17.8,0.429,0.8,2.7,0.305,6.8,15.2,0.451,0.452,6.6,8.0,0.824,0.6,3.7,4.3,4.0,1.1,0.4,2.2,2.5,22.7
2014,nba mip,Patty Mills,millspa02,25,0.0,14.0,630.0,0.022,False,NBA,Patty Mills,25.0,SAS,PG,81.0,2.0,18.9,3.8,8.2,0.464,1.7,3.9,0.425,2.1,4.3,0.5,0.565,0.9,1.0,0.89,0.4,1.7,2.1,1.8,0.8,0.1,0.8,1.4,10.2
2014,nba mip,Markieff Morris,morrima02,24,1.0,13.0,630.0,0.021,False,NBA,Markieff Morris,24.0,PHO,PF,81.0,0.0,26.6,5.1,10.4,0.486,0.4,1.3,0.315,4.7,9.1,0.512,0.507,3.2,4.0,0.792,1.7,4.3,6.0,1.8,0.8,0.6,1.8,2.9,13.8
2014,nba mip,Isaiah Thomas,thomais02,24,0.0,13.0,630.0,0.021,False,NBA,Isaiah Thomas,24.0,SAC,PG,72.0,54.0,34.7,6.9,15.2,0.453,1.8,5.1,0.349,5.1,10.2,0.504,0.51,4.8,5.7,0.85,0.7,2.3,2.9,6.3,1.3,0.1,3.0,2.6,20.3
2014,nba mip,Shaun Livingston,livinsh01,28,0.0,11.0,630.0,0.017,False,NBA,Shaun Livingston,28.0,BRK,PG,76.0,54.0,26.0,3.1,6.4,0.483,0.0,0.1,0.167,3.1,6.3,0.486,0.484,2.1,2.5,0.827,0.9,2.4,3.2,3.2,1.2,0.4,1.4,2.3,8.3
2014,nba mip,D.J. Augustin,augusdj01,26,1.0,9.0,630.0,0.014,False,NBA,D.J. Augustin,26.0,2TM,PG,71.0,9.0,27.3,4.2,10.1,0.415,1.9,4.7,0.401,2.3,5.4,0.427,0.508,2.8,3.2,0.885,0.2,1.6,1.8,4.4,0.7,0.0,1.8,2.1,13.1
2014,nba mip,Reggie Jackson,jacksre01,23,0.0,8.0,630.0,0.013,False,NBA,Reggie Jackson,23.0,OKC,PG,80.0,36.0,28.5,5.0,11.5,0.44,1.0,3.1,0.339,4.0,8.4,0.477,0.485,2.0,2.2,0.893,0.5,3.4,3.9,4.1,1.1,0.1,2.1,1.8,13.1
2014,nba mip,Robin Lopez,lopezro01,25,0.0,6.0,630.0,0.01,False,NBA,Robin Lopez,25.0,POR,C,82.0,82.0,31.7,4.3,7.9,0.551,0.0,0.0,0.0,4.3,7.8,0.552,0.551,2.4,3.0,0.818,4.0,4.6,8.5,0.9,0.3,1.7,1.0,2.4,11.1
2014,nba mip,Klay Thompson,thompkl01,23,0.0,6.0,630.0,0.01,False,NBA,Klay Thompson,23.0,GSW,SG,81.0,81.0,35.4,6.9,15.5,0.444,2.8,6.6,0.417,4.1,8.9,0.464,0.533,1.8,2.3,0.795,0.5,2.6,3.1,2.2,0.9,0.5,1.7,2.9,18.4
2014,nba mip,Kevin Durant,duranke01,25,1.0,5.0,630.0,0.008,False,NBA,Kevin Durant,25.0,OKC,SF,81.0,81.0,38.5,10.5,20.8,0.503,2.4,6.1,0.391,8.1,14.8,0.549,0.56,8.7,9.9,0.873,0.7,6.7,7.4,5.5,1.3,0.7,3.5,2.1,32.0
2014,nba mip,DeMarcus Cousins,couside01,23,0.0,5.0,630.0,0.008,False,NBA,DeMarcus Cousins,23.0,SAC,C,71.0,71.0,32.4,8.3,16.8,0.496,0.0,0.1,0.0,8.3,16.7,0.499,0.496,6.1,8.4,0.726,3.1,8.6,11.7,2.9,1.5,1.3,3.5,3.8,22.7
2014,nba mip,Al Jefferson,jeffeal01,29,0.0,4.0,630.0,0.006,False,NBA,Al Jefferson,29.0,CHA,C,73.0,73.0,35.0,9.6,18.8,0.509,0.0,0.2,0.2,9.5,18.6,0.512,0.51,2.6,3.8,0.69,2.1,8.7,10.8,2.1,0.9,1.1,1.7,2.4,21.8
2014,nba mip,Bradley Beal,bealbr01,20,0.0,3.0,630.0,0.005,False,NBA,Bradley Beal,20.0,WAS,SG,73.0,73.0,34.7,6.6,15.7,0.419,1.9,4.7,0.402,4.7,11.0,0.426,0.479,2.0,2.6,0.788,0.7,3.0,3.7,3.3,1.0,0.2,1.8,2.1,17.1
2014,nba mip,Mike Conley,conlemi01,26,0.0,3.0,630.0,0.005,False,NBA,Mike Conley,26.0,MEM,PG,73.0,73.0,33.5,6.3,14.1,0.45,1.4,4.0,0.361,4.9,10.1,0.484,0.5,3.1,3.8,0.815,0.6,2.4,2.9,6.0,1.5,0.2,2.1,1.9,17.2
2014,nba mip,Andre Drummond,drumman01,20,0.0,3.0,630.0,0.005,False,NBA,Andre Drummond,20.0,DET,C,81.0,81.0,32.3,5.9,9.5,0.623,0.0,0.0,0.0,5.9,9.5,0.625,0.623,1.7,4.0,0.418,5.4,7.8,13.2,0.4,1.2,1.6,1.4,3.4,13.5
2014,nba mip,Taj Gibson,gibsota01,28,0.0,3.0,630.0,0.005,False,NBA,Taj Gibson,28.0,CHI,PF,82.0,8.0,28.7,5.2,10.9,0.479,0.0,0.1,0.0,5.2,10.8,0.483,0.479,2.6,3.4,0.751,2.4,4.4,6.8,1.1,0.5,1.4,1.8,2.5,13.0
2014,nba mip,LeBron James,jamesle01,29,0.0,3.0,630.0,0.005,False,NBA,LeBron James,29.0,MIA,PF,77.0,77.0,37.7,10.0,17.6,0.567,1.5,4.0,0.379,8.5,13.6,0.622,0.61,5.7,7.6,0.75,1.1,5.9,6.9,6.3,1.6,0.3,3.5,1.6,27.1
2014,nba mip,Terrence Jones,joneste01,22,0.0,3.0,630.0,0.005,False,NBA,Terrence Jones,22.0,HOU,PF,76.0,71.0,27.3,5.1,9.4,0.542,0.4,1.3,0.307,4.7,8.0,0.581,0.564,1.6,2.6,0.605,2.1,4.8,6.9,1.1,0.7,1.3,0.9,1.8,12.1
2014,nba mip,Jodie Meeks,meeksjo01,26,0.0,3.0,630.0,0.005,False,NBA,Jodie Meeks,26.0,LAL,SG,77.0,70.0,33.2,5.4,11.6,0.463,2.1,5.2,0.401,3.3,6.3,0.514,0.554,2.9,3.4,0.857,0.4,2.1,2.5,1.8,1.4,0.1,1.4,1.5,15.7
2014,nba mip,LaMarcus Aldridge,aldrila01,28,0.0,1.0,630.0,0.002,False,NBA,LaMarcus Aldridge,28.0,POR,PF,69.0,69.0,36.2,9.4,20.6,0.458,0.0,0.2,0.2,9.4,20.4,0.461,0.459,4.3,5.2,0.822,2.4,8.7,11.1,2.6,0.9,1.0,1.8,2.1,23.2
2014,nba mip,Alec Burks,burksal01,22,0.0,1.0,630.0,0.002,False,NBA,Alec Burks,22.0,UTA,SG,78.0,12.0,28.1,4.9,10.7,0.457,0.6,1.8,0.35,4.2,8.8,0.48,0.487,3.6,4.8,0.748,0.8,2.5,3.3,2.7,0.9,0.2,1.9,2.4,14.0
2014,nba mip,Paul Millsap,millspa01,28,0.0,1.0,630.0,0.002,False,NBA,Paul Millsap,28.0,ATL,PF,74.0,73.0,33.5,6.5,14.1,0.461,1.0,2.9,0.358,5.5,11.3,0.487,0.498,3.9,5.3,0.731,2.1,6.4,8.5,3.1,1.7,1.1,2.5,2.8,17.9
2014,nba mip,Chandler Parsons,parsoch01,25,0.0,1.0,630.0,0.002,False,NBA,Chandler Parsons,25.0,HOU,SF,74.0,74.0,37.6,6.3,13.3,0.472,1.8,4.7,0.37,4.5,8.6,0.528,0.538,2.2,3.0,0.742,0.9,4.6,5.5,4.0,1.2,0.4,1.9,2.3,16.6
2014,nba mip,John Wall,walljo01,23,0.0,1.0,630.0,0.002,False,NBA,John Wall,23.0,WAS,PG,82.0,82.0,36.3,7.1,16.3,0.433,1.3,3.8,0.351,5.7,12.5,0.458,0.473,3.9,4.8,0.805,0.5,3.6,4.1,8.8,1.8,0.5,3.6,2.7,19.3
2014,nba mvp,Kevin Durant,duranke01,25,119.0,1232.0,1250.0,0.986,True,NBA,Kevin Durant,25.0,OKC,SF,81.0,81.0,38.5,10.5,20.8,0.503,2.4,6.1,0.391,8.1,14.8,0.549,0.56,8.7,9.9,0.873,0.7,6.7,7.4,5.5,1.3,0.7,3.5,2.1,32.0
2014,nba mvp,LeBron James,jamesle01,29,6.0,891.0,1250.0,0.713,False,NBA,LeBron James,29.0,MIA,PF,77.0,77.0,37.7,10.0,17.6,0.567,1.5,4.0,0.379,8.5,13.6,0.622,0.61,5.7,7.6,0.75,1.1,5.9,6.9,6.3,1.6,0.3,3.5,1.6,27.1
2014,nba mvp,Blake Griffin,griffbl01,24,0.0,434.0,1250.0,0.347,False,NBA,Blake Griffin,24.0,LAC,PF,80.0,80.0,35.8,9.0,17.0,0.528,0.2,0.6,0.273,8.8,16.4,0.537,0.533,6.0,8.4,0.715,2.4,7.1,9.5,3.9,1.2,0.6,2.8,3.3,24.1
2014,nba mvp,Joakim Noah,noahjo01,28,0.0,322.0,1250.0,0.258,False,NBA,Joakim Noah,28.0,CHI,C,80.0,80.0,35.3,4.8,10.0,0.475,0.0,0.0,0.0,4.8,10.0,0.476,0.475,3.1,4.2,0.737,3.5,7.7,11.3,5.4,1.2,1.5,2.4,3.1,12.6
2014,nba mvp,James Harden,hardeja01,24,0.0,85.0,1250.0,0.068,False,NBA,James Harden,24.0,HOU,SG,73.0,73.0,38.0,7.5,16.5,0.456,2.4,6.6,0.366,5.1,9.9,0.515,0.529,7.9,9.1,0.866,0.8,3.9,4.7,6.1,1.6,0.4,3.6,2.4,25.4
2014,nba mvp,Stephen Curry,curryst01,25,0.0,66.0,1250.0,0.053,False,NBA,Stephen Curry,25.0,GSW,PG,78.0,78.0,36.5,8.4,17.7,0.471,3.3,7.9,0.424,5.0,9.8,0.509,0.566,3.9,4.5,0.885,0.6,3.7,4.3,8.5,1.6,0.2,3.8,2.5,24.0
2014,nba mvp,Chris Paul,paulch01,28,0.0,45.0,1250.0,0.036,False,NBA,Chris Paul,28.0,LAC,PG,62.0,62.0,35.0,6.5,14.0,0.467,1.3,3.4,0.368,5.3,10.6,0.498,0.511,4.8,5.6,0.855,0.6,3.7,4.3,10.7,2.5,0.1,2.3,2.5,19.1
2014,nba mvp,Al Jefferson,jeffeal01,29,0.0,34.0,1250.0,0.027,False,NBA,Al Jefferson,29.0,CHA,C,73.0,73.0,35.0,9.6,18.8,0.509,0.0,0.2,0.2,9.5,18.6,0.512,0.51,2.6,3.8,0.69,2.1,8.7,10.8,2.1,0.9,1.1,1.7,2.4,21.8
2014,nba mvp,Paul George,georgpa01,23,0.0,33.0,1250.0,0.026,False,NBA,Paul George,23.0,IND,SF,80.0,80.0,36.2,7.2,17.0,0.424,2.3,6.3,0.364,4.9,10.8,0.458,0.49,5.0,5.8,0.864,0.8,6.0,6.8,3.5,1.9,0.3,2.8,2.5,21.7
2014,nba mvp,LaMarcus Aldridge,aldrila01,28,0.0,26.0,1250.0,0.021,False,NBA,LaMarcus Aldridge,28.0,POR,PF,69.0,69.0,36.2,9.4,20.6,0.458,0.0,0.2,0.2,9.4,20.4,0.461,0.459,4.3,5.2,0.822,2.4,8.7,11.1,2.6,0.9,1.0,1.8,2.1,23.2
2014,nba mvp,Kevin Love,loveke01,25,0.0,25.0,1250.0,0.02,False,NBA,Kevin Love,25.0,MIN,PF,77.0,77.0,36.3,8.4,18.5,0.457,2.5,6.6,0.376,6.0,11.9,0.502,0.524,6.8,8.2,0.821,2.9,9.6,12.5,4.4,0.8,0.5,2.5,1.8,26.1
2014,nba mvp,Tim Duncan,duncati01,37,0.0,21.0,1250.0,0.017,False,NBA,Tim Duncan,37.0,SAS,C,74.0,74.0,29.2,6.0,12.2,0.49,0.0,0.1,0.0,6.0,12.2,0.493,0.49,3.1,4.3,0.731,2.1,7.6,9.7,3.0,0.6,1.9,2.1,1.8,15.1
2014,nba mvp,Tony Parker,parketo01,31,0.0,21.0,1250.0,0.017,False,NBA,Tony Parker,31.0,SAS,PG,68.0,68.0,29.4,6.7,13.4,0.499,0.4,1.0,0.373,6.3,12.5,0.509,0.513,2.9,3.6,0.811,0.3,2.0,2.3,5.7,0.5,0.1,2.2,1.3,16.7
2014,nba mvp,Dirk Nowitzki,nowitdi01,35,0.0,7.0,1250.0,0.006,False,NBA,Dirk Nowitzki,35.0,DAL,PF,80.0,80.0,32.9,7.9,15.9,0.497,1.6,4.1,0.398,6.3,11.8,0.532,0.549,4.2,4.7,0.899,0.5,5.7,6.2,2.7,0.9,0.6,1.5,2.1,21.7
2014,nba mvp,Carmelo Anthony,anthoca01,29,0.0,4.0,1250.0,0.003,False,NBA,Carmelo Anthony,29.0,NYK,PF,77.0,77.0,38.7,9.6,21.3,0.452,2.2,5.4,0.402,7.5,15.9,0.469,0.503,6.0,7.0,0.848,1.9,6.2,8.1,3.1,1.2,0.7,2.6,2.9,27.4
2014,nba mvp,Goran Dragić,dragigo01,27,0.0,3.0,1250.0,0.002,False,NBA,Goran Dragić,27.0,PHO,SG,76.0,75.0,35.1,7.3,14.4,0.505,1.6,3.9,0.408,5.7,10.4,0.542,0.561,4.2,5.5,0.76,0.9,2.3,3.2,5.9,1.4,0.3,2.8,2.7,20.3
2014,nba mvp,Mike Conley,conlemi01,26,0.0,1.0,1250.0,0.001,False,NBA,Mike Conley,26.0,MEM,PG,73.0,73.0,33.5,6.3,14.1,0.45,1.4,4.0,0.361,4.9,10.1,0.484,0.5,3.1,3.8,0.815,0.6,2.4,2.9,6.0,1.5,0.2,2.1,1.9,17.2
2014,nba roy,Michael Carter-Williams,cartemi01,22,104.0,569.0,620.0,0.918,True,NBA,Michael Carter-Williams,22.0,PHI,PG,70.0,70.0,34.5,6.1,15.1,0.405,0.8,3.0,0.264,5.3,12.1,0.44,0.431,3.7,5.2,0.703,1.4,4.8,6.2,6.3,1.9,0.6,3.5,3.0,16.7
2014,nba roy,Victor Oladipo,oladivi01,21,16.0,364.0,620.0,0.587,False,NBA,Victor Oladipo,21.0,ORL,PG,80.0,44.0,31.1,4.9,11.7,0.419,0.9,2.8,0.327,4.0,8.9,0.448,0.458,3.1,4.0,0.78,0.5,3.6,4.1,4.1,1.6,0.5,3.2,2.6,13.8
2014,nba roy,Trey Burke,burketr01,21,1.0,96.0,620.0,0.155,False,NBA,Trey Burke,21.0,UTA,PG,70.0,68.0,32.3,4.9,12.8,0.38,1.6,4.8,0.33,3.3,8.0,0.41,0.442,1.5,1.6,0.903,0.5,2.4,3.0,5.7,0.6,0.1,1.9,2.1,12.8
2014,nba roy,Mason Plumlee,plumlma01,23,2.0,58.0,620.0,0.094,False,NBA,Mason Plumlee,23.0,BRK,C,70.0,22.0,18.2,2.8,4.3,0.659,0.0,0.0,0.0,2.8,4.3,0.666,0.659,1.7,2.8,0.626,1.4,3.0,4.4,0.9,0.7,0.8,1.1,2.4,7.4
2014,nba roy,Tim Hardaway Jr.,hardati02,21,1.0,23.0,620.0,0.037,False,NBA,Tim Hardaway Jr.,21.0,NYK,SG,81.0,1.0,23.1,3.6,8.5,0.428,1.6,4.4,0.363,2.0,4.1,0.498,0.523,1.3,1.6,0.828,0.2,1.3,1.5,0.8,0.5,0.1,0.6,1.8,10.2
2014,nba roy,Gorgui Dieng,dienggo01,24,0.0,3.0,620.0,0.005,False,NBA,Gorgui Dieng,24.0,MIN,C,60.0,15.0,13.6,1.9,3.8,0.498,0.0,0.0,1.0,1.9,3.8,0.496,0.5,1.0,1.6,0.634,1.7,3.3,5.0,0.7,0.5,0.8,0.9,1.8,4.8
2014,nba roy,Steven Adams,adamsst01,20,0.0,1.0,620.0,0.002,False,NBA,Steven Adams,20.0,OKC,C,81.0,20.0,14.8,1.1,2.3,0.503,0.0,0.0,,1.1,2.3,0.503,0.503,1.0,1.7,0.581,1.8,2.3,4.1,0.5,0.5,0.7,0.9,2.5,3.3
2014,nba roy,Giannis Antetokounmpo,antetgi01,19,0.0,1.0,620.0,0.002,False,NBA,Giannis Antetokounmpo,19.0,MIL,SF,77.0,23.0,24.6,2.2,5.4,0.414,0.5,1.5,0.347,1.7,3.9,0.44,0.463,1.8,2.6,0.683,1.0,3.4,4.4,1.9,0.8,0.8,1.6,2.2,6.8
2014,nba roy,Nick Calathes,calatni01,24,0.0,1.0,620.0,0.002,False,NBA,Nick Calathes,24.0,MEM,SG,71.0,7.0,16.5,2.0,4.4,0.457,0.3,0.9,0.311,1.7,3.5,0.492,0.487,0.6,1.0,0.611,0.3,1.6,1.9,2.9,0.9,0.1,1.4,1.6,4.9
2014,nba smoy,Jamal Crawford,crawfja01,33,57.0,421.0,625.0,0.674,True,NBA,Jamal Crawford,33.0,LAC,SG,69.0,24.0,30.3,6.1,14.7,0.416,2.3,6.5,0.361,3.8,8.2,0.46,0.496,4.0,4.7,0.866,0.5,1.8,2.3,3.2,0.9,0.2,2.0,1.7,18.6
2014,nba smoy,Taj Gibson,gibsota01,28,49.0,395.0,625.0,0.632,False,NBA,Taj Gibson,28.0,CHI,PF,82.0,8.0,28.7,5.2,10.9,0.479,0.0,0.1,0.0,5.2,10.8,0.483,0.479,2.6,3.4,0.751,2.4,4.4,6.8,1.1,0.5,1.4,1.8,2.5,13.0
2014,nba smoy,Manu Ginóbili,ginobma01,36,9.0,138.0,625.0,0.221,False,NBA,Manu Ginóbili,36.0,SAS,SG,68.0,3.0,22.8,4.3,9.2,0.469,1.3,3.8,0.349,3.0,5.4,0.553,0.541,2.4,2.8,0.851,0.4,2.5,3.0,4.3,1.0,0.3,2.0,1.9,12.3
2014,nba smoy,Markieff Morris,morrima02,24,5.0,85.0,625.0,0.136,False,NBA,Markieff Morris,24.0,PHO,PF,81.0,0.0,26.6,5.1,10.4,0.486,0.4,1.3,0.315,4.7,9.1,0.512,0.507,3.2,4.0,0.792,1.7,4.3,6.0,1.8,0.8,0.6,1.8,2.9,13.8
2014,nba smoy,Reggie Jackson,jacksre01,23,4.0,49.0,625.0,0.078,False,NBA,Reggie Jackson,23.0,OKC,PG,80.0,36.0,28.5,5.0,11.5,0.44,1.0,3.1,0.339,4.0,8.4,0.477,0.485,2.0,2.2,0.893,0.5,3.4,3.9,4.1,1.1,0.1,2.1,1.8,13.1
2014,nba smoy,Vince Carter,cartevi01,37,1.0,12.0,625.0,0.019,False,NBA,Vince Carter,37.0,DAL,SG,81.0,0.0,24.4,4.1,10.0,0.407,1.8,4.6,0.394,2.3,5.4,0.418,0.497,2.0,2.4,0.821,0.8,2.7,3.5,2.6,0.8,0.4,1.3,2.6,11.9
2014,nba smoy,D.J. Augustin,augusdj01,26,0.0,6.0,625.0,0.01,False,NBA,D.J. Augustin,26.0,2TM,PG,71.0,9.0,27.3,4.2,10.1,0.415,1.9,4.7,0.401,2.3,5.4,0.427,0.508,2.8,3.2,0.885,0.2,1.6,1.8,4.4,0.7,0.0,1.8,2.1,13.1
2014,nba smoy,Enes Freedom,kanteen01,21,0.0,3.0,625.0,0.005,False,NBA,Enes Freedom,21.0,UTA,C,80.0,37.0,26.7,5.2,10.7,0.491,0.0,0.0,0.0,5.2,10.7,0.492,0.491,1.9,2.6,0.73,2.8,4.7,7.5,0.9,0.4,0.5,1.8,2.9,12.3
2014,nba smoy,Dion Waiters,waitedi01,22,0.0,3.0,625.0,0.005,False,NBA,Dion Waiters,22.0,CLE,SG,70.0,24.0,29.6,6.1,14.2,0.433,1.3,3.6,0.368,4.8,10.6,0.455,0.479,2.3,3.4,0.685,0.5,2.3,2.8,3.0,0.9,0.2,2.2,2.2,15.9
2014,nba smoy,Nick Young,youngni01,28,0.0,3.0,625.0,0.005,False,NBA,Nick Young,28.0,LAL,SG,64.0,9.0,28.3,6.0,13.9,0.435,2.1,5.5,0.386,3.9,8.4,0.468,0.511,3.7,4.5,0.825,0.5,2.1,2.6,1.5,0.7,0.2,1.5,2.4,17.9
2014,nba smoy,Chris Andersen,anderch01,35,0.0,2.0,625.0,0.003,False,NBA,Chris Andersen,35.0,MIA,C,72.0,0.0,19.4,2.5,3.8,0.644,0.0,0.2,0.25,2.4,3.7,0.662,0.649,1.7,2.3,0.71,1.8,3.5,5.3,0.3,0.4,1.3,0.7,2.3,6.6
2014,nba smoy,Marco Belinelli,belinma01,27,0.0,2.0,625.0,0.003,False,NBA,Marco Belinelli,27.0,SAS,SF,80.0,25.0,25.2,4.2,8.7,0.485,1.6,3.7,0.43,2.6,5.0,0.525,0.576,1.4,1.6,0.847,0.2,2.6,2.8,2.2,0.6,0.1,1.2,1.6,11.4
2014,nba smoy,Andray Blatche,blatcan01,27,0.0,1.0,625.0,0.002,False,NBA,Andray Blatche,27.0,BRK,PF,73.0,7.0,22.2,4.4,9.2,0.476,0.2,0.7,0.278,4.2,8.5,0.494,0.487,2.2,3.0,0.742,1.6,3.7,5.3,1.5,1.0,0.5,1.5,2.3,11.2
2014,nba smoy,Tim Hardaway Jr.,hardati02,21,0.0,1.0,625.0,0.002,False,NBA,Tim Hardaway Jr.,21.0,NYK,SG,81.0,1.0,23.1,3.6,8.5,0.428,1.6,4.4,0.363,2.0,4.1,0.498,0.523,1.3,1.6,0.828,0.2,1.3,1.5,0.8,0.5,0.1,0.6,1.8,10.2
2014,nba smoy,Patty Mills,millspa02,25,0.0,1.0,625.0,0.002,False,NBA,Patty Mills,25.0,SAS,PG,81.0,2.0,18.9,3.8,8.2,0.464,1.7,3.9,0.425,2.1,4.3,0.5,0.565,0.9,1.0,0.89,0.4,1.7,2.1,1.8,0.8,0.1,0.8,1.4,10.2
2014,nba smoy,Timofey Mozgov,mozgoti01,27,0.0,1.0,625.0,0.002,False,NBA,Timofey Mozgov,27.0,DEN,C,82.0,30.0,21.6,3.5,6.6,0.523,0.0,0.3,0.167,3.4,6.4,0.539,0.527,2.4,3.2,0.754,2.1,4.4,6.4,0.8,0.3,1.2,1.5,2.6,9.4
2014,nba smoy,Greivis Vásquez,vasqugr01,27,0.0,1.0,625.0,0.002,False,NBA,Greivis Vásquez,27.0,2TM,PG,79.0,23.0,22.5,3.5,8.3,0.421,1.4,3.7,0.377,2.1,4.7,0.455,0.504,1.2,1.4,0.88,0.3,1.9,2.2,4.1,0.4,0.1,1.6,1.8,9.6
2014,nba smoy,Mo Williams,willima01,31,0.0,1.0,625.0,0.002,False,NBA,Mo Williams,31.0,POR,PG,74.0,0.0,24.8,3.8,9.1,0.417,1.1,3.0,0.369,2.7,6.0,0.441,0.478,1.1,1.2,0.876,0.6,1.5,2.1,4.3,0.7,0.1,2.0,2.7,9.7
2013,nba dpoy,Marc Gasol,gasolma01,28,30.0,212.0,605.0,0.35,True,NBA,Marc Gasol,28.0,MEM,C,80.0,80.0,35.0,5.4,10.9,0.494,0.0,0.2,0.071,5.4,10.7,0.501,0.494,3.4,4.0,0.848,2.3,5.5,7.8,4.0,1.0,1.7,2.0,3.2,14.1
2013,nba dpoy,LeBron James,jamesle01,28,18.0,149.0,605.0,0.246,False,NBA,LeBron James,28.0,MIA,PF,76.0,76.0,37.9,10.1,17.8,0.565,1.4,3.3,0.406,8.7,14.5,0.602,0.603,5.3,7.0,0.753,1.3,6.8,8.0,7.3,1.7,0.9,3.0,1.4,26.8
2013,nba dpoy,Serge Ibaka,ibakase01,23,14.0,122.0,605.0,0.202,False,NBA,Serge Ibaka,23.0,OKC,PF,80.0,80.0,31.1,5.6,9.7,0.573,0.3,0.7,0.351,5.3,9.0,0.591,0.586,1.8,2.4,0.749,2.8,4.9,7.7,0.5,0.4,3.0,1.6,2.7,13.2
2013,nba dpoy,Joakim Noah,noahjo01,27,13.0,107.0,605.0,0.177,False,NBA,Joakim Noah,27.0,CHI,C,66.0,64.0,36.8,4.6,9.5,0.481,0.0,0.1,0.0,4.6,9.5,0.485,0.481,2.7,3.6,0.751,3.9,7.2,11.1,4.0,1.2,2.1,2.7,2.8,11.9
2013,nba dpoy,Tony Allen,allento01,31,9.0,102.0,605.0,0.169,False,NBA,Tony Allen,31.0,MEM,SG,79.0,79.0,26.7,3.6,8.1,0.445,0.0,0.3,0.125,3.6,7.8,0.458,0.447,1.7,2.4,0.717,1.5,3.1,4.6,1.2,1.5,0.6,1.2,2.7,8.9
2013,nba dpoy,Tim Duncan,duncati01,36,11.0,94.0,605.0,0.155,False,NBA,Tim Duncan,36.0,SAS,C,69.0,69.0,30.1,7.1,14.1,0.502,0.0,0.1,0.286,7.1,14.0,0.504,0.503,3.6,4.3,0.817,1.8,8.1,9.9,2.7,0.7,2.7,2.1,1.7,17.8
2013,nba dpoy,Larry Sanders,sandela01,24,4.0,90.0,605.0,0.149,False,NBA,Larry Sanders,24.0,MIL,C,71.0,55.0,27.3,4.3,8.5,0.506,0.0,0.0,0.0,4.3,8.5,0.507,0.506,1.2,1.9,0.618,3.2,6.3,9.5,1.2,0.7,2.8,1.2,3.3,9.8
2013,nba dpoy,Paul George,georgpa01,22,8.0,57.0,605.0,0.094,False,NBA,Paul George,22.0,IND,SF,79.0,79.0,37.6,6.2,14.9,0.419,2.2,5.9,0.362,4.1,8.9,0.457,0.491,2.8,3.5,0.807,1.1,6.5,7.6,4.1,1.8,0.6,2.9,2.9,17.4
2013,nba dpoy,Andre Iguodala,iguodan01,29,5.0,43.0,605.0,0.071,False,NBA,Andre Iguodala,29.0,DEN,SG,80.0,80.0,34.7,5.0,11.0,0.451,1.1,3.6,0.317,3.8,7.4,0.515,0.502,1.9,3.4,0.574,1.0,4.3,5.3,5.4,1.7,0.7,2.6,1.6,13.0
2013,nba dpoy,Roy Hibbert,hibbero01,26,3.0,36.0,605.0,0.06,False,NBA,Roy Hibbert,26.0,IND,C,79.0,79.0,28.7,4.9,10.9,0.448,0.0,0.1,0.25,4.9,10.8,0.449,0.449,2.1,2.8,0.741,3.7,4.6,8.3,1.4,0.5,2.6,2.1,3.5,11.9
2013,nba dpoy,Chris Paul,paulch01,27,2.0,19.0,605.0,0.031,False,NBA,Chris Paul,27.0,LAC,PG,70.0,70.0,33.4,5.9,12.2,0.481,1.1,3.3,0.328,4.8,8.9,0.538,0.526,4.1,4.6,0.885,0.8,3.0,3.7,9.7,2.4,0.1,2.3,2.0,16.9
2013,nba dpoy,Avery Bradley,bradlav01,22,2.0,15.0,605.0,0.025,False,NBA,Avery Bradley,22.0,BOS,PG,50.0,50.0,28.7,3.8,9.6,0.402,0.8,2.5,0.317,3.0,7.0,0.432,0.444,0.7,1.0,0.755,0.6,1.6,2.2,2.1,1.3,0.4,1.4,2.6,9.2
2013,nba dpoy,Tyson Chandler,chandty01,30,0.0,11.0,605.0,0.018,False,NBA,Tyson Chandler,30.0,NYK,C,66.0,66.0,32.8,3.9,6.1,0.638,0.0,0.0,,3.9,6.1,0.638,0.638,2.7,3.9,0.694,4.1,6.6,10.7,0.9,0.6,1.1,1.3,2.8,10.4
2013,nba dpoy,Dwight Howard,howardw01,27,1.0,9.0,605.0,0.015,False,NBA,Dwight Howard,27.0,LAL,C,76.0,76.0,35.8,6.2,10.7,0.578,0.0,0.1,0.167,6.2,10.6,0.581,0.579,4.7,9.5,0.492,3.3,9.1,12.4,1.4,1.1,2.4,3.0,3.8,17.1
2013,nba dpoy,Luol Deng,denglu01,27,1.0,6.0,605.0,0.01,False,NBA,Luol Deng,27.0,CHI,SF,75.0,75.0,38.7,6.2,14.6,0.426,1.0,3.1,0.322,5.2,11.5,0.455,0.461,3.1,3.8,0.816,2.2,4.2,6.3,3.0,1.1,0.4,1.9,1.4,16.5
2013,nba dpoy,Dwyane Wade,wadedw01,31,0.0,4.0,605.0,0.007,False,NBA,Dwyane Wade,31.0,MIA,SG,69.0,69.0,34.7,8.2,15.8,0.521,0.2,1.0,0.258,8.0,14.9,0.537,0.528,4.5,6.2,0.725,1.2,3.7,5.0,5.1,1.9,0.8,2.8,2.0,21.2
2013,nba dpoy,Trevor Ariza,arizatr01,27,0.0,3.0,605.0,0.005,False,NBA,Trevor Ariza,27.0,WAS,SF,56.0,15.0,26.3,3.4,8.1,0.417,1.4,3.7,0.364,2.0,4.3,0.463,0.501,1.4,1.7,0.821,0.8,4.0,4.8,2.0,1.3,0.4,1.5,1.3,9.5
2013,nba dpoy,Jimmy Butler,butleji01,23,0.0,3.0,605.0,0.005,False,NBA,Jimmy Butler,23.0,CHI,SF,82.0,20.0,26.0,2.9,6.2,0.467,0.5,1.3,0.381,2.4,5.0,0.489,0.506,2.3,2.8,0.803,1.7,2.3,4.0,1.4,1.0,0.4,0.8,1.2,8.6
2013,nba dpoy,Kenneth Faried,farieke01,23,0.0,3.0,605.0,0.005,False,NBA,Kenneth Faried,23.0,DEN,PF,80.0,80.0,28.1,4.8,8.6,0.552,0.0,0.0,,4.8,8.6,0.552,0.552,2.0,3.3,0.613,3.3,5.9,9.2,1.0,1.0,1.0,1.4,2.9,11.5
2013,nba dpoy,Russell Westbrook,westbru01,24,0.0,3.0,605.0,0.005,False,NBA,Russell Westbrook,24.0,OKC,PG,82.0,82.0,34.9,8.2,18.7,0.438,1.2,3.7,0.323,7.0,15.1,0.466,0.47,5.6,7.0,0.8,1.4,3.9,5.2,7.4,1.8,0.3,3.3,2.3,23.2
2013,nba dpoy,Mike Conley,conlemi01,25,0.0,1.0,605.0,0.002,False,NBA,Mike Conley,25.0,MEM,PG,80.0,80.0,34.5,5.2,11.8,0.44,1.3,3.7,0.362,3.9,8.1,0.476,0.497,2.9,3.5,0.83,0.5,2.3,2.8,6.1,2.2,0.3,2.4,2.1,14.6
2013,nba mip,Paul George,georgpa01,22,52.0,311.0,600.0,0.518,True,NBA,Paul George,22.0,IND,SF,79.0,79.0,37.6,6.2,14.9,0.419,2.2,5.9,0.362,4.1,8.9,0.457,0.491,2.8,3.5,0.807,1.1,6.5,7.6,4.1,1.8,0.6,2.9,2.9,17.4
2013,nba mip,Greivis Vásquez,vasqugr01,26,13.0,146.0,600.0,0.243,False,NBA,Greivis Vásquez,26.0,NOH,PG,78.0,78.0,34.4,5.6,13.0,0.433,1.1,3.1,0.342,4.6,9.9,0.462,0.474,1.6,2.0,0.805,0.6,3.8,4.3,9.0,0.8,0.1,3.2,2.4,13.9
2013,nba mip,Larry Sanders,sandela01,24,10.0,141.0,600.0,0.235,False,NBA,Larry Sanders,24.0,MIL,C,71.0,55.0,27.3,4.3,8.5,0.506,0.0,0.0,0.0,4.3,8.5,0.507,0.506,1.2,1.9,0.618,3.2,6.3,9.5,1.2,0.7,2.8,1.2,3.3,9.8
2013,nba mip,Nikola Vučević,vucevni01,22,10.0,109.0,600.0,0.182,False,NBA,Nikola Vučević,22.0,ORL,C,77.0,77.0,33.2,6.0,11.5,0.519,0.0,0.0,0.0,6.0,11.5,0.52,0.519,1.1,1.6,0.683,3.5,8.4,11.9,1.9,0.8,1.0,1.8,2.8,13.1
2013,nba mip,Jrue Holiday,holidjr01,22,10.0,102.0,600.0,0.17,False,NBA,Jrue Holiday,22.0,PHI,PG,78.0,78.0,37.5,7.1,16.5,0.431,1.2,3.2,0.368,5.9,13.3,0.446,0.466,2.3,3.1,0.752,1.1,3.1,4.2,8.0,1.6,0.4,3.7,2.2,17.7
2013,nba mip,Ömer Aşık,asikom01,26,9.0,86.0,600.0,0.143,False,NBA,Ömer Aşık,26.0,HOU,C,82.0,82.0,30.0,4.0,7.5,0.541,0.0,0.0,0.0,4.0,7.5,0.542,0.541,2.0,3.6,0.562,3.4,8.3,11.7,0.9,0.6,1.1,2.1,2.7,10.1
2013,nba mip,James Harden,hardeja01,23,8.0,53.0,600.0,0.088,False,NBA,James Harden,23.0,HOU,SG,78.0,78.0,38.3,7.5,17.1,0.438,2.3,6.2,0.368,5.2,10.9,0.477,0.504,8.6,10.2,0.851,0.8,4.1,4.9,5.8,1.8,0.5,3.8,2.3,25.9
2013,nba mip,Stephen Curry,curryst01,24,1.0,18.0,600.0,0.03,False,NBA,Stephen Curry,24.0,GSW,PG,78.0,78.0,38.2,8.0,17.8,0.451,3.5,7.7,0.453,4.5,10.1,0.449,0.549,3.4,3.7,0.9,0.8,3.3,4.0,6.9,1.6,0.2,3.1,2.5,22.9
2013,nba mip,Serge Ibaka,ibakase01,23,1.0,15.0,600.0,0.025,False,NBA,Serge Ibaka,23.0,OKC,PF,80.0,80.0,31.1,5.6,9.7,0.573,0.3,0.7,0.351,5.3,9.0,0.591,0.586,1.8,2.4,0.749,2.8,4.9,7.7,0.5,0.4,3.0,1.6,2.7,13.2
2013,nba mip,Chandler Parsons,parsoch01,24,0.0,14.0,600.0,0.023,False,NBA,Chandler Parsons,24.0,HOU,SF,76.0,76.0,36.3,6.0,12.4,0.486,2.0,5.2,0.385,4.0,7.2,0.559,0.567,1.5,2.0,0.729,1.0,4.3,5.3,3.5,1.0,0.4,1.9,1.9,15.5
2013,nba mip,Kemba Walker,walkeke02,22,0.0,9.0,600.0,0.015,False,NBA,Kemba Walker,22.0,CHA,PG,82.0,82.0,34.9,6.4,15.2,0.423,1.3,4.0,0.322,5.1,11.1,0.459,0.466,3.6,4.5,0.798,0.7,2.7,3.5,5.7,2.0,0.4,2.4,1.9,17.7
2013,nba mip,J.R. Smith,smithjr01,27,1.0,8.0,600.0,0.013,False,NBA,J.R. Smith,27.0,NYK,SG,80.0,0.0,33.5,6.6,15.6,0.422,1.9,5.5,0.356,4.7,10.2,0.458,0.484,3.0,3.9,0.762,0.8,4.5,5.3,2.7,1.3,0.3,1.7,2.8,18.1
2013,nba mip,Klay Thompson,thompkl01,22,1.0,8.0,600.0,0.013,False,NBA,Klay Thompson,22.0,GSW,SG,82.0,82.0,35.8,6.2,14.7,0.422,2.6,6.4,0.401,3.6,8.3,0.437,0.509,1.6,1.9,0.841,0.4,3.3,3.7,2.2,1.0,0.5,1.9,2.9,16.6
2013,nba mip,Jimmy Butler,butleji01,23,0.0,7.0,600.0,0.012,False,NBA,Jimmy Butler,23.0,CHI,SF,82.0,20.0,26.0,2.9,6.2,0.467,0.5,1.3,0.381,2.4,5.0,0.489,0.506,2.3,2.8,0.803,1.7,2.3,4.0,1.4,1.0,0.4,0.8,1.2,8.6
2013,nba mip,Ryan Anderson,anderry01,24,1.0,5.0,600.0,0.008,False,NBA,Ryan Anderson,24.0,NOH,PF,81.0,22.0,30.9,5.8,13.8,0.423,2.6,6.9,0.382,3.2,6.9,0.464,0.519,1.9,2.2,0.844,2.4,4.0,6.4,1.2,0.5,0.4,1.2,2.2,16.2
2013,nba mip,Carmelo Anthony,anthoca01,28,1.0,5.0,600.0,0.008,False,NBA,Carmelo Anthony,28.0,NYK,PF,67.0,67.0,37.0,10.0,22.2,0.449,2.3,6.2,0.379,7.6,16.0,0.476,0.502,6.3,7.6,0.83,2.0,4.9,6.9,2.6,0.8,0.5,2.6,3.1,28.7
2013,nba mip,Andray Blatche,blatcan01,26,1.0,5.0,600.0,0.008,False,NBA,Andray Blatche,26.0,BRK,C,82.0,8.0,19.0,4.2,8.2,0.512,0.0,0.3,0.136,4.2,8.0,0.524,0.514,1.8,2.6,0.685,2.0,3.1,5.1,1.0,1.0,0.7,1.5,2.0,10.3
2013,nba mip,Mike Conley,conlemi01,25,1.0,5.0,600.0,0.008,False,NBA,Mike Conley,25.0,MEM,PG,80.0,80.0,34.5,5.2,11.8,0.44,1.3,3.7,0.362,3.9,8.1,0.476,0.497,2.9,3.5,0.83,0.5,2.3,2.8,6.1,2.2,0.3,2.4,2.1,14.6
2013,nba mip,Kawhi Leonard,leonaka01,21,0.0,5.0,600.0,0.008,False,NBA,Kawhi Leonard,21.0,SAS,SF,58.0,57.0,31.2,4.5,9.1,0.494,1.1,3.0,0.374,3.4,6.1,0.554,0.556,1.8,2.2,0.825,1.1,4.9,6.0,1.6,1.7,0.6,1.1,1.7,11.9
2013,nba mip,Kevin Durant,duranke01,24,0.0,4.0,600.0,0.007,False,NBA,Kevin Durant,24.0,OKC,SF,81.0,81.0,38.5,9.0,17.7,0.51,1.7,4.1,0.416,7.3,13.6,0.539,0.559,8.4,9.3,0.905,0.6,7.3,7.9,4.6,1.4,1.3,3.5,1.8,28.1
2013,nba mip,Arron Afflalo,afflaar01,27,0.0,3.0,600.0,0.005,False,NBA,Arron Afflalo,27.0,ORL,SF,64.0,64.0,36.0,6.2,14.1,0.439,1.1,3.8,0.3,5.1,10.4,0.489,0.478,3.0,3.5,0.857,0.5,3.3,3.7,3.2,0.6,0.2,2.2,2.1,16.5
2013,nba mip,Earl Clark,clarkea01,25,0.0,3.0,600.0,0.005,False,NBA,Earl Clark,25.0,LAL,PF,59.0,36.0,23.1,2.9,6.5,0.44,0.6,1.8,0.337,2.3,4.8,0.479,0.486,0.9,1.3,0.697,1.4,4.1,5.5,1.1,0.6,0.7,1.1,1.7,7.3
2013,nba mip,Kenneth Faried,farieke01,23,0.0,3.0,600.0,0.005,False,NBA,Kenneth Faried,23.0,DEN,PF,80.0,80.0,28.1,4.8,8.6,0.552,0.0,0.0,,4.8,8.6,0.552,0.552,2.0,3.3,0.613,3.3,5.9,9.2,1.0,1.0,1.0,1.4,2.9,11.5
2013,nba mip,Greg Monroe,monrogr01,22,0.0,3.0,600.0,0.005,False,NBA,Greg Monroe,22.0,DET,C,81.0,81.0,33.2,6.3,13.1,0.486,0.0,0.0,0.0,6.3,13.0,0.488,0.486,3.3,4.8,0.689,2.9,6.7,9.6,3.5,1.3,0.7,2.9,2.3,16.0
2013,nba mip,Joakim Noah,noahjo01,27,0.0,3.0,600.0,0.005,False,NBA,Joakim Noah,27.0,CHI,C,66.0,64.0,36.8,4.6,9.5,0.481,0.0,0.1,0.0,4.6,9.5,0.485,0.481,2.7,3.6,0.751,3.9,7.2,11.1,4.0,1.2,2.1,2.7,2.8,11.9
2013,nba mip,Tristan Thompson,thomptr01,21,0.0,2.0,600.0,0.003,False,NBA,Tristan Thompson,21.0,CLE,PF,82.0,82.0,31.3,4.8,9.7,0.488,0.0,0.0,0.0,4.8,9.7,0.49,0.488,2.2,3.5,0.608,3.7,5.7,9.4,1.3,0.7,0.9,1.5,2.9,11.7
2013,nba mip,Tobias Harris,harrito02,20,0.0,1.0,600.0,0.002,False,NBA,Tobias Harris,20.0,2TM,SF,55.0,34.0,23.6,4.2,9.3,0.455,0.6,2.0,0.315,3.6,7.3,0.493,0.488,1.9,2.5,0.752,1.3,3.9,5.2,1.3,0.6,0.8,1.2,2.2,11.0
2013,nba mip,Jarrett Jack,jackja01,29,0.0,1.0,600.0,0.002,False,NBA,Jarrett Jack,29.0,GSW,SG,79.0,4.0,29.7,4.9,10.8,0.452,1.0,2.6,0.404,3.9,8.3,0.466,0.499,2.1,2.5,0.843,0.3,2.8,3.1,5.6,0.8,0.1,2.0,1.7,12.9
2013,nba mip,Ty Lawson,lawsoty01,25,0.0,1.0,600.0,0.002,False,NBA,Ty Lawson,25.0,DEN,PG,73.0,71.0,34.4,6.1,13.3,0.461,1.2,3.2,0.366,5.0,10.1,0.491,0.505,3.2,4.3,0.756,0.5,2.2,2.7,6.9,1.5,0.1,2.5,1.8,16.7
2013,nba mip,Brook Lopez,lopezbr01,24,0.0,1.0,600.0,0.002,False,NBA,Brook Lopez,24.0,BRK,C,74.0,74.0,30.4,7.7,14.8,0.521,0.0,0.0,0.0,7.7,14.8,0.522,0.521,4.0,5.3,0.758,2.8,4.1,6.9,0.9,0.4,2.1,1.8,2.1,19.4
2013,nba mip,Robin Lopez,lopezro01,24,0.0,1.0,600.0,0.002,False,NBA,Robin Lopez,24.0,NOH,C,82.0,82.0,26.0,4.7,8.8,0.534,0.0,0.0,,4.7,8.8,0.534,0.534,2.0,2.5,0.778,2.8,2.9,5.6,0.8,0.4,1.6,1.3,2.0,11.3
2013,nba mip,Lance Stephenson,stephla01,22,0.0,1.0,600.0,0.002,False,NBA,Lance Stephenson,22.0,IND,SG,78.0,72.0,29.2,3.5,7.7,0.46,0.8,2.4,0.33,2.7,5.3,0.52,0.512,1.0,1.5,0.652,0.6,3.3,3.9,2.9,1.0,0.2,1.4,2.1,8.8
2013,nba mip,Jeff Teague,teaguje01,24,0.0,1.0,600.0,0.002,False,NBA,Jeff Teague,24.0,ATL,PG,80.0,78.0,32.9,5.5,12.2,0.451,1.1,3.1,0.359,4.4,9.1,0.482,0.496,2.5,2.8,0.881,0.3,1.9,2.3,7.2,1.5,0.4,2.9,2.3,14.6
2013,nba mvp,LeBron James,jamesle01,28,120.0,1207.0,1210.0,0.998,True,NBA,LeBron James,28.0,MIA,PF,76.0,76.0,37.9,10.1,17.8,0.565,1.4,3.3,0.406,8.7,14.5,0.602,0.603,5.3,7.0,0.753,1.3,6.8,8.0,7.3,1.7,0.9,3.0,1.4,26.8
2013,nba mvp,Kevin Durant,duranke01,24,0.0,765.0,1210.0,0.632,False,NBA,Kevin Durant,24.0,OKC,SF,81.0,81.0,38.5,9.0,17.7,0.51,1.7,4.1,0.416,7.3,13.6,0.539,0.559,8.4,9.3,0.905,0.6,7.3,7.9,4.6,1.4,1.3,3.5,1.8,28.1
2013,nba mvp,Carmelo Anthony,anthoca01,28,1.0,475.0,1210.0,0.393,False,NBA,Carmelo Anthony,28.0,NYK,PF,67.0,67.0,37.0,10.0,22.2,0.449,2.3,6.2,0.379,7.6,16.0,0.476,0.502,6.3,7.6,0.83,2.0,4.9,6.9,2.6,0.8,0.5,2.6,3.1,28.7
2013,nba mvp,Chris Paul,paulch01,27,0.0,289.0,1210.0,0.239,False,NBA,Chris Paul,27.0,LAC,PG,70.0,70.0,33.4,5.9,12.2,0.481,1.1,3.3,0.328,4.8,8.9,0.538,0.526,4.1,4.6,0.885,0.8,3.0,3.7,9.7,2.4,0.1,2.3,2.0,16.9
2013,nba mvp,Kobe Bryant,bryanko01,34,0.0,184.0,1210.0,0.152,False,NBA,Kobe Bryant,34.0,LAL,SG,78.0,78.0,38.6,9.5,20.4,0.463,1.7,5.2,0.324,7.8,15.2,0.51,0.504,6.7,8.0,0.839,0.8,4.7,5.6,6.0,1.4,0.3,3.7,2.2,27.3
2013,nba mvp,Tony Parker,parketo01,30,0.0,86.0,1210.0,0.071,False,NBA,Tony Parker,30.0,SAS,PG,66.0,66.0,32.9,7.9,15.1,0.522,0.4,1.0,0.353,7.5,14.0,0.534,0.534,4.2,5.0,0.845,0.3,2.7,3.0,7.6,0.8,0.1,2.6,1.4,20.3
2013,nba mvp,Tim Duncan,duncati01,36,0.0,65.0,1210.0,0.054,False,NBA,Tim Duncan,36.0,SAS,C,69.0,69.0,30.1,7.1,14.1,0.502,0.0,0.1,0.286,7.1,14.0,0.504,0.503,3.6,4.3,0.817,1.8,8.1,9.9,2.7,0.7,2.7,2.1,1.7,17.8
2013,nba mvp,James Harden,hardeja01,23,0.0,33.0,1210.0,0.027,False,NBA,James Harden,23.0,HOU,SG,78.0,78.0,38.3,7.5,17.1,0.438,2.3,6.2,0.368,5.2,10.9,0.477,0.504,8.6,10.2,0.851,0.8,4.1,4.9,5.8,1.8,0.5,3.8,2.3,25.9
2013,nba mvp,Russell Westbrook,westbru01,24,0.0,9.0,1210.0,0.007,False,NBA,Russell Westbrook,24.0,OKC,PG,82.0,82.0,34.9,8.2,18.7,0.438,1.2,3.7,0.323,7.0,15.1,0.466,0.47,5.6,7.0,0.8,1.4,3.9,5.2,7.4,1.8,0.3,3.3,2.3,23.2
2013,nba mvp,Dwyane Wade,wadedw01,31,0.0,5.0,1210.0,0.004,False,NBA,Dwyane Wade,31.0,MIA,SG,69.0,69.0,34.7,8.2,15.8,0.521,0.2,1.0,0.258,8.0,14.9,0.537,0.528,4.5,6.2,0.725,1.2,3.7,5.0,5.1,1.9,0.8,2.8,2.0,21.2
2013,nba mvp,Stephen Curry,curryst01,24,0.0,3.0,1210.0,0.002,False,NBA,Stephen Curry,24.0,GSW,PG,78.0,78.0,38.2,8.0,17.8,0.451,3.5,7.7,0.453,4.5,10.1,0.449,0.549,3.4,3.7,0.9,0.8,3.3,4.0,6.9,1.6,0.2,3.1,2.5,22.9
2013,nba mvp,Kevin Garnett,garneke01,36,0.0,1.0,1210.0,0.001,False,NBA,Kevin Garnett,36.0,BOS,C,68.0,68.0,29.7,6.2,12.5,0.496,0.0,0.2,0.125,6.2,12.3,0.504,0.498,2.3,3.0,0.786,1.1,6.7,7.8,2.3,1.1,0.9,1.6,2.3,14.8
2013,nba mvp,Marc Gasol,gasolma01,28,0.0,1.0,1210.0,0.001,False,NBA,Marc Gasol,28.0,MEM,C,80.0,80.0,35.0,5.4,10.9,0.494,0.0,0.2,0.071,5.4,10.7,0.501,0.494,3.4,4.0,0.848,2.3,5.5,7.8,4.0,1.0,1.7,2.0,3.2,14.1
2013,nba mvp,Ty Lawson,lawsoty01,25,0.0,1.0,1210.0,0.001,False,NBA,Ty Lawson,25.0,DEN,PG,73.0,71.0,34.4,6.1,13.3,0.461,1.2,3.2,0.366,5.0,10.1,0.491,0.505,3.2,4.3,0.756,0.5,2.2,2.7,6.9,1.5,0.1,2.5,1.8,16.7
2013,nba mvp,David Lee,leeda02,29,0.0,1.0,1210.0,0.001,False,NBA,David Lee,29.0,GSW,PF,79.0,79.0,36.8,7.6,14.7,0.519,0.0,0.1,0.0,7.6,14.6,0.521,0.519,3.2,4.1,0.797,2.8,8.5,11.2,3.5,0.8,0.3,2.6,3.1,18.5
2013,nba mvp,Joakim Noah,noahjo01,27,0.0,1.0,1210.0,0.001,False,NBA,Joakim Noah,27.0,CHI,C,66.0,64.0,36.8,4.6,9.5,0.481,0.0,0.1,0.0,4.6,9.5,0.485,0.481,2.7,3.6,0.751,3.9,7.2,11.1,4.0,1.2,2.1,2.7,2.8,11.9
2013,nba roy,Damian Lillard,lillada01,22,121.0,605.0,605.0,1.0,True,NBA,Damian Lillard,22.0,POR,PG,82.0,82.0,38.6,6.7,15.7,0.429,2.3,6.1,0.368,4.5,9.6,0.469,0.501,3.3,3.9,0.844,0.5,2.6,3.1,6.5,0.9,0.2,3.0,2.1,19.0
2013,nba roy,Anthony Davis,davisan02,19,0.0,306.0,605.0,0.506,False,NBA,Anthony Davis,19.0,NOH,PF,64.0,60.0,28.8,5.5,10.6,0.516,0.0,0.1,0.0,5.5,10.5,0.521,0.516,2.6,3.5,0.751,2.6,5.6,8.2,1.0,1.2,1.8,1.4,2.5,13.5
2013,nba roy,Bradley Beal,bealbr01,19,0.0,94.0,605.0,0.155,False,NBA,Bradley Beal,19.0,WAS,SG,56.0,46.0,31.2,5.0,12.3,0.41,1.6,4.2,0.386,3.4,8.1,0.424,0.477,2.2,2.8,0.786,0.8,3.0,3.8,2.4,0.9,0.5,1.6,2.0,13.9
2013,nba roy,Andre Drummond,drumman01,19,0.0,36.0,605.0,0.06,False,NBA,Andre Drummond,19.0,DET,C,60.0,10.0,20.7,3.5,5.7,0.608,0.0,0.0,0.5,3.5,5.7,0.609,0.61,1.0,2.7,0.371,2.8,4.8,7.6,0.5,1.0,1.6,1.0,2.4,7.9
2013,nba roy,Dion Waiters,waitedi01,21,0.0,21.0,605.0,0.035,False,NBA,Dion Waiters,21.0,CLE,SG,61.0,48.0,28.8,5.5,13.4,0.412,1.0,3.3,0.31,4.5,10.0,0.446,0.451,2.6,3.5,0.746,0.4,2.1,2.4,3.0,1.0,0.3,2.0,1.9,14.7
2013,nba roy,Harrison Barnes,barneha02,20,0.0,8.0,605.0,0.013,False,NBA,Harrison Barnes,20.0,GSW,SF,81.0,81.0,25.4,3.4,7.8,0.439,0.6,1.8,0.359,2.8,6.0,0.464,0.481,1.8,2.3,0.758,0.7,3.5,4.1,1.2,0.6,0.2,1.2,1.7,9.2
2013,nba roy,Chris Copeland,copelch01,28,0.0,8.0,605.0,0.013,False,NBA,Chris Copeland,28.0,NYK,PF,56.0,13.0,15.4,3.3,6.8,0.479,1.1,2.5,0.421,2.2,4.3,0.513,0.557,1.1,1.5,0.759,0.6,1.5,2.1,0.5,0.3,0.2,0.9,1.9,8.7
2013,nba roy,Michael Kidd-Gilchrist,kiddgmi01,19,0.0,3.0,605.0,0.005,False,NBA,Michael Kidd-Gilchrist,19.0,CHA,SF,78.0,77.0,26.0,3.6,7.9,0.458,0.0,0.1,0.222,3.6,7.7,0.462,0.46,1.8,2.4,0.749,1.7,4.2,5.8,1.5,0.7,0.9,1.3,2.1,9.0
2013,nba roy,Jonas Valančiūnas,valanjo01,20,0.0,2.0,605.0,0.003,False,NBA,Jonas Valančiūnas,20.0,TOR,C,62.0,57.0,23.9,3.3,5.9,0.557,0.0,0.0,,3.3,5.9,0.557,0.557,2.4,3.0,0.789,2.0,4.0,6.0,0.7,0.3,1.3,1.5,3.0,8.9
2013,nba roy,John Jenkins,jenkijo01,21,0.0,1.0,605.0,0.002,False,NBA,John Jenkins,21.0,ATL,SG,61.0,2.0,14.8,2.1,4.8,0.446,0.9,2.3,0.384,1.3,2.6,0.5,0.536,1.0,1.1,0.843,0.3,1.3,1.5,0.9,0.2,0.2,0.7,0.6,6.1
2013,nba smoy,J.R. Smith,smithjr01,27,72.0,484.0,605.0,0.8,True,NBA,J.R. Smith,27.0,NYK,SG,80.0,0.0,33.5,6.6,15.6,0.422,1.9,5.5,0.356,4.7,10.2,0.458,0.484,3.0,3.9,0.762,0.8,4.5,5.3,2.7,1.3,0.3,1.7,2.8,18.1
2013,nba smoy,Jamal Crawford,crawfja01,32,31.0,352.0,605.0,0.582,False,NBA,Jamal Crawford,32.0,LAC,SG,76.0,0.0,29.3,5.9,13.4,0.438,2.0,5.2,0.376,3.9,8.2,0.477,0.511,2.8,3.3,0.871,0.3,1.4,1.7,2.5,1.0,0.2,1.9,0.9,16.5
2013,nba smoy,Jarrett Jack,jackja01,29,14.0,170.0,605.0,0.281,False,NBA,Jarrett Jack,29.0,GSW,SG,79.0,4.0,29.7,4.9,10.8,0.452,1.0,2.6,0.404,3.9,8.3,0.466,0.499,2.1,2.5,0.843,0.3,2.8,3.1,5.6,0.8,0.1,2.0,1.7,12.9
2013,nba smoy,Kevin Martin,martike02,29,2.0,31.0,605.0,0.051,False,NBA,Kevin Martin,29.0,OKC,SG,77.0,0.0,27.7,4.5,10.1,0.45,2.1,4.8,0.426,2.5,5.3,0.472,0.551,2.8,3.2,0.89,0.4,1.9,2.3,1.4,0.9,0.1,1.3,1.8,14.0
2013,nba smoy,Ryan Anderson,anderry01,24,1.0,11.0,605.0,0.018,False,NBA,Ryan Anderson,24.0,NOH,PF,81.0,22.0,30.9,5.8,13.8,0.423,2.6,6.9,0.382,3.2,6.9,0.464,0.519,1.9,2.2,0.844,2.4,4.0,6.4,1.2,0.5,0.4,1.2,2.2,16.2
2013,nba smoy,Andre Miller,millean02,36,0.0,7.0,605.0,0.012,False,NBA,Andre Miller,36.0,DEN,PG,82.0,11.0,26.2,3.7,7.7,0.479,0.2,0.8,0.266,3.5,6.9,0.504,0.493,2.0,2.4,0.84,0.7,2.2,2.9,5.9,0.9,0.1,2.1,1.9,9.6
2013,nba smoy,Jordan Crawford,crawfjo02,24,1.0,5.0,605.0,0.008,False,NBA,Jordan Crawford,24.0,2TM,SG,70.0,14.0,24.4,4.3,10.4,0.415,1.2,3.5,0.337,3.1,6.8,0.455,0.472,1.8,2.3,0.811,0.6,2.4,3.0,3.2,0.6,0.1,2.0,1.5,11.6
2013,nba smoy,Corey Brewer,breweco01,26,0.0,4.0,605.0,0.007,False,NBA,Corey Brewer,26.0,DEN,SF,82.0,2.0,24.4,4.6,10.8,0.425,1.1,3.7,0.296,3.5,7.0,0.493,0.476,1.8,2.6,0.69,0.7,2.2,2.9,1.5,1.4,0.3,1.2,1.9,12.1
2013,nba smoy,Manu Ginóbili,ginobma01,35,0.0,4.0,605.0,0.007,False,NBA,Manu Ginóbili,35.0,SAS,SG,60.0,0.0,23.2,3.8,9.0,0.425,1.4,3.9,0.353,2.4,5.1,0.48,0.502,2.7,3.4,0.796,0.5,2.9,3.4,4.6,1.3,0.2,2.2,1.9,11.8
2013,nba smoy,Carl Landry,landrca01,29,0.0,4.0,605.0,0.007,False,NBA,Carl Landry,29.0,GSW,PF,81.0,2.0,23.2,4.0,7.4,0.54,0.0,0.0,0.333,4.0,7.4,0.541,0.541,2.8,3.4,0.817,2.2,3.7,6.0,0.8,0.4,0.4,1.4,2.3,10.8
2013,nba smoy,Nate Robinson,robinna01,28,0.0,4.0,605.0,0.007,False,NBA,Nate Robinson,28.0,CHI,PG,82.0,23.0,25.4,4.9,11.2,0.433,1.7,4.2,0.405,3.1,7.0,0.45,0.51,1.6,2.1,0.799,0.4,1.9,2.2,4.4,1.0,0.1,1.8,2.5,13.1
2013,nba smoy,Shane Battier,battish01,34,0.0,2.0,605.0,0.003,False,NBA,Shane Battier,34.0,MIA,SF,72.0,20.0,24.8,2.1,5.0,0.42,1.9,4.4,0.43,0.2,0.6,0.348,0.608,0.4,0.5,0.842,0.5,1.8,2.3,1.0,0.6,0.8,0.5,2.1,6.6
2013,nba smoy,Ramon Sessions,sessira01,26,0.0,2.0,605.0,0.003,False,NBA,Ramon Sessions,26.0,CHA,SG,61.0,0.0,27.1,4.5,11.1,0.408,0.5,1.8,0.308,4.0,9.3,0.427,0.433,4.8,5.7,0.839,0.4,2.3,2.8,3.8,0.8,0.1,1.7,1.5,14.4
2013,nba smoy,Luke Babbitt,babbilu01,23,0.0,1.0,605.0,0.002,False,NBA,Luke Babbitt,23.0,POR,PF,62.0,0.0,11.8,1.4,3.8,0.368,1.0,2.9,0.348,0.4,0.9,0.429,0.5,0.2,0.2,0.769,0.2,2.0,2.2,0.5,0.2,0.1,0.4,1.3,3.9
2013,nba smoy,Vince Carter,cartevi01,36,0.0,1.0,605.0,0.002,False,NBA,Vince Carter,36.0,DAL,SF,81.0,3.0,25.8,4.6,10.6,0.435,2.0,4.9,0.406,2.6,5.6,0.461,0.53,2.2,2.8,0.816,0.7,3.4,4.1,2.4,0.9,0.5,1.3,2.8,13.4
2013,nba smoy,Gordon Hayward,haywago01,22,0.0,1.0,605.0,0.002,False,NBA,Gordon Hayward,22.0,UTA,SF,72.0,27.0,29.2,4.7,10.7,0.435,1.4,3.4,0.415,3.3,7.3,0.444,0.501,3.4,4.1,0.827,0.7,2.4,3.1,3.0,0.8,0.5,1.7,1.7,14.1
2013,nba smoy,JJ Redick,redicjj01,28,0.0,1.0,605.0,0.002,False,NBA,JJ Redick,28.0,2TM,SG,78.0,13.0,30.5,4.9,11.3,0.434,2.1,5.8,0.366,2.8,5.5,0.506,0.528,2.2,2.4,0.9,0.2,2.0,2.2,3.8,0.5,0.1,1.8,1.5,14.1
2012,nba dpoy,Tyson Chandler,chandty01,29,45.0,311.0,605.0,0.514,True,NBA,Tyson Chandler,29.0,NYK,C,62.0,62.0,33.2,3.9,5.7,0.679,0.0,0.0,0.0,3.9,5.7,0.683,0.679,3.5,5.1,0.689,3.4,6.5,9.9,0.9,0.9,1.4,1.6,3.0,11.3
2012,nba dpoy,Serge Ibaka,ibakase01,22,41.0,294.0,605.0,0.486,False,NBA,Serge Ibaka,22.0,OKC,PF,66.0,66.0,27.2,4.0,7.4,0.535,0.0,0.0,0.333,4.0,7.4,0.536,0.536,1.2,1.8,0.661,2.9,4.6,7.5,0.4,0.5,3.7,1.2,2.7,9.1
2012,nba dpoy,Dwight Howard,howardw01,26,18.0,186.0,605.0,0.307,False,NBA,Dwight Howard,26.0,ORL,C,54.0,54.0,38.3,7.7,13.4,0.573,0.0,0.1,0.0,7.7,13.3,0.579,0.573,5.2,10.6,0.491,3.7,10.8,14.5,1.9,1.5,2.1,3.2,2.9,20.6
2012,nba dpoy,LeBron James,jamesle01,27,7.0,112.0,605.0,0.185,False,NBA,LeBron James,27.0,MIA,SF,62.0,62.0,37.5,10.0,18.9,0.531,0.9,2.4,0.362,9.1,16.5,0.556,0.554,6.2,8.1,0.771,1.5,6.4,7.9,6.2,1.9,0.8,3.4,1.5,27.1
2012,nba dpoy,Kevin Garnett,garneke01,35,2.0,44.0,605.0,0.073,False,NBA,Kevin Garnett,35.0,BOS,C,60.0,60.0,31.1,6.5,13.0,0.503,0.1,0.2,0.333,6.5,12.8,0.505,0.505,2.7,3.2,0.857,1.1,7.1,8.2,2.9,0.9,1.0,1.8,2.4,15.8
2012,nba dpoy,Tony Allen,allento01,30,4.0,36.0,605.0,0.06,False,NBA,Tony Allen,30.0,MEM,SG,58.0,57.0,26.3,3.6,7.7,0.469,0.1,0.4,0.308,3.5,7.3,0.479,0.478,2.4,3.0,0.8,1.7,2.3,4.0,1.4,1.8,0.6,1.6,2.4,9.8
2012,nba dpoy,Andre Iguodala,iguodan01,28,1.0,33.0,605.0,0.055,False,NBA,Andre Iguodala,28.0,PHI,SF,62.0,62.0,35.6,4.6,10.2,0.454,1.2,3.1,0.394,3.4,7.1,0.481,0.514,2.0,3.2,0.617,0.9,5.2,6.1,5.5,1.7,0.5,1.9,1.5,12.4
2012,nba dpoy,Shawn Marion,mariosh01,33,2.0,17.0,605.0,0.028,False,NBA,Shawn Marion,33.0,DAL,SF,63.0,63.0,30.5,4.6,10.3,0.446,0.3,1.1,0.294,4.3,9.2,0.464,0.461,1.2,1.5,0.796,2.3,5.1,7.4,2.1,1.1,0.6,1.6,1.4,10.6
2012,nba dpoy,Luol Deng,denglu01,26,1.0,16.0,605.0,0.026,False,NBA,Luol Deng,26.0,CHI,SF,54.0,54.0,39.4,5.8,14.0,0.412,1.5,4.0,0.367,4.3,10.0,0.43,0.464,2.4,3.1,0.77,1.4,5.1,6.5,2.9,1.0,0.7,1.8,1.5,15.3
2012,nba dpoy,Josh Smith,smithjo03,26,0.0,9.0,605.0,0.015,False,NBA,Josh Smith,26.0,ATL,PF,66.0,66.0,35.3,7.6,16.7,0.458,0.4,1.7,0.257,7.2,15.0,0.48,0.47,3.1,4.9,0.63,2.1,7.5,9.6,3.9,1.4,1.7,2.5,2.6,18.8
2012,nba dpoy,Joakim Noah,noahjo01,26,0.0,6.0,605.0,0.01,False,NBA,Joakim Noah,26.0,CHI,C,64.0,64.0,30.4,3.9,7.7,0.508,0.0,0.0,0.0,3.9,7.6,0.509,0.508,2.4,3.2,0.748,3.8,6.0,9.8,2.5,0.6,1.4,1.4,2.5,10.2
2012,nba dpoy,Marc Gasol,gasolma01,27,0.0,5.0,605.0,0.008,False,NBA,Marc Gasol,27.0,MEM,C,65.0,65.0,36.5,5.5,11.4,0.482,0.0,0.2,0.083,5.5,11.2,0.489,0.483,3.6,4.9,0.748,1.8,7.1,8.9,3.1,1.0,1.9,1.9,3.1,14.6
2012,nba dpoy,Chris Paul,paulch01,26,0.0,5.0,605.0,0.008,False,NBA,Chris Paul,26.0,LAC,PG,60.0,60.0,36.4,7.1,14.8,0.478,1.3,3.6,0.371,5.8,11.3,0.511,0.522,4.3,5.0,0.861,0.7,2.9,3.6,9.1,2.5,0.1,2.1,2.3,19.8
2012,nba dpoy,Avery Bradley,bradlav01,21,0.0,2.0,605.0,0.003,False,NBA,Avery Bradley,21.0,BOS,PG,64.0,28.0,21.4,3.1,6.3,0.498,0.3,0.8,0.407,2.8,5.4,0.511,0.525,1.0,1.2,0.795,0.5,1.3,1.8,1.4,0.7,0.2,1.2,1.7,7.6
2012,nba dpoy,Mike Conley,conlemi01,24,0.0,2.0,605.0,0.003,False,NBA,Mike Conley,24.0,MEM,PG,62.0,61.0,35.1,4.8,11.0,0.433,1.0,2.6,0.377,3.8,8.5,0.45,0.477,2.2,2.5,0.861,0.4,2.2,2.5,6.5,2.2,0.2,2.0,2.1,12.7
2012,nba dpoy,Grant Hill,hillgr01,39,0.0,2.0,605.0,0.003,False,NBA,Grant Hill,39.0,PHO,SF,49.0,46.0,28.1,4.1,9.2,0.446,0.3,1.1,0.264,3.8,8.1,0.47,0.461,1.7,2.2,0.761,0.6,2.9,3.5,2.2,0.8,0.6,1.3,1.8,10.2
2012,nba dpoy,Iman Shumpert,shumpim01,21,0.0,2.0,605.0,0.003,False,NBA,Iman Shumpert,21.0,NYK,PG,59.0,35.0,28.9,3.6,9.1,0.401,0.8,2.7,0.306,2.8,6.4,0.44,0.446,1.5,1.8,0.798,0.7,2.4,3.2,2.8,1.7,0.1,1.9,2.9,9.5
2012,nba dpoy,Greg Monroe,monrogr01,21,0.0,1.0,605.0,0.002,False,NBA,Greg Monroe,21.0,DET,C,66.0,66.0,31.5,6.2,11.8,0.521,0.0,0.0,0.0,6.2,11.8,0.522,0.521,3.0,4.1,0.739,3.6,6.0,9.7,2.3,1.3,0.7,2.4,2.7,15.4
2012,nba dpoy,Dwyane Wade,wadedw01,30,0.0,1.0,605.0,0.002,False,NBA,Dwyane Wade,30.0,MIA,SG,49.0,49.0,33.2,8.5,17.1,0.497,0.3,1.1,0.268,8.2,15.9,0.513,0.506,4.8,6.1,0.791,1.5,3.3,4.8,4.6,1.7,1.3,2.6,2.2,22.1
2012,nba dpoy,Russell Westbrook,westbru01,23,0.0,1.0,605.0,0.002,False,NBA,Russell Westbrook,23.0,OKC,PG,66.0,66.0,35.3,8.8,19.2,0.457,0.9,3.0,0.316,7.8,16.2,0.482,0.481,5.2,6.3,0.823,1.5,3.1,4.6,5.5,1.7,0.3,3.6,2.2,23.6
2012,nba mip,Ryan Anderson,anderry01,23,33.0,260.0,605.0,0.43,True,NBA,Ryan Anderson,23.0,ORL,PF,61.0,61.0,32.2,5.4,12.4,0.439,2.7,6.9,0.393,2.7,5.5,0.496,0.548,2.5,2.8,0.877,3.7,4.0,7.7,0.9,0.8,0.4,0.9,2.4,16.1
2012,nba mip,Ersan İlyasova,ilyaser01,24,21.0,159.0,605.0,0.263,False,NBA,Ersan İlyasova,24.0,MIL,PF,60.0,41.0,27.6,4.9,10.0,0.492,0.9,1.9,0.455,4.1,8.1,0.501,0.535,2.4,3.1,0.781,3.3,5.6,8.8,1.2,0.7,0.7,1.3,2.2,13.0
2012,nba mip,Nikola Peković,pekovni01,26,10.0,104.0,605.0,0.172,False,NBA,Nikola Peković,26.0,MIN,C,47.0,35.0,26.9,5.4,9.7,0.564,0.0,0.0,,5.4,9.7,0.564,0.564,3.0,4.0,0.743,3.9,3.5,7.4,0.7,0.6,0.7,1.9,2.1,13.9
2012,nba mip,Andrew Bynum,bynuman01,24,14.0,101.0,605.0,0.167,False,NBA,Andrew Bynum,24.0,LAL,C,60.0,60.0,35.2,7.4,13.3,0.558,0.0,0.1,0.2,7.4,13.2,0.56,0.558,3.9,5.6,0.692,3.2,8.6,11.8,1.4,0.5,1.9,2.5,1.7,18.7
2012,nba mip,Greg Monroe,monrogr01,21,10.0,96.0,605.0,0.159,False,NBA,Greg Monroe,21.0,DET,C,66.0,66.0,31.5,6.2,11.8,0.521,0.0,0.0,0.0,6.2,11.8,0.522,0.521,3.0,4.1,0.739,3.6,6.0,9.7,2.3,1.3,0.7,2.4,2.7,15.4
2012,nba mip,Jeremy Lin,linje01,23,10.0,91.0,605.0,0.15,False,NBA,Jeremy Lin,23.0,NYK,PG,35.0,25.0,26.9,4.9,10.9,0.446,0.7,2.1,0.32,4.2,8.8,0.477,0.478,4.2,5.2,0.798,0.5,2.5,3.1,6.2,1.6,0.3,3.6,2.2,14.6
2012,nba mip,Goran Dragić,dragigo01,25,4.0,54.0,605.0,0.089,False,NBA,Goran Dragić,25.0,HOU,PG,66.0,28.0,26.5,4.2,9.1,0.462,1.0,3.1,0.337,3.2,6.0,0.525,0.518,2.3,2.9,0.805,0.8,1.7,2.5,5.3,1.3,0.2,2.4,2.5,11.7
2012,nba mip,Avery Bradley,bradlav01,21,4.0,36.0,605.0,0.06,False,NBA,Avery Bradley,21.0,BOS,PG,64.0,28.0,21.4,3.1,6.3,0.498,0.3,0.8,0.407,2.8,5.4,0.511,0.525,1.0,1.2,0.795,0.5,1.3,1.8,1.4,0.7,0.2,1.2,1.7,7.6
2012,nba mip,Danny Green,greenda02,24,3.0,27.0,605.0,0.045,False,NBA,Danny Green,24.0,SAS,SG,66.0,38.0,23.1,3.2,7.2,0.442,1.5,3.5,0.436,1.7,3.7,0.449,0.549,1.2,1.5,0.79,0.8,2.6,3.5,1.3,0.9,0.7,1.0,1.6,9.1
2012,nba mip,Jeff Teague,teaguje01,23,1.0,27.0,605.0,0.045,False,NBA,Jeff Teague,23.0,ATL,PG,66.0,66.0,33.1,4.8,10.2,0.476,0.8,2.3,0.342,4.1,7.9,0.514,0.514,2.1,2.8,0.757,0.3,2.1,2.4,4.9,1.6,0.6,2.0,2.2,12.6
2012,nba mip,Serge Ibaka,ibakase01,22,2.0,16.0,605.0,0.026,False,NBA,Serge Ibaka,22.0,OKC,PF,66.0,66.0,27.2,4.0,7.4,0.535,0.0,0.0,0.333,4.0,7.4,0.536,0.536,1.2,1.8,0.661,2.9,4.6,7.5,0.4,0.5,3.7,1.2,2.7,9.1
2012,nba mip,Ty Lawson,lawsoty01,24,1.0,16.0,605.0,0.026,False,NBA,Ty Lawson,24.0,DEN,PG,61.0,61.0,34.8,6.1,12.6,0.488,1.2,3.3,0.365,4.9,9.3,0.531,0.535,2.9,3.5,0.824,0.9,2.8,3.7,6.6,1.3,0.1,2.4,1.5,16.4
2012,nba mip,Paul George,georgpa01,21,2.0,13.0,605.0,0.021,False,NBA,Paul George,21.0,IND,SG,66.0,66.0,29.7,4.3,9.7,0.44,1.4,3.5,0.385,2.9,6.1,0.472,0.51,2.2,2.8,0.802,0.8,4.8,5.6,2.4,1.6,0.6,1.8,2.9,12.1
2012,nba mip,Steve Novak,novakst01,28,1.0,12.0,605.0,0.02,False,NBA,Steve Novak,28.0,NYK,PF,54.0,0.0,18.9,3.0,6.2,0.478,2.5,5.2,0.472,0.5,1.0,0.509,0.675,0.4,0.5,0.846,0.2,1.8,1.9,0.2,0.3,0.2,0.4,1.1,8.8
2012,nba mip,DeMarcus Cousins,couside01,21,0.0,11.0,605.0,0.018,False,NBA,DeMarcus Cousins,21.0,SAC,C,64.0,62.0,30.5,7.0,15.6,0.448,0.0,0.2,0.143,7.0,15.4,0.453,0.449,4.1,5.8,0.702,4.1,6.8,11.0,1.6,1.5,1.2,2.7,4.0,18.1
2012,nba mip,Kevin Love,loveke01,23,1.0,8.0,605.0,0.013,False,NBA,Kevin Love,23.0,MIN,PF,55.0,55.0,39.0,8.6,19.3,0.448,1.9,5.1,0.372,6.7,14.1,0.475,0.497,6.9,8.4,0.824,4.1,9.2,13.3,2.0,0.9,0.5,2.3,2.8,26.0
2012,nba mip,James Harden,hardeja01,22,0.0,7.0,605.0,0.012,False,NBA,James Harden,22.0,OKC,SG,62.0,2.0,31.4,5.0,10.1,0.491,1.8,4.7,0.39,3.1,5.4,0.579,0.582,5.0,6.0,0.846,0.5,3.6,4.1,3.7,1.0,0.2,2.2,2.4,16.8
2012,nba mip,Roy Hibbert,hibbero01,25,0.0,7.0,605.0,0.012,False,NBA,Roy Hibbert,25.0,IND,C,65.0,65.0,29.8,5.1,10.3,0.497,0.0,0.0,0.0,5.1,10.3,0.498,0.497,2.6,3.7,0.711,3.3,5.5,8.8,1.7,0.5,2.0,2.0,3.0,12.8
2012,nba mip,Marcin Gortat,gortama01,27,1.0,6.0,605.0,0.01,False,NBA,Marcin Gortat,27.0,PHO,C,66.0,66.0,32.0,6.5,11.7,0.555,0.0,0.0,0.0,6.5,11.6,0.557,0.555,2.5,3.8,0.649,2.8,7.2,10.0,0.9,0.7,1.5,1.4,2.2,15.4
2012,nba mip,Gerald Henderson,hendege02,24,1.0,6.0,605.0,0.01,False,NBA,Gerald Henderson,24.0,CHA,SG,55.0,55.0,33.3,6.0,13.1,0.459,0.2,0.9,0.234,5.8,12.3,0.475,0.467,2.8,3.7,0.76,1.2,2.9,4.1,2.3,0.9,0.4,1.8,2.3,15.1
2012,nba mip,Marc Gasol,gasolma01,27,1.0,5.0,605.0,0.008,False,NBA,Marc Gasol,27.0,MEM,C,65.0,65.0,36.5,5.5,11.4,0.482,0.0,0.2,0.083,5.5,11.2,0.489,0.483,3.6,4.9,0.748,1.8,7.1,8.9,3.1,1.0,1.9,1.9,3.1,14.6
2012,nba mip,Kyle Lowry,lowryky01,25,1.0,5.0,605.0,0.008,False,NBA,Kyle Lowry,25.0,HOU,PG,47.0,38.0,32.1,4.5,10.9,0.409,1.7,4.5,0.374,2.8,6.4,0.434,0.486,3.6,4.2,0.864,0.8,3.7,4.5,6.6,1.6,0.3,2.8,2.8,14.3
2012,nba mip,Gordon Hayward,haywago01,21,0.0,4.0,605.0,0.007,False,NBA,Gordon Hayward,21.0,UTA,SF,66.0,58.0,30.5,4.0,8.9,0.456,0.8,2.4,0.346,3.2,6.5,0.496,0.503,2.9,3.5,0.832,0.9,2.6,3.5,3.1,0.8,0.6,1.7,1.6,11.8
2012,nba mip,Arron Afflalo,afflaar01,26,0.0,3.0,605.0,0.005,False,NBA,Arron Afflalo,26.0,DEN,SG,62.0,62.0,33.6,5.3,11.3,0.471,1.4,3.6,0.398,3.9,7.7,0.504,0.534,3.2,4.0,0.798,0.6,2.5,3.2,2.4,0.6,0.2,1.4,2.2,15.2
2012,nba mip,Tony Parker,parketo01,29,0.0,3.0,605.0,0.005,False,NBA,Tony Parker,29.0,SAS,PG,60.0,60.0,32.1,7.1,14.8,0.48,0.2,1.0,0.23,6.9,13.8,0.498,0.488,3.8,4.7,0.799,0.4,2.5,2.9,7.7,1.0,0.1,2.6,1.3,18.3
2012,nba mip,C.J. Watson,watsocj01,27,0.0,3.0,605.0,0.005,False,NBA,C.J. Watson,27.0,CHI,PG,49.0,25.0,23.7,3.3,8.9,0.368,1.4,3.5,0.393,1.9,5.4,0.352,0.446,1.7,2.1,0.808,0.4,1.7,2.1,4.1,0.9,0.2,2.0,2.1,9.7
2012,nba mip,Brandan Wright,wrighbr03,24,0.0,3.0,605.0,0.005,False,NBA,Brandan Wright,24.0,DAL,C,49.0,0.0,16.1,2.9,4.8,0.618,0.0,0.0,0.0,2.9,4.7,0.621,0.618,1.1,1.7,0.634,1.3,2.3,3.6,0.3,0.4,1.3,0.4,1.2,6.9
2012,nba mip,Jarrett Jack,jackja01,28,0.0,1.0,605.0,0.002,False,NBA,Jarrett Jack,28.0,NOH,PG,45.0,39.0,34.0,5.9,13.0,0.456,0.9,2.5,0.348,5.0,10.5,0.482,0.49,2.9,3.3,0.872,0.5,3.4,3.9,6.3,0.7,0.2,2.4,2.1,15.6
2012,nba mip,Marreese Speights,speigma01,24,0.0,1.0,605.0,0.002,False,NBA,Marreese Speights,24.0,MEM,PF,60.0,54.0,22.4,3.7,8.1,0.453,0.0,0.1,0.0,3.7,8.1,0.456,0.453,1.4,1.8,0.771,2.2,4.0,6.2,0.8,0.4,0.5,1.2,2.5,8.8
2012,nba mvp,LeBron James,jamesle01,27,85.0,1074.0,1210.0,0.888,True,NBA,LeBron James,27.0,MIA,SF,62.0,62.0,37.5,10.0,18.9,0.531,0.9,2.4,0.362,9.1,16.5,0.556,0.554,6.2,8.1,0.771,1.5,6.4,7.9,6.2,1.9,0.8,3.4,1.5,27.1
2012,nba mvp,Kevin Durant,duranke01,23,24.0,889.0,1210.0,0.735,False,NBA,Kevin Durant,23.0,OKC,SF,66.0,66.0,38.6,9.7,19.7,0.496,2.0,5.2,0.387,7.7,14.4,0.535,0.547,6.5,7.6,0.86,0.6,7.4,8.0,3.5,1.3,1.2,3.8,2.0,28.0
2012,nba mvp,Chris Paul,paulch01,26,6.0,385.0,1210.0,0.318,False,NBA,Chris Paul,26.0,LAC,PG,60.0,60.0,36.4,7.1,14.8,0.478,1.3,3.6,0.371,5.8,11.3,0.511,0.522,4.3,5.0,0.861,0.7,2.9,3.6,9.1,2.5,0.1,2.1,2.3,19.8
2012,nba mvp,Kobe Bryant,bryanko01,33,2.0,352.0,1210.0,0.291,False,NBA,Kobe Bryant,33.0,LAL,SG,58.0,58.0,38.5,9.9,23.0,0.43,1.5,4.9,0.303,8.4,18.1,0.464,0.462,6.6,7.8,0.845,1.1,4.3,5.4,4.6,1.2,0.3,3.5,1.8,27.9
2012,nba mvp,Tony Parker,parketo01,29,4.0,331.0,1210.0,0.274,False,NBA,Tony Parker,29.0,SAS,PG,60.0,60.0,32.1,7.1,14.8,0.48,0.2,1.0,0.23,6.9,13.8,0.498,0.488,3.8,4.7,0.799,0.4,2.5,2.9,7.7,1.0,0.1,2.6,1.3,18.3
2012,nba mvp,Kevin Love,loveke01,23,0.0,58.0,1210.0,0.048,False,NBA,Kevin Love,23.0,MIN,PF,55.0,55.0,39.0,8.6,19.3,0.448,1.9,5.1,0.372,6.7,14.1,0.475,0.497,6.9,8.4,0.824,4.1,9.2,13.3,2.0,0.9,0.5,2.3,2.8,26.0
2012,nba mvp,Dwight Howard,howardw01,26,0.0,13.0,1210.0,0.011,False,NBA,Dwight Howard,26.0,ORL,C,54.0,54.0,38.3,7.7,13.4,0.573,0.0,0.1,0.0,7.7,13.3,0.579,0.573,5.2,10.6,0.491,3.7,10.8,14.5,1.9,1.5,2.1,3.2,2.9,20.6
2012,nba mvp,Rajon Rondo,rondora01,25,0.0,12.0,1210.0,0.01,False,NBA,Rajon Rondo,25.0,BOS,PG,53.0,53.0,36.9,4.8,10.8,0.448,0.2,0.8,0.238,4.6,10.0,0.464,0.456,2.0,3.4,0.597,1.2,3.7,4.8,11.7,1.8,0.1,3.6,1.9,11.9
2012,nba mvp,Steve Nash,nashst01,37,0.0,7.0,1210.0,0.006,False,NBA,Steve Nash,37.0,PHO,PG,62.0,62.0,31.6,4.8,9.0,0.532,0.9,2.3,0.39,3.9,6.7,0.58,0.581,2.0,2.3,0.894,0.4,2.6,3.0,10.7,0.6,0.1,3.7,0.9,12.5
2012,nba mvp,Dwyane Wade,wadedw01,30,0.0,6.0,1210.0,0.005,False,NBA,Dwyane Wade,30.0,MIA,SG,49.0,49.0,33.2,8.5,17.1,0.497,0.3,1.1,0.268,8.2,15.9,0.513,0.506,4.8,6.1,0.791,1.5,3.3,4.8,4.6,1.7,1.3,2.6,2.2,22.1
2012,nba mvp,Derrick Rose,rosede01,23,0.0,5.0,1210.0,0.004,False,NBA,Derrick Rose,23.0,CHI,PG,39.0,39.0,35.3,7.7,17.8,0.435,1.4,4.4,0.312,6.4,13.4,0.475,0.473,5.0,6.1,0.812,0.7,2.7,3.4,7.9,0.9,0.7,3.1,1.3,21.8
2012,nba mvp,Dirk Nowitzki,nowitdi01,33,0.0,4.0,1210.0,0.003,False,NBA,Dirk Nowitzki,33.0,DAL,PF,62.0,62.0,33.5,7.6,16.7,0.457,1.3,3.4,0.368,6.4,13.3,0.481,0.495,5.1,5.7,0.896,0.7,6.0,6.7,2.2,0.7,0.5,1.9,2.1,21.6
2012,nba mvp,Russell Westbrook,westbru01,23,0.0,4.0,1210.0,0.003,False,NBA,Russell Westbrook,23.0,OKC,PG,66.0,66.0,35.3,8.8,19.2,0.457,0.9,3.0,0.316,7.8,16.2,0.482,0.481,5.2,6.3,0.823,1.5,3.1,4.6,5.5,1.7,0.3,3.6,2.2,23.6
2012,nba mvp,Tim Duncan,duncati01,35,0.0,3.0,1210.0,0.002,False,NBA,Tim Duncan,35.0,SAS,C,58.0,58.0,28.2,6.2,12.6,0.492,0.0,0.1,0.0,6.2,12.6,0.495,0.492,3.0,4.3,0.695,1.9,7.1,9.0,2.3,0.7,1.5,1.7,1.7,15.4
2012,nba mvp,Joe Johnson,johnsjo02,30,0.0,1.0,1210.0,0.001,False,NBA,Joe Johnson,30.0,ATL,SG,60.0,60.0,35.5,7.1,15.5,0.454,2.1,5.4,0.388,5.0,10.2,0.489,0.521,2.6,3.1,0.849,0.9,2.8,3.7,3.9,0.8,0.2,1.9,1.3,18.8
2012,nba roy,Kyrie Irving,irvinky01,19,117.0,592.0,600.0,0.987,True,NBA,Kyrie Irving,19.0,CLE,PG,51.0,51.0,30.5,6.9,14.6,0.469,1.4,3.6,0.399,5.4,11.1,0.491,0.517,3.4,3.8,0.872,0.9,2.9,3.7,5.4,1.1,0.4,3.1,2.2,18.5
2012,nba roy,Ricky Rubio,rubiori01,21,0.0,170.0,600.0,0.283,False,NBA,Ricky Rubio,21.0,MIN,PG,41.0,31.0,34.2,3.4,9.5,0.357,0.8,2.3,0.34,2.6,7.2,0.363,0.398,3.1,3.8,0.803,0.5,3.7,4.2,8.2,2.2,0.2,3.2,2.4,10.6
2012,nba roy,Kenneth Faried,farieke01,22,1.0,129.0,600.0,0.215,False,NBA,Kenneth Faried,22.0,DEN,PF,46.0,39.0,22.5,3.9,6.7,0.586,0.0,0.0,,3.9,6.7,0.586,0.586,2.4,3.6,0.665,3.1,4.6,7.7,0.8,0.7,1.0,1.2,2.5,10.2
2012,nba roy,Kawhi Leonard,leonaka01,20,1.0,47.0,600.0,0.078,False,NBA,Kawhi Leonard,20.0,SAS,SF,64.0,39.0,24.0,3.1,6.3,0.493,0.6,1.7,0.376,2.5,4.6,0.536,0.543,1.1,1.4,0.773,1.6,3.5,5.1,1.1,1.3,0.4,0.7,1.4,7.9
2012,nba roy,Iman Shumpert,shumpim01,21,1.0,33.0,600.0,0.055,False,NBA,Iman Shumpert,21.0,NYK,PG,59.0,35.0,28.9,3.6,9.1,0.401,0.8,2.7,0.306,2.8,6.4,0.44,0.446,1.5,1.8,0.798,0.7,2.4,3.2,2.8,1.7,0.1,1.9,2.9,9.5
2012,nba roy,Klay Thompson,thompkl01,21,0.0,30.0,600.0,0.05,False,NBA,Klay Thompson,21.0,GSW,SG,66.0,29.0,24.4,4.8,10.9,0.443,1.7,4.1,0.414,3.1,6.8,0.46,0.52,1.2,1.4,0.868,0.4,2.1,2.4,2.0,0.7,0.3,1.6,2.3,12.5
2012,nba roy,Isaiah Thomas,thomais02,22,0.0,28.0,600.0,0.047,False,NBA,Isaiah Thomas,22.0,SAC,PG,65.0,37.0,25.5,3.9,8.8,0.448,1.3,3.4,0.379,2.7,5.4,0.491,0.521,2.4,2.8,0.832,0.7,1.8,2.6,4.1,0.8,0.1,1.6,1.9,11.5
2012,nba roy,Brandon Knight,knighbr03,20,0.0,21.0,600.0,0.035,False,NBA,Brandon Knight,20.0,DET,PG,66.0,60.0,32.3,4.8,11.7,0.415,1.6,4.2,0.38,3.2,7.5,0.434,0.483,1.6,2.1,0.759,0.5,2.7,3.2,3.8,0.7,0.2,2.6,2.3,12.8
2012,nba roy,Chandler Parsons,parsoch01,23,0.0,14.0,600.0,0.023,False,NBA,Chandler Parsons,23.0,HOU,SF,63.0,57.0,28.6,3.9,8.7,0.452,1.0,2.8,0.337,3.0,5.9,0.507,0.506,0.7,1.2,0.551,1.4,3.3,4.8,2.1,1.2,0.5,1.3,2.3,9.5
2012,nba roy,MarShon Brooks,brookma01,23,0.0,4.0,600.0,0.007,False,NBA,MarShon Brooks,23.0,NJN,SG,56.0,47.0,29.4,4.9,11.4,0.428,0.8,2.7,0.313,4.1,8.8,0.463,0.465,2.0,2.6,0.764,1.3,2.3,3.6,2.3,0.9,0.3,2.1,2.1,12.6
2012,nba roy,Kemba Walker,walkeke02,21,0.0,3.0,600.0,0.005,False,NBA,Kemba Walker,21.0,CHA,PG,66.0,25.0,27.2,4.3,11.6,0.366,1.0,3.4,0.305,3.2,8.2,0.392,0.411,2.5,3.2,0.789,0.5,3.1,3.5,4.4,0.9,0.3,1.8,1.2,12.1
2012,nba roy,Josh Selby,selbyjo01,20,0.0,1.0,600.0,0.002,False,NBA,Josh Selby,20.0,MEM,PG,28.0,0.0,8.5,0.9,2.6,0.347,0.1,0.5,0.133,0.8,2.0,0.404,0.361,0.4,0.5,0.786,0.1,0.5,0.5,1.1,0.3,0.0,1.0,0.6,2.3
2012,nba smoy,James Harden,hardeja01,22,115.0,584.0,595.0,0.982,True,NBA,James Harden,22.0,OKC,SG,62.0,2.0,31.4,5.0,10.1,0.491,1.8,4.7,0.39,3.1,5.4,0.579,0.582,5.0,6.0,0.846,0.5,3.6,4.1,3.7,1.0,0.2,2.2,2.4,16.8
2012,nba smoy,Lou Williams,willilo02,25,3.0,231.0,595.0,0.388,False,NBA,Lou Williams,25.0,PHI,PG,64.0,0.0,26.3,5.0,12.2,0.407,1.3,3.6,0.362,3.7,8.6,0.425,0.46,3.7,4.6,0.812,0.5,2.0,2.4,3.5,0.8,0.3,1.1,1.4,14.9
2012,nba smoy,Jason Terry,terryja01,34,0.0,81.0,595.0,0.136,False,NBA,Jason Terry,34.0,DAL,SG,63.0,1.0,31.7,5.7,13.2,0.43,2.2,5.8,0.378,3.5,7.4,0.471,0.513,1.6,1.8,0.883,0.3,2.1,2.4,3.6,1.2,0.2,2.0,1.1,15.1
2012,nba smoy,Al Harrington,harrial01,31,0.0,42.0,595.0,0.071,False,NBA,Al Harrington,31.0,DEN,PF,64.0,1.0,27.5,5.4,12.1,0.446,1.6,4.7,0.333,3.8,7.3,0.519,0.512,1.9,2.8,0.676,1.1,5.0,6.1,1.4,0.9,0.2,1.8,2.8,14.2
2012,nba smoy,Taj Gibson,gibsota01,26,1.0,28.0,595.0,0.047,False,NBA,Taj Gibson,26.0,CHI,PF,63.0,0.0,20.4,3.2,6.4,0.495,0.0,0.0,,3.2,6.4,0.495,0.495,1.3,2.1,0.622,2.1,3.1,5.3,0.7,0.4,1.3,1.0,2.1,7.7
2012,nba smoy,Manu Ginóbili,ginobma01,34,0.0,28.0,595.0,0.047,False,NBA,Manu Ginóbili,34.0,SAS,SG,34.0,7.0,23.3,4.4,8.4,0.526,1.5,3.7,0.413,2.9,4.7,0.616,0.618,2.6,3.0,0.871,0.5,2.9,3.4,4.4,0.7,0.4,1.9,1.6,12.9
2012,nba smoy,O.J. Mayo,mayooj01,24,0.0,18.0,595.0,0.03,False,NBA,O.J. Mayo,24.0,MEM,SG,66.0,0.0,26.8,4.5,11.2,0.408,1.5,4.2,0.364,3.0,7.0,0.434,0.476,2.0,2.6,0.773,0.5,2.7,3.2,2.6,1.1,0.3,1.9,2.1,12.6
2012,nba smoy,Mo Williams,willima01,29,0.0,14.0,595.0,0.024,False,NBA,Mo Williams,29.0,LAC,SG,52.0,1.0,28.3,5.0,11.8,0.426,1.8,4.6,0.389,3.2,7.2,0.449,0.502,1.4,1.5,0.9,0.4,1.5,1.9,3.1,1.0,0.1,1.7,2.0,13.2
2012,nba smoy,Thaddeus Young,youngth01,23,0.0,10.0,595.0,0.017,False,NBA,Thaddeus Young,23.0,PHI,PF,63.0,1.0,27.9,5.5,10.9,0.507,0.0,0.1,0.25,5.5,10.8,0.508,0.507,1.8,2.3,0.771,2.2,3.0,5.2,1.2,1.0,0.7,0.9,2.0,12.8
2012,nba smoy,Kyle Korver,korveky01,30,0.0,4.0,595.0,0.007,False,NBA,Kyle Korver,30.0,CHI,SG,65.0,7.0,22.6,2.7,6.3,0.432,1.8,4.2,0.435,0.9,2.2,0.426,0.575,0.8,1.0,0.833,0.4,2.0,2.4,1.7,0.6,0.2,0.8,1.7,8.1
2012,nba smoy,Jamal Crawford,crawfja01,31,0.0,3.0,595.0,0.005,False,NBA,Jamal Crawford,31.0,POR,PG,60.0,6.0,26.9,4.7,12.3,0.384,1.3,4.3,0.308,3.4,8.0,0.426,0.438,3.2,3.4,0.927,0.3,1.7,2.0,3.2,0.9,0.2,1.9,1.2,14.0
2012,nba smoy,Carl Landry,landrca01,28,0.0,3.0,595.0,0.005,False,NBA,Carl Landry,28.0,NOH,PF,41.0,8.0,24.4,4.4,8.8,0.503,0.0,0.1,0.0,4.4,8.8,0.507,0.503,3.6,4.5,0.799,1.9,3.3,5.2,0.9,0.3,0.3,1.6,2.2,12.5
2012,nba smoy,Zach Randolph,randoza01,30,0.0,3.0,595.0,0.005,False,NBA,Zach Randolph,30.0,MEM,PF,28.0,8.0,26.3,4.7,10.2,0.463,0.1,0.3,0.25,4.6,9.9,0.469,0.467,2.1,3.1,0.659,2.8,5.3,8.0,1.7,0.8,0.1,1.4,2.0,11.6
2012,nba smoy,C.J. Watson,watsocj01,27,0.0,3.0,595.0,0.005,False,NBA,C.J. Watson,27.0,CHI,PG,49.0,25.0,23.7,3.3,8.9,0.368,1.4,3.5,0.393,1.9,5.4,0.352,0.446,1.7,2.1,0.808,0.4,1.7,2.1,4.1,0.9,0.2,2.0,2.1,9.7
2012,nba smoy,Mike Dunleavy,dunlemi02,31,0.0,2.0,595.0,0.003,False,NBA,Mike Dunleavy,31.0,MIL,SF,55.0,3.0,26.3,4.3,9.2,0.474,1.5,3.8,0.399,2.8,5.4,0.527,0.557,2.1,2.6,0.811,0.5,3.2,3.7,2.1,0.5,0.1,1.1,1.6,12.3
2012,nba smoy,Tyler Hansbrough,hansbty01,26,0.0,2.0,595.0,0.003,False,NBA,Tyler Hansbrough,26.0,IND,PF,66.0,0.0,21.8,2.9,7.3,0.405,0.0,0.0,0.0,2.9,7.2,0.406,0.405,3.4,4.2,0.813,1.7,2.7,4.4,0.5,0.8,0.1,1.0,2.4,9.3
2012,nba smoy,Gary Neal,nealga01,27,0.0,2.0,595.0,0.003,False,NBA,Gary Neal,27.0,SAS,SG,56.0,7.0,21.5,3.8,8.7,0.436,1.5,3.5,0.419,2.3,5.1,0.448,0.522,0.9,1.1,0.781,0.2,1.9,2.1,2.1,0.5,0.0,1.1,1.3,9.9
2012,nba smoy,George Hill,hillge01,25,0.0,1.0,595.0,0.002,False,NBA,George Hill,25.0,IND,PG,50.0,9.0,25.5,3.4,7.6,0.442,1.1,2.9,0.367,2.3,4.7,0.489,0.513,1.8,2.3,0.778,0.6,2.4,3.0,2.9,0.8,0.3,1.0,2.0,9.6
2012,nba smoy,Andre Miller,millean02,35,0.0,1.0,595.0,0.002,False,NBA,Andre Miller,35.0,DEN,SG,66.0,7.0,27.4,3.7,8.4,0.438,0.3,1.3,0.217,3.4,7.1,0.478,0.455,2.1,2.6,0.811,0.8,2.5,3.3,6.7,1.0,0.1,2.7,2.0,9.7
2012,nba smoy,J.R. Smith,smithjr01,26,0.0,1.0,595.0,0.002,False,NBA,J.R. Smith,26.0,NYK,SG,35.0,1.0,27.6,4.7,11.6,0.407,1.9,5.5,0.347,2.8,6.1,0.462,0.49,1.1,1.6,0.709,0.8,3.1,3.9,2.4,1.5,0.2,1.3,2.5,12.5
2011,nba dpoy,Dwight Howard,howardw01,25,114.0,585.0,600.0,0.975,True,NBA,Dwight Howard,25.0,ORL,C,78.0,78.0,37.6,7.9,13.4,0.593,0.0,0.1,0.0,7.9,13.3,0.597,0.593,7.0,11.7,0.596,4.0,10.1,14.1,1.4,1.4,2.4,3.6,3.3,22.9
2011,nba dpoy,Kevin Garnett,garneke01,34,1.0,77.0,600.0,0.128,False,NBA,Kevin Garnett,34.0,BOS,PF,71.0,71.0,31.3,6.1,11.6,0.528,0.0,0.1,0.2,6.1,11.5,0.53,0.529,2.6,3.1,0.862,1.2,7.7,8.9,2.4,1.3,0.8,1.6,2.1,14.9
2011,nba dpoy,Tyson Chandler,chandty01,28,0.0,70.0,600.0,0.117,False,NBA,Tyson Chandler,28.0,DAL,C,74.0,74.0,27.8,3.6,5.5,0.654,0.0,0.0,,3.6,5.5,0.654,0.654,2.9,4.0,0.732,2.8,6.6,9.4,0.4,0.5,1.1,1.2,3.2,10.1
2011,nba dpoy,Tony Allen,allento01,29,0.0,53.0,600.0,0.088,False,NBA,Tony Allen,29.0,MEM,SG,72.0,31.0,20.8,3.5,6.8,0.51,0.1,0.3,0.174,3.4,6.5,0.527,0.514,1.9,2.5,0.753,1.0,1.7,2.7,1.4,1.8,0.6,1.2,2.2,8.9
2011,nba dpoy,Rajon Rondo,rondora01,24,0.0,45.0,600.0,0.075,False,NBA,Rajon Rondo,24.0,BOS,PG,68.0,68.0,37.2,4.7,9.9,0.475,0.1,0.6,0.233,4.5,9.2,0.491,0.482,1.1,1.9,0.568,1.3,3.1,4.4,11.2,2.3,0.2,3.4,1.8,10.6
2011,nba dpoy,Andrew Bogut,bogutan01,26,0.0,32.0,600.0,0.053,False,NBA,Andrew Bogut,26.0,MIL,C,65.0,65.0,35.3,5.6,11.4,0.495,0.0,0.1,0.0,5.6,11.4,0.497,0.495,1.5,3.3,0.442,3.1,8.0,11.1,2.0,0.7,2.6,1.9,3.3,12.8
2011,nba dpoy,Grant Hill,hillgr01,38,1.0,30.0,600.0,0.05,False,NBA,Grant Hill,38.0,PHO,SF,80.0,80.0,30.1,5.0,10.3,0.484,0.6,1.4,0.395,4.4,8.9,0.498,0.511,2.7,3.2,0.829,1.0,3.3,4.2,2.5,0.8,0.4,1.7,2.3,13.2
2011,nba dpoy,Andre Iguodala,iguodan01,27,0.0,29.0,600.0,0.048,False,NBA,Andre Iguodala,27.0,PHI,SF,67.0,67.0,36.9,5.0,11.3,0.445,0.9,2.7,0.337,4.1,8.6,0.479,0.486,3.1,4.5,0.693,0.9,4.9,5.8,6.3,1.5,0.6,2.1,1.6,14.1
2011,nba dpoy,LeBron James,jamesle01,26,0.0,25.0,600.0,0.042,False,NBA,LeBron James,26.0,MIA,SF,79.0,79.0,38.8,9.6,18.8,0.51,1.2,3.5,0.33,8.4,15.3,0.552,0.541,6.4,8.4,0.759,1.0,6.5,7.5,7.0,1.6,0.6,3.6,2.1,26.7
2011,nba dpoy,Luol Deng,denglu01,25,0.0,24.0,600.0,0.04,False,NBA,Luol Deng,25.0,CHI,SF,82.0,82.0,39.1,6.5,14.1,0.46,1.4,4.1,0.345,5.1,10.0,0.506,0.51,3.1,4.1,0.753,1.4,4.4,5.8,2.8,1.0,0.6,1.9,2.0,17.4
2011,nba dpoy,Kobe Bryant,bryanko01,32,0.0,18.0,600.0,0.03,False,NBA,Kobe Bryant,32.0,LAL,SG,82.0,82.0,33.9,9.0,20.0,0.451,1.4,4.3,0.323,7.6,15.6,0.487,0.487,5.9,7.1,0.828,1.0,4.1,5.1,4.7,1.2,0.1,3.0,2.1,25.3
2011,nba dpoy,Chuck Hayes,hayesch01,27,2.0,13.0,600.0,0.022,False,NBA,Chuck Hayes,27.0,HOU,C,74.0,63.0,28.1,3.3,6.3,0.527,0.0,0.0,0.0,3.3,6.2,0.529,0.527,1.3,1.9,0.662,3.0,5.1,8.1,2.7,1.1,0.7,1.2,2.7,7.9
2011,nba dpoy,Chris Paul,paulch01,25,0.0,13.0,600.0,0.022,False,NBA,Chris Paul,25.0,NOH,PG,80.0,80.0,36.0,5.4,11.6,0.463,0.9,2.3,0.388,4.5,9.3,0.482,0.502,4.2,4.8,0.878,0.5,3.6,4.1,9.8,2.4,0.1,2.2,2.5,15.9
2011,nba dpoy,Serge Ibaka,ibakase01,21,0.0,12.0,600.0,0.02,False,NBA,Serge Ibaka,21.0,OKC,PF,82.0,44.0,27.0,4.1,7.5,0.543,0.0,0.0,0.0,4.1,7.5,0.544,0.543,1.7,2.2,0.75,2.6,5.0,7.6,0.3,0.4,2.4,0.9,3.3,9.9
2011,nba dpoy,Joakim Noah,noahjo01,25,1.0,11.0,600.0,0.018,False,NBA,Joakim Noah,25.0,CHI,C,48.0,48.0,32.8,4.4,8.4,0.525,0.0,0.0,0.0,4.4,8.4,0.526,0.525,2.9,3.9,0.739,3.8,6.6,10.4,2.2,1.0,1.5,1.9,3.3,11.7
2011,nba dpoy,Dwyane Wade,wadedw01,29,0.0,8.0,600.0,0.013,False,NBA,Dwyane Wade,29.0,MIA,SG,76.0,76.0,37.1,9.1,18.2,0.5,0.8,2.7,0.306,8.3,15.5,0.534,0.523,6.5,8.6,0.758,1.6,4.8,6.4,4.6,1.5,1.1,3.1,2.6,25.5
2011,nba dpoy,Tim Duncan,duncati01,34,0.0,7.0,600.0,0.012,False,NBA,Tim Duncan,34.0,SAS,C,76.0,76.0,28.4,5.5,11.0,0.5,0.0,0.1,0.0,5.5,11.0,0.502,0.5,2.4,3.4,0.716,2.2,6.7,8.9,2.7,0.7,1.9,1.6,1.6,13.4
2011,nba dpoy,Metta World Peace,artesro01,31,0.0,6.0,600.0,0.01,False,NBA,Metta World Peace,31.0,LAL,SF,82.0,82.0,29.4,3.2,8.0,0.397,1.0,2.8,0.356,2.2,5.2,0.419,0.46,1.1,1.7,0.676,1.2,2.0,3.3,2.1,1.5,0.4,1.1,2.2,8.5
2011,nba dpoy,Keith Bogans,boganke01,30,1.0,5.0,600.0,0.008,False,NBA,Keith Bogans,30.0,CHI,SG,82.0,82.0,17.8,1.5,3.7,0.404,1.1,2.9,0.38,0.4,0.9,0.486,0.55,0.3,0.4,0.656,0.2,1.6,1.8,1.2,0.5,0.1,0.5,1.4,4.4
2011,nba dpoy,JaVale McGee,mcgeeja01,23,0.0,5.0,600.0,0.008,False,NBA,JaVale McGee,23.0,WAS,C,79.0,75.0,27.8,4.2,7.6,0.55,0.0,0.0,0.0,4.2,7.6,0.552,0.55,1.7,2.9,0.583,2.8,5.2,8.0,0.5,0.5,2.4,1.3,2.9,10.1
2011,nba dpoy,Thabo Sefolosha,sefolth01,26,0.0,4.0,600.0,0.007,False,NBA,Thabo Sefolosha,26.0,OKC,SG,79.0,79.0,25.9,2.0,4.2,0.471,0.4,1.3,0.275,1.6,2.9,0.558,0.514,0.7,1.0,0.747,0.8,3.6,4.4,1.4,1.2,0.5,0.7,2.2,5.1
2011,nba dpoy,Andrew Bynum,bynuman01,23,0.0,3.0,600.0,0.005,False,NBA,Andrew Bynum,23.0,LAL,C,54.0,47.0,27.8,4.4,7.6,0.574,0.0,0.0,,4.4,7.6,0.574,0.574,2.6,3.9,0.66,3.1,6.3,9.4,1.4,0.4,2.0,1.4,2.6,11.3
2011,nba dpoy,Kenyon Martin,martike01,33,0.0,2.0,600.0,0.003,False,NBA,Kenyon Martin,33.0,DEN,PF,48.0,48.0,25.7,3.9,7.5,0.511,0.0,0.2,0.222,3.8,7.4,0.518,0.514,0.9,1.5,0.583,1.4,4.8,6.2,2.3,0.9,0.7,1.2,2.8,8.6
2011,nba dpoy,Gerald Wallace,wallage01,28,0.0,2.0,600.0,0.003,False,NBA,Gerald Wallace,28.0,2TM,SF,71.0,63.0,37.9,5.4,12.0,0.454,0.9,2.6,0.333,4.6,9.4,0.487,0.49,3.9,5.3,0.746,1.6,6.5,8.0,2.4,1.5,0.9,2.1,2.6,15.7
2011,nba dpoy,Josh Smith,smithjo03,25,0.0,1.0,600.0,0.002,False,NBA,Josh Smith,25.0,ATL,PF,77.0,77.0,34.4,6.5,13.5,0.477,0.7,2.0,0.331,5.8,11.5,0.503,0.502,3.0,4.1,0.725,1.7,6.8,8.5,3.3,1.3,1.6,2.6,2.8,16.5
2011,nba mip,Kevin Love,loveke01,22,66.0,400.0,580.0,0.69,True,NBA,Kevin Love,22.0,MIN,PF,73.0,73.0,35.8,6.6,14.1,0.47,1.2,2.9,0.417,5.4,11.2,0.483,0.513,5.8,6.8,0.85,4.5,10.7,15.2,2.5,0.6,0.4,2.1,2.0,20.2
2011,nba mip,LaMarcus Aldridge,aldrila01,25,11.0,157.0,580.0,0.271,False,NBA,LaMarcus Aldridge,25.0,POR,PF,81.0,81.0,39.6,8.7,17.5,0.5,0.0,0.3,0.174,8.7,17.2,0.505,0.501,4.3,5.5,0.791,3.4,5.3,8.8,2.1,1.0,1.2,1.9,2.7,21.8
2011,nba mip,Dorell Wright,wrighdo01,25,16.0,124.0,580.0,0.214,False,NBA,Dorell Wright,25.0,GSW,SF,82.0,82.0,38.4,5.9,14.0,0.423,2.4,6.3,0.376,3.5,7.7,0.462,0.508,2.2,2.8,0.789,1.1,4.2,5.3,3.0,1.5,0.8,1.6,2.1,16.4
2011,nba mip,Derrick Rose,rosede01,22,11.0,69.0,580.0,0.119,False,NBA,Derrick Rose,22.0,CHI,PG,81.0,81.0,37.4,8.8,19.7,0.445,1.6,4.8,0.332,7.2,15.0,0.481,0.485,5.9,6.9,0.858,1.0,3.1,4.1,7.7,1.0,0.6,3.4,1.7,25.0
2011,nba mip,Kris Humphries,humphkr01,25,1.0,63.0,580.0,0.109,False,NBA,Kris Humphries,25.0,NJN,PF,74.0,44.0,27.9,4.1,7.9,0.527,0.0,0.0,0.0,4.1,7.9,0.527,0.527,1.7,2.6,0.665,3.0,7.4,10.4,1.1,0.4,1.1,1.4,2.3,10.0
2011,nba mip,Kyle Lowry,lowryky01,24,3.0,48.0,580.0,0.083,False,NBA,Kyle Lowry,24.0,HOU,PG,75.0,71.0,34.2,4.6,10.8,0.426,1.7,4.6,0.376,2.9,6.2,0.464,0.506,2.6,3.3,0.765,1.2,2.9,4.1,6.7,1.4,0.3,2.1,2.8,13.5
2011,nba mip,Russell Westbrook,westbru01,22,3.0,46.0,580.0,0.079,False,NBA,Russell Westbrook,22.0,OKC,PG,82.0,82.0,34.7,7.5,17.0,0.442,0.4,1.3,0.33,7.1,15.7,0.451,0.454,6.5,7.7,0.842,1.5,3.1,4.6,8.2,1.9,0.4,3.9,2.5,21.9
2011,nba mip,Wesley Matthews,matthwe02,24,2.0,32.0,580.0,0.055,False,NBA,Wesley Matthews,24.0,POR,SG,82.0,69.0,33.6,5.4,11.9,0.449,1.9,4.6,0.407,3.5,7.3,0.476,0.528,3.2,3.8,0.844,0.6,2.6,3.1,2.0,1.2,0.1,1.7,2.4,15.9
2011,nba mip,Jrue Holiday,holidjr01,20,1.0,15.0,580.0,0.026,False,NBA,Jrue Holiday,20.0,PHI,PG,82.0,82.0,35.4,5.4,12.2,0.446,1.0,2.7,0.365,4.5,9.5,0.47,0.487,2.1,2.5,0.823,0.8,3.2,4.0,6.5,1.5,0.4,2.7,2.5,14.0
2011,nba mip,Mike Conley,conlemi01,23,0.0,14.0,580.0,0.024,False,NBA,Mike Conley,23.0,MEM,PG,81.0,81.0,35.5,5.2,11.8,0.444,1.0,2.7,0.369,4.2,9.1,0.466,0.486,2.2,3.0,0.733,0.4,2.7,3.0,6.5,1.8,0.2,2.2,2.2,13.7
2011,nba mip,Arron Afflalo,afflaar01,25,0.0,13.0,580.0,0.022,False,NBA,Arron Afflalo,25.0,DEN,SG,69.0,69.0,33.7,4.5,9.1,0.498,1.5,3.6,0.423,3.0,5.5,0.546,0.581,2.0,2.4,0.847,0.7,3.0,3.6,2.4,0.5,0.4,1.0,2.2,12.6
2011,nba mip,Roy Hibbert,hibbero01,24,1.0,9.0,580.0,0.016,False,NBA,Roy Hibbert,24.0,IND,C,81.0,80.0,27.7,5.1,11.0,0.461,0.0,0.0,0.0,5.1,10.9,0.463,0.461,2.5,3.4,0.745,2.2,5.3,7.5,2.0,0.4,1.8,2.3,3.2,12.7
2011,nba mip,DeMar DeRozan,derozde01,21,1.0,6.0,580.0,0.01,False,NBA,DeMar DeRozan,21.0,TOR,SG,82.0,82.0,34.8,6.6,14.1,0.467,0.1,0.6,0.096,6.5,13.4,0.485,0.469,4.0,4.9,0.813,0.9,2.9,3.8,1.8,1.0,0.4,1.8,2.6,17.2
2011,nba mip,Eric Gordon,gordoer01,22,0.0,5.0,580.0,0.009,False,NBA,Eric Gordon,22.0,LAC,SG,56.0,56.0,37.7,7.6,16.9,0.45,1.9,5.2,0.364,5.7,11.8,0.488,0.506,5.1,6.2,0.825,0.8,2.1,2.9,4.4,1.3,0.3,2.7,2.1,22.3
2011,nba mip,Tyler Hansbrough,hansbty01,25,0.0,5.0,580.0,0.009,False,NBA,Tyler Hansbrough,25.0,IND,PF,70.0,29.0,21.9,4.1,8.8,0.465,0.0,0.0,0.0,4.1,8.7,0.466,0.465,2.8,3.6,0.779,2.1,3.2,5.2,0.6,0.5,0.2,1.1,2.3,11.0
2011,nba mip,Nick Young,youngni01,25,0.0,5.0,580.0,0.009,False,NBA,Nick Young,25.0,WAS,SG,64.0,40.0,31.8,6.4,14.6,0.441,1.6,4.2,0.387,4.8,10.4,0.462,0.497,2.9,3.6,0.816,0.4,2.3,2.7,1.2,0.7,0.3,1.4,2.3,17.4
2011,nba mip,Darrell Arthur,arthuda01,22,0.0,4.0,580.0,0.007,False,NBA,Darrell Arthur,22.0,MEM,PF,80.0,9.0,20.1,3.9,7.8,0.497,0.0,0.1,0.0,3.9,7.7,0.502,0.497,1.4,1.7,0.813,1.4,2.8,4.3,0.7,0.7,0.8,1.1,2.9,9.1
2011,nba mip,Serge Ibaka,ibakase01,21,0.0,4.0,580.0,0.007,False,NBA,Serge Ibaka,21.0,OKC,PF,82.0,44.0,27.0,4.1,7.5,0.543,0.0,0.0,0.0,4.1,7.5,0.544,0.543,1.7,2.2,0.75,2.6,5.0,7.6,0.3,0.4,2.4,0.9,3.3,9.9
2011,nba mip,DeAndre Jordan,jordade01,22,0.0,4.0,580.0,0.007,False,NBA,DeAndre Jordan,22.0,LAC,C,80.0,66.0,25.6,2.9,4.3,0.686,0.0,0.0,0.0,2.9,4.3,0.688,0.686,1.2,2.7,0.452,2.6,4.6,7.2,0.5,0.5,1.8,1.3,3.2,7.1
2011,nba mip,Thaddeus Young,youngth01,22,0.0,4.0,580.0,0.007,False,NBA,Thaddeus Young,22.0,PHI,PF,82.0,1.0,26.0,5.6,10.3,0.541,0.1,0.3,0.273,5.5,10.1,0.548,0.544,1.5,2.1,0.707,1.9,3.4,5.3,1.0,1.1,0.3,1.2,2.1,12.7
2011,nba mip,D.J. Augustin,augusdj01,23,0.0,3.0,580.0,0.005,False,NBA,D.J. Augustin,23.0,CHA,PG,82.0,82.0,33.6,4.9,11.7,0.416,1.4,4.1,0.333,3.5,7.6,0.461,0.474,3.3,3.6,0.906,0.5,2.3,2.7,6.1,0.7,0.0,1.9,1.9,14.4
2011,nba mip,Luol Deng,denglu01,25,0.0,3.0,580.0,0.005,False,NBA,Luol Deng,25.0,CHI,SF,82.0,82.0,39.1,6.5,14.1,0.46,1.4,4.1,0.345,5.1,10.0,0.506,0.51,3.1,4.1,0.753,1.4,4.4,5.8,2.8,1.0,0.6,1.9,2.0,17.4
2011,nba mip,Amar'e Stoudemire,stoudam01,28,0.0,3.0,580.0,0.005,False,NBA,Amar'e Stoudemire,28.0,NYK,C,78.0,78.0,36.8,9.5,19.0,0.502,0.1,0.3,0.435,9.4,18.7,0.503,0.505,6.1,7.7,0.792,2.5,5.6,8.2,2.6,0.9,1.9,3.2,3.5,25.3
2011,nba mip,Tony Allen,allento01,29,0.0,1.0,580.0,0.002,False,NBA,Tony Allen,29.0,MEM,SG,72.0,31.0,20.8,3.5,6.8,0.51,0.1,0.3,0.174,3.4,6.5,0.527,0.514,1.9,2.5,0.753,1.0,1.7,2.7,1.4,1.8,0.6,1.2,2.2,8.9
2011,nba mip,Michael Beasley,beaslmi01,22,0.0,1.0,580.0,0.002,False,NBA,Michael Beasley,22.0,MIN,SF,73.0,73.0,32.3,7.7,17.1,0.45,0.8,2.2,0.366,6.9,14.8,0.463,0.474,3.0,4.0,0.753,1.6,4.0,5.6,2.2,0.7,0.7,2.7,3.0,19.2
2011,nba mip,Elton Brand,brandel01,31,0.0,1.0,580.0,0.002,False,NBA,Elton Brand,31.0,PHI,PF,81.0,81.0,34.7,6.2,12.1,0.512,0.0,0.0,0.0,6.2,12.1,0.512,0.512,2.6,3.4,0.78,2.9,5.4,8.3,1.5,1.1,1.3,1.2,3.0,15.0
2011,nba mip,Tyson Chandler,chandty01,28,0.0,1.0,580.0,0.002,False,NBA,Tyson Chandler,28.0,DAL,C,74.0,74.0,27.8,3.6,5.5,0.654,0.0,0.0,,3.6,5.5,0.654,0.654,2.9,4.0,0.732,2.8,6.6,9.4,0.4,0.5,1.1,1.2,3.2,10.1
2011,nba mip,Jared Dudley,dudleja01,25,0.0,1.0,580.0,0.002,False,NBA,Jared Dudley,25.0,PHO,SF,82.0,15.0,26.1,3.7,7.7,0.477,1.3,3.1,0.415,2.4,4.6,0.519,0.56,2.0,2.7,0.743,1.4,2.5,3.9,1.3,1.1,0.2,0.9,1.7,10.6
2011,nba mip,Marcin Gortat,gortama01,26,0.0,1.0,580.0,0.002,False,NBA,Marcin Gortat,26.0,2TM,C,80.0,14.0,25.4,4.2,7.5,0.561,0.0,0.1,0.25,4.2,7.5,0.563,0.561,1.8,2.4,0.725,1.9,6.0,7.9,0.9,0.5,1.1,1.0,2.4,10.2
2011,nba mip,James Harden,hardeja01,21,0.0,1.0,580.0,0.002,False,NBA,James Harden,21.0,OKC,SG,82.0,5.0,26.7,3.6,8.3,0.436,1.4,4.0,0.349,2.3,4.4,0.514,0.518,3.5,4.2,0.843,0.5,2.6,3.1,2.1,1.1,0.3,1.3,2.5,12.2
2011,nba mip,Jodie Meeks,meeksjo01,23,0.0,1.0,580.0,0.002,False,NBA,Jodie Meeks,23.0,PHI,SG,74.0,64.0,27.9,3.3,7.7,0.425,1.9,4.7,0.397,1.4,3.0,0.468,0.546,2.1,2.3,0.894,0.3,2.0,2.3,1.1,0.9,0.1,0.8,1.3,10.5
2011,nba mvp,Derrick Rose,rosede01,22,113.0,1182.0,1210.0,0.977,True,NBA,Derrick Rose,22.0,CHI,PG,81.0,81.0,37.4,8.8,19.7,0.445,1.6,4.8,0.332,7.2,15.0,0.481,0.485,5.9,6.9,0.858,1.0,3.1,4.1,7.7,1.0,0.6,3.4,1.7,25.0
2011,nba mvp,Dwight Howard,howardw01,25,3.0,643.0,1210.0,0.531,False,NBA,Dwight Howard,25.0,ORL,C,78.0,78.0,37.6,7.9,13.4,0.593,0.0,0.1,0.0,7.9,13.3,0.597,0.593,7.0,11.7,0.596,4.0,10.1,14.1,1.4,1.4,2.4,3.6,3.3,22.9
2011,nba mvp,LeBron James,jamesle01,26,4.0,522.0,1210.0,0.431,False,NBA,LeBron James,26.0,MIA,SF,79.0,79.0,38.8,9.6,18.8,0.51,1.2,3.5,0.33,8.4,15.3,0.552,0.541,6.4,8.4,0.759,1.0,6.5,7.5,7.0,1.6,0.6,3.6,2.1,26.7
2011,nba mvp,Kobe Bryant,bryanko01,32,1.0,428.0,1210.0,0.354,False,NBA,Kobe Bryant,32.0,LAL,SG,82.0,82.0,33.9,9.0,20.0,0.451,1.4,4.3,0.323,7.6,15.6,0.487,0.487,5.9,7.1,0.828,1.0,4.1,5.1,4.7,1.2,0.1,3.0,2.1,25.3
2011,nba mvp,Kevin Durant,duranke01,22,0.0,190.0,1210.0,0.157,False,NBA,Kevin Durant,22.0,OKC,SF,78.0,78.0,38.9,9.1,19.7,0.462,1.9,5.3,0.35,7.3,14.4,0.504,0.509,7.6,8.7,0.88,0.7,6.1,6.8,2.7,1.1,1.0,2.8,2.0,27.7
2011,nba mvp,Dirk Nowitzki,nowitdi01,32,0.0,113.0,1210.0,0.093,False,NBA,Dirk Nowitzki,32.0,DAL,PF,73.0,73.0,34.3,8.4,16.2,0.517,0.9,2.3,0.393,7.5,13.8,0.538,0.545,5.4,6.1,0.892,0.7,6.3,7.0,2.6,0.5,0.6,1.9,2.4,23.0
2011,nba mvp,Dwyane Wade,wadedw01,29,0.0,24.0,1210.0,0.02,False,NBA,Dwyane Wade,29.0,MIA,SG,76.0,76.0,37.1,9.1,18.2,0.5,0.8,2.7,0.306,8.3,15.5,0.534,0.523,6.5,8.6,0.758,1.6,4.8,6.4,4.6,1.5,1.1,3.1,2.6,25.5
2011,nba mvp,Manu Ginóbili,ginobma01,33,0.0,20.0,1210.0,0.017,False,NBA,Manu Ginóbili,33.0,SAS,SG,80.0,79.0,30.3,5.5,12.7,0.433,1.9,5.5,0.349,3.6,7.2,0.497,0.509,4.5,5.1,0.871,0.5,3.2,3.7,4.9,1.5,0.4,2.2,2.0,17.4
2011,nba mvp,Amar'e Stoudemire,stoudam01,28,0.0,9.0,1210.0,0.007,False,NBA,Amar'e Stoudemire,28.0,NYK,C,78.0,78.0,36.8,9.5,19.0,0.502,0.1,0.3,0.435,9.4,18.7,0.503,0.505,6.1,7.7,0.792,2.5,5.6,8.2,2.6,0.9,1.9,3.2,3.5,25.3
2011,nba mvp,Blake Griffin,griffbl01,21,0.0,5.0,1210.0,0.004,False,NBA,Blake Griffin,21.0,LAC,PF,82.0,82.0,38.0,8.5,16.8,0.506,0.1,0.3,0.292,8.4,16.5,0.51,0.508,5.4,8.5,0.642,3.3,8.8,12.1,3.8,0.8,0.5,2.7,3.1,22.5
2011,nba mvp,Rajon Rondo,rondora01,24,0.0,5.0,1210.0,0.004,False,NBA,Rajon Rondo,24.0,BOS,PG,68.0,68.0,37.2,4.7,9.9,0.475,0.1,0.6,0.233,4.5,9.2,0.491,0.482,1.1,1.9,0.568,1.3,3.1,4.4,11.2,2.3,0.2,3.4,1.8,10.6
2011,nba mvp,Tony Parker,parketo01,28,0.0,3.0,1210.0,0.002,False,NBA,Tony Parker,28.0,SAS,PG,78.0,78.0,32.4,7.1,13.7,0.519,0.3,0.9,0.357,6.8,12.8,0.531,0.531,3.0,3.9,0.769,0.4,2.7,3.1,6.6,1.2,0.0,2.6,1.7,17.5
2011,nba mvp,Chris Paul,paulch01,25,0.0,2.0,1210.0,0.002,False,NBA,Chris Paul,25.0,NOH,PG,80.0,80.0,36.0,5.4,11.6,0.463,0.9,2.3,0.388,4.5,9.3,0.482,0.502,4.2,4.8,0.878,0.5,3.6,4.1,9.8,2.4,0.1,2.2,2.5,15.9
2011,nba roy,Blake Griffin,griffbl01,21,118.0,590.0,590.0,1.0,True,NBA,Blake Griffin,21.0,LAC,PF,82.0,82.0,38.0,8.5,16.8,0.506,0.1,0.3,0.292,8.4,16.5,0.51,0.508,5.4,8.5,0.642,3.3,8.8,12.1,3.8,0.8,0.5,2.7,3.1,22.5
2011,nba roy,John Wall,walljo01,20,0.0,295.0,590.0,0.5,False,NBA,John Wall,20.0,WAS,PG,69.0,64.0,37.8,5.8,14.1,0.409,0.5,1.7,0.296,5.3,12.4,0.425,0.427,4.4,5.7,0.766,0.5,4.1,4.6,8.3,1.8,0.5,3.8,2.5,16.4
2011,nba roy,DeMarcus Cousins,couside01,20,0.0,81.0,590.0,0.137,False,NBA,DeMarcus Cousins,20.0,SAC,C,81.0,62.0,28.5,5.3,12.4,0.43,0.0,0.2,0.167,5.3,12.2,0.435,0.432,3.4,5.0,0.687,2.7,6.0,8.6,2.5,1.0,0.8,3.3,4.1,14.1
2011,nba roy,Landry Fields,fieldla01,22,0.0,62.0,590.0,0.105,False,NBA,Landry Fields,22.0,NYK,SG,82.0,81.0,31.0,3.6,7.3,0.497,1.0,2.7,0.393,2.6,4.7,0.556,0.568,1.4,1.8,0.769,1.3,5.1,6.4,1.9,1.0,0.2,1.3,1.4,9.7
2011,nba roy,Gary Neal,nealga01,26,0.0,19.0,590.0,0.032,False,NBA,Gary Neal,26.0,SAS,SG,80.0,1.0,21.1,3.6,7.9,0.451,1.6,3.9,0.419,2.0,4.1,0.481,0.553,1.1,1.3,0.808,0.3,2.2,2.5,1.2,0.3,0.1,1.0,1.9,9.8
2011,nba roy,Greg Monroe,monrogr01,20,0.0,15.0,590.0,0.025,False,NBA,Greg Monroe,20.0,DET,C,80.0,48.0,27.8,3.8,6.9,0.551,0.0,0.0,0.0,3.8,6.9,0.552,0.551,1.8,2.9,0.622,3.1,4.4,7.5,1.3,1.2,0.6,1.0,2.5,9.4
2011,nba smoy,Lamar Odom,odomla01,31,96.0,513.0,585.0,0.877,True,NBA,Lamar Odom,31.0,LAL,PF,82.0,35.0,32.2,5.8,10.9,0.53,0.8,2.2,0.382,4.9,8.7,0.566,0.568,2.0,3.0,0.675,2.1,6.5,8.7,3.0,0.6,0.7,1.7,2.4,14.4
2011,nba smoy,Jason Terry,terryja01,33,13.0,244.0,585.0,0.417,False,NBA,Jason Terry,33.0,DAL,SG,82.0,10.0,31.3,6.0,13.3,0.451,1.5,4.3,0.362,4.5,9.0,0.493,0.509,2.2,2.6,0.85,0.3,1.6,1.9,4.1,1.1,0.2,2.0,1.7,15.8
2011,nba smoy,Thaddeus Young,youngth01,22,2.0,76.0,585.0,0.13,False,NBA,Thaddeus Young,22.0,PHI,PF,82.0,1.0,26.0,5.6,10.3,0.541,0.1,0.3,0.273,5.5,10.1,0.548,0.544,1.5,2.1,0.707,1.9,3.4,5.3,1.0,1.1,0.3,1.2,2.1,12.7
2011,nba smoy,Glen Davis,davisgl01,25,0.0,75.0,585.0,0.128,False,NBA,Glen Davis,25.0,BOS,C,78.0,13.0,29.5,4.6,10.3,0.448,0.0,0.2,0.133,4.6,10.1,0.454,0.449,2.5,3.4,0.736,1.3,4.2,5.4,1.2,1.0,0.4,1.1,3.0,11.7
2011,nba smoy,Jamal Crawford,crawfja01,30,5.0,51.0,585.0,0.087,False,NBA,Jamal Crawford,30.0,ATL,SG,76.0,0.0,30.2,4.8,11.5,0.421,1.6,4.6,0.341,3.3,6.9,0.474,0.489,2.9,3.4,0.854,0.3,1.4,1.7,3.2,0.8,0.2,1.9,1.3,14.2
2011,nba smoy,Lou Williams,willilo02,24,1.0,26.0,585.0,0.044,False,NBA,Lou Williams,24.0,PHI,SG,75.0,0.0,23.3,4.3,10.6,0.406,1.2,3.4,0.348,3.1,7.2,0.434,0.462,3.9,4.7,0.823,0.4,1.6,2.0,3.4,0.6,0.2,1.4,1.7,13.7
2011,nba smoy,James Harden,hardeja01,21,0.0,19.0,585.0,0.032,False,NBA,James Harden,21.0,OKC,SG,82.0,5.0,26.7,3.6,8.3,0.436,1.4,4.0,0.349,2.3,4.4,0.514,0.518,3.5,4.2,0.843,0.5,2.6,3.1,2.1,1.1,0.3,1.3,2.5,12.2
2011,nba smoy,George Hill,hillge01,24,0.0,18.0,585.0,0.031,False,NBA,George Hill,24.0,SAS,PG,76.0,5.0,28.3,3.8,8.3,0.453,1.0,2.7,0.377,2.8,5.6,0.49,0.514,3.1,3.6,0.863,0.3,2.3,2.6,2.5,0.9,0.3,1.3,2.0,11.6
2011,nba smoy,Marcin Gortat,gortama01,26,0.0,11.0,585.0,0.019,False,NBA,Marcin Gortat,26.0,2TM,C,80.0,14.0,25.4,4.2,7.5,0.561,0.0,0.1,0.25,4.2,7.5,0.563,0.561,1.8,2.4,0.725,1.9,6.0,7.9,0.9,0.5,1.1,1.0,2.4,10.2
2011,nba smoy,J.R. Smith,smithjr01,25,0.0,7.0,585.0,0.012,False,NBA,J.R. Smith,25.0,DEN,SF,79.0,6.0,24.9,4.3,9.9,0.435,1.6,4.0,0.39,2.7,5.9,0.466,0.514,2.1,2.8,0.738,0.6,3.5,4.1,2.2,1.2,0.2,1.3,2.2,12.3
2011,nba smoy,Tony Allen,allento01,29,0.0,3.0,585.0,0.005,False,NBA,Tony Allen,29.0,MEM,SG,72.0,31.0,20.8,3.5,6.8,0.51,0.1,0.3,0.174,3.4,6.5,0.527,0.514,1.9,2.5,0.753,1.0,1.7,2.7,1.4,1.8,0.6,1.2,2.2,8.9
2011,nba smoy,Ty Lawson,lawsoty01,23,0.0,3.0,585.0,0.005,False,NBA,Ty Lawson,23.0,DEN,PG,80.0,31.0,26.3,4.3,8.6,0.503,0.9,2.1,0.404,3.5,6.5,0.536,0.553,2.2,2.8,0.764,0.8,1.8,2.6,4.7,1.0,0.1,1.7,1.7,11.7
2011,nba smoy,O.J. Mayo,mayooj01,23,0.0,3.0,585.0,0.005,False,NBA,O.J. Mayo,23.0,MEM,SG,71.0,17.0,26.3,4.3,10.5,0.407,1.4,3.7,0.364,2.9,6.8,0.431,0.471,1.4,1.8,0.756,0.5,1.9,2.4,2.0,1.0,0.4,1.4,1.8,11.3
2011,nba smoy,Toney Douglas,douglto01,24,0.0,2.0,585.0,0.003,False,NBA,Toney Douglas,24.0,NYK,SG,81.0,9.0,24.3,3.9,9.3,0.416,1.8,4.7,0.373,2.1,4.6,0.46,0.511,1.0,1.3,0.794,0.8,2.2,3.0,3.0,1.1,0.0,1.1,2.2,10.6
2011,nba smoy,Matt Bonner,bonnema01,30,0.0,1.0,585.0,0.002,False,NBA,Matt Bonner,30.0,SAS,PF,66.0,1.0,21.7,2.6,5.6,0.464,1.6,3.5,0.457,1.0,2.1,0.475,0.605,0.5,0.7,0.744,0.9,2.7,3.6,0.9,0.4,0.3,0.4,1.7,7.3
2011,nba smoy,JJ Redick,redicjj01,26,0.0,1.0,585.0,0.002,False,NBA,JJ Redick,26.0,ORL,SG,59.0,5.0,25.6,3.3,7.6,0.441,1.5,3.7,0.397,1.9,3.9,0.482,0.538,1.9,2.2,0.875,0.1,1.8,1.9,1.7,0.5,0.1,0.9,1.4,10.1
2010,nba dpoy,Dwight Howard,howardw01,24,110.0,576.0,610.0,0.944,True,NBA,Dwight Howard,24.0,ORL,C,82.0,82.0,34.7,6.2,10.2,0.612,0.0,0.1,0.0,6.2,10.1,0.617,0.612,5.9,10.0,0.592,3.5,9.7,13.2,1.8,0.9,2.8,3.3,3.5,18.3
2010,nba dpoy,Josh Smith,smithjo03,24,3.0,136.0,610.0,0.223,False,NBA,Josh Smith,24.0,ATL,PF,81.0,81.0,35.4,6.2,12.3,0.505,0.0,0.1,0.0,6.2,12.2,0.508,0.505,3.2,5.2,0.618,2.8,6.0,8.7,4.2,1.6,2.1,2.4,3.0,15.7
2010,nba dpoy,Gerald Wallace,wallage01,27,1.0,113.0,610.0,0.185,False,NBA,Gerald Wallace,27.0,CHA,SF,76.0,76.0,41.0,6.0,12.4,0.484,0.7,1.8,0.371,5.3,10.6,0.503,0.511,5.6,7.2,0.776,2.0,8.1,10.0,2.1,1.5,1.1,2.3,2.6,18.2
2010,nba dpoy,LeBron James,jamesle01,25,4.0,61.0,610.0,0.1,False,NBA,LeBron James,25.0,CLE,SF,76.0,76.0,39.0,10.1,20.1,0.503,1.7,5.1,0.333,8.4,15.0,0.56,0.545,7.8,10.2,0.767,0.9,6.4,7.3,8.6,1.6,1.0,3.4,1.6,29.7
2010,nba dpoy,Rajon Rondo,rondora01,23,1.0,55.0,610.0,0.09,False,NBA,Rajon Rondo,23.0,BOS,PG,81.0,81.0,36.6,5.7,11.2,0.508,0.2,1.0,0.213,5.5,10.2,0.536,0.517,2.2,3.5,0.621,1.2,3.2,4.4,9.8,2.3,0.1,3.0,2.4,13.7
2010,nba dpoy,Metta World Peace,artesro01,30,0.0,29.0,610.0,0.048,False,NBA,Metta World Peace,30.0,LAL,SF,77.0,77.0,33.8,4.0,9.6,0.414,1.4,3.8,0.355,2.6,5.8,0.453,0.484,1.7,2.4,0.688,1.3,3.0,4.3,3.0,1.4,0.3,1.6,2.1,11.0
2010,nba dpoy,Andrew Bogut,bogutan01,25,1.0,23.0,610.0,0.038,False,NBA,Andrew Bogut,25.0,MIL,C,69.0,69.0,32.3,6.9,13.2,0.52,0.0,0.0,0.0,6.9,13.2,0.521,0.52,2.2,3.4,0.629,3.0,7.1,10.2,1.8,0.6,2.5,1.9,3.2,15.9
2010,nba dpoy,Thabo Sefolosha,sefolth01,25,2.0,20.0,610.0,0.033,False,NBA,Thabo Sefolosha,25.0,OKC,SG,82.0,82.0,28.6,2.4,5.4,0.44,0.5,1.6,0.313,1.9,3.8,0.494,0.486,0.7,1.1,0.674,0.9,3.8,4.7,1.8,1.2,0.6,1.1,1.9,6.0
2010,nba dpoy,Anderson Varejão,varejan01,27,0.0,18.0,610.0,0.03,False,NBA,Anderson Varejão,27.0,CLE,PF,76.0,7.0,28.5,3.5,6.1,0.572,0.0,0.1,0.2,3.5,6.1,0.576,0.573,1.5,2.3,0.663,2.5,5.1,7.6,1.1,0.9,0.9,0.9,2.9,8.6
2010,nba dpoy,Marcus Camby,cambyma01,35,0.0,13.0,610.0,0.021,False,NBA,Marcus Camby,35.0,2TM,PF,74.0,74.0,31.3,3.2,6.8,0.475,0.0,0.1,0.286,3.2,6.7,0.478,0.477,1.1,1.6,0.639,3.4,8.4,11.8,2.5,1.3,2.0,1.2,2.2,7.5
2010,nba dpoy,Dwyane Wade,wadedw01,28,0.0,13.0,610.0,0.021,False,NBA,Dwyane Wade,28.0,MIA,SG,77.0,77.0,36.3,9.3,19.6,0.476,0.9,3.2,0.3,8.4,16.5,0.509,0.5,6.9,9.1,0.761,1.4,3.5,4.8,6.5,1.8,1.1,3.3,2.4,26.6
2010,nba dpoy,Kobe Bryant,bryanko01,31,0.0,9.0,610.0,0.015,False,NBA,Kobe Bryant,31.0,LAL,SG,73.0,73.0,38.8,9.8,21.5,0.456,1.4,4.1,0.329,8.5,17.4,0.487,0.488,6.0,7.4,0.811,1.1,4.3,5.4,5.0,1.5,0.3,3.2,2.6,27.0
2010,nba dpoy,Shawn Marion,mariosh01,31,0.0,8.0,610.0,0.013,False,NBA,Shawn Marion,31.0,DAL,SF,75.0,75.0,31.8,5.3,10.4,0.508,0.0,0.3,0.158,5.2,10.1,0.516,0.51,1.4,1.9,0.755,2.1,4.3,6.4,1.4,0.9,0.8,1.3,1.9,12.0
2010,nba dpoy,Tim Duncan,duncati01,33,0.0,7.0,610.0,0.011,False,NBA,Tim Duncan,33.0,SAS,C,78.0,77.0,31.3,7.2,13.9,0.518,0.0,0.1,0.182,7.2,13.7,0.522,0.519,3.5,4.8,0.725,2.8,7.3,10.1,3.2,0.6,1.5,1.8,1.9,17.9
2010,nba dpoy,Shane Battier,battish01,31,0.0,5.0,610.0,0.008,False,NBA,Shane Battier,31.0,HOU,SG,67.0,62.0,32.4,2.7,6.7,0.398,1.5,4.2,0.362,1.1,2.5,0.458,0.511,1.1,1.6,0.726,1.1,3.6,4.7,2.4,0.8,1.1,1.0,2.1,8.0
2010,nba dpoy,Andrei Kirilenko,kirilan01,28,0.0,4.0,610.0,0.007,False,NBA,Andrei Kirilenko,28.0,UTA,SF,58.0,35.0,29.0,4.2,8.3,0.506,0.4,1.5,0.292,3.8,6.8,0.555,0.533,3.0,4.0,0.744,1.3,3.2,4.6,2.7,1.4,1.2,1.4,1.8,11.9
2010,nba dpoy,Arron Afflalo,afflaar01,24,0.0,1.0,610.0,0.002,False,NBA,Arron Afflalo,24.0,DEN,SG,82.0,75.0,27.1,3.3,7.1,0.465,1.3,3.0,0.434,2.0,4.1,0.488,0.557,0.9,1.2,0.735,0.7,2.4,3.1,1.7,0.6,0.4,0.9,2.7,8.8
2010,nba dpoy,Matt Barnes,barnema02,29,0.0,1.0,610.0,0.002,False,NBA,Matt Barnes,29.0,ORL,SF,81.0,58.0,25.9,3.3,6.9,0.487,0.8,2.6,0.319,2.5,4.3,0.586,0.546,1.3,1.8,0.74,1.3,4.2,5.5,1.7,0.7,0.4,1.4,2.3,8.8
2010,nba dpoy,Brendan Haywood,haywobr01,30,0.0,1.0,610.0,0.002,False,NBA,Brendan Haywood,30.0,2TM,C,77.0,67.0,30.6,3.6,6.4,0.562,0.0,0.0,0.0,3.6,6.4,0.563,0.562,2.0,3.2,0.62,3.6,5.7,9.3,0.6,0.3,2.1,1.3,2.7,9.1
2010,nba dpoy,David Lee,leeda02,26,0.0,1.0,610.0,0.002,False,NBA,David Lee,26.0,NYK,C,81.0,81.0,37.3,8.5,15.5,0.545,0.0,0.1,0.0,8.5,15.4,0.549,0.545,3.3,4.1,0.812,2.8,8.9,11.7,3.6,1.0,0.5,2.3,3.2,20.2
2010,nba dpoy,Kenyon Martin,martike01,32,0.0,1.0,610.0,0.002,False,NBA,Kenyon Martin,32.0,DEN,PF,58.0,58.0,34.2,4.9,10.7,0.456,0.1,0.5,0.276,4.7,10.2,0.465,0.463,1.6,2.9,0.557,2.4,7.0,9.4,1.9,1.2,1.1,1.6,3.2,11.5
2010,nba dpoy,Luc Mbah a Moute,mbahalu01,23,0.0,1.0,610.0,0.002,False,NBA,Luc Mbah a Moute,23.0,MIL,PF,73.0,62.0,25.6,2.4,5.1,0.48,0.1,0.2,0.353,2.3,4.8,0.486,0.488,1.3,1.8,0.699,2.3,3.1,5.5,1.1,0.8,0.5,1.0,2.5,6.2
2010,nba dpoy,Kendrick Perkins,perkike01,25,0.0,1.0,610.0,0.002,False,NBA,Kendrick Perkins,25.0,BOS,C,78.0,78.0,27.6,4.0,6.7,0.602,0.0,0.0,0.0,4.0,6.7,0.605,0.602,2.1,3.6,0.582,2.0,5.6,7.6,1.0,0.3,1.7,2.1,2.8,10.1
2010,nba dpoy,Ben Wallace,wallabe01,35,0.0,1.0,610.0,0.002,False,NBA,Ben Wallace,35.0,DET,C,69.0,67.0,28.6,2.3,4.2,0.541,0.0,0.0,0.0,2.3,4.2,0.545,0.541,0.9,2.3,0.406,3.6,5.1,8.7,1.5,1.2,1.2,0.9,1.9,5.5
2010,nba mip,Aaron Brooks,brookaa01,25,62.0,403.0,615.0,0.655,True,NBA,Aaron Brooks,25.0,HOU,PG,82.0,82.0,35.6,7.0,16.2,0.432,2.5,6.4,0.398,4.5,9.8,0.454,0.511,3.0,3.6,0.822,0.7,2.0,2.6,5.3,0.8,0.2,2.8,2.4,19.6
2010,nba mip,Kevin Durant,duranke01,21,17.0,101.0,615.0,0.164,False,NBA,Kevin Durant,21.0,OKC,SF,82.0,82.0,39.5,9.7,20.3,0.476,1.6,4.3,0.365,8.1,16.1,0.506,0.514,9.2,10.2,0.9,1.3,6.3,7.6,2.8,1.4,1.0,3.3,2.1,30.1
2010,nba mip,Marc Gasol,gasolma01,25,9.0,101.0,615.0,0.164,False,NBA,Marc Gasol,25.0,MEM,C,69.0,69.0,35.8,5.5,9.4,0.581,0.0,0.0,0.0,5.5,9.4,0.582,0.581,3.7,5.4,0.67,3.0,6.3,9.3,2.4,1.0,1.6,2.0,3.7,14.6
2010,nba mip,George Hill,hillge01,23,7.0,101.0,615.0,0.164,False,NBA,George Hill,23.0,SAS,PG,78.0,43.0,29.2,4.5,9.5,0.478,1.0,2.4,0.399,3.6,7.1,0.505,0.529,2.3,3.0,0.772,0.5,2.1,2.6,2.9,0.9,0.3,1.3,2.8,12.4
2010,nba mip,Andrew Bogut,bogutan01,25,7.0,93.0,615.0,0.151,False,NBA,Andrew Bogut,25.0,MIL,C,69.0,69.0,32.3,6.9,13.2,0.52,0.0,0.0,0.0,6.9,13.2,0.521,0.52,2.2,3.4,0.629,3.0,7.1,10.2,1.8,0.6,2.5,1.9,3.2,15.9
2010,nba mip,Russell Westbrook,westbru01,21,5.0,67.0,615.0,0.109,False,NBA,Russell Westbrook,21.0,OKC,PG,82.0,82.0,34.3,5.9,14.1,0.418,0.3,1.3,0.221,5.6,12.9,0.438,0.428,4.0,5.1,0.78,1.7,3.1,4.9,8.0,1.3,0.4,3.3,2.5,16.1
2010,nba mip,Joakim Noah,noahjo01,24,7.0,64.0,615.0,0.104,False,NBA,Joakim Noah,24.0,CHI,C,64.0,54.0,30.1,4.1,8.1,0.504,0.0,0.0,,4.1,8.1,0.504,0.504,2.5,3.4,0.744,3.4,7.6,11.0,2.1,0.5,1.6,1.8,3.1,10.7
2010,nba mip,Gerald Wallace,wallage01,27,3.0,29.0,615.0,0.047,False,NBA,Gerald Wallace,27.0,CHA,SF,76.0,76.0,41.0,6.0,12.4,0.484,0.7,1.8,0.371,5.3,10.6,0.503,0.511,5.6,7.2,0.776,2.0,8.1,10.0,2.1,1.5,1.1,2.3,2.6,18.2
2010,nba mip,Brook Lopez,lopezbr01,21,1.0,19.0,615.0,0.031,False,NBA,Brook Lopez,21.0,NJN,C,82.0,82.0,36.9,6.9,13.8,0.499,0.0,0.0,0.0,6.9,13.7,0.5,0.499,5.1,6.2,0.817,3.3,5.4,8.6,2.3,0.7,1.7,2.5,3.1,18.8
2010,nba mip,Corey Brewer,breweco01,23,0.0,19.0,615.0,0.031,False,NBA,Corey Brewer,23.0,MIN,SG,82.0,82.0,30.3,5.0,11.6,0.431,1.0,2.9,0.346,4.0,8.7,0.459,0.474,2.0,3.1,0.648,0.9,2.5,3.4,2.4,1.4,0.4,2.0,2.7,13.0
2010,nba mip,Carl Landry,landrca01,26,0.0,18.0,615.0,0.029,False,NBA,Carl Landry,26.0,2TM,PF,80.0,29.0,30.9,6.2,11.6,0.536,0.0,0.0,0.333,6.2,11.6,0.537,0.537,4.3,5.3,0.806,2.4,3.5,5.9,0.8,0.7,0.8,1.7,2.9,16.8
2010,nba mip,Rajon Rondo,rondora01,23,2.0,12.0,615.0,0.02,False,NBA,Rajon Rondo,23.0,BOS,PG,81.0,81.0,36.6,5.7,11.2,0.508,0.2,1.0,0.213,5.5,10.2,0.536,0.517,2.2,3.5,0.621,1.2,3.2,4.4,9.8,2.3,0.1,3.0,2.4,13.7
2010,nba mip,Andray Blatche,blatcan01,23,1.0,12.0,615.0,0.02,False,NBA,Andray Blatche,23.0,WAS,PF,81.0,36.0,27.9,5.9,12.3,0.478,0.2,0.5,0.295,5.7,11.8,0.487,0.485,2.1,2.9,0.744,2.0,4.3,6.3,2.1,1.0,0.9,2.2,2.7,14.1
2010,nba mip,Channing Frye,fryech01,26,1.0,10.0,615.0,0.016,False,NBA,Channing Frye,26.0,PHO,C,81.0,41.0,27.0,3.9,8.7,0.451,2.1,4.8,0.439,1.8,3.8,0.466,0.573,1.2,1.5,0.81,0.8,4.5,5.3,1.4,0.8,0.9,0.9,3.2,11.2
2010,nba mip,Danilo Gallinari,gallida01,21,0.0,10.0,615.0,0.016,False,NBA,Danilo Gallinari,21.0,NYK,SF,81.0,74.0,33.9,4.8,11.4,0.423,2.3,6.0,0.381,2.5,5.4,0.469,0.523,3.1,3.8,0.818,0.8,4.1,4.9,1.7,0.9,0.7,1.4,2.4,15.1
2010,nba mip,Josh Smith,smithjo03,24,0.0,8.0,615.0,0.013,False,NBA,Josh Smith,24.0,ATL,PF,81.0,81.0,35.4,6.2,12.3,0.505,0.0,0.1,0.0,6.2,12.2,0.508,0.505,3.2,5.2,0.618,2.8,6.0,8.7,4.2,1.6,2.1,2.4,3.0,15.7
2010,nba mip,David Lee,leeda02,26,0.0,7.0,615.0,0.011,False,NBA,David Lee,26.0,NYK,C,81.0,81.0,37.3,8.5,15.5,0.545,0.0,0.1,0.0,8.5,15.4,0.549,0.545,3.3,4.1,0.812,2.8,8.9,11.7,3.6,1.0,0.5,2.3,3.2,20.2
2010,nba mip,Dwight Howard,howardw01,24,1.0,5.0,615.0,0.008,False,NBA,Dwight Howard,24.0,ORL,C,82.0,82.0,34.7,6.2,10.2,0.612,0.0,0.1,0.0,6.2,10.1,0.617,0.612,5.9,10.0,0.592,3.5,9.7,13.2,1.8,0.9,2.8,3.3,3.5,18.3
2010,nba mip,Ersan İlyasova,ilyaser01,22,0.0,4.0,615.0,0.007,False,NBA,Ersan İlyasova,22.0,MIL,PF,81.0,31.0,23.4,4.0,9.0,0.443,1.0,3.0,0.336,3.0,6.0,0.496,0.499,1.4,2.0,0.715,1.9,4.4,6.4,1.0,0.7,0.3,0.9,3.1,10.4
2010,nba mip,Chris Kaman,kamanch01,27,0.0,4.0,615.0,0.007,False,NBA,Chris Kaman,27.0,LAC,C,76.0,76.0,34.3,7.8,15.8,0.49,0.0,0.1,0.0,7.8,15.7,0.492,0.49,3.0,4.0,0.749,2.4,6.8,9.3,1.6,0.5,1.2,2.9,2.8,18.5
2010,nba mip,JJ Redick,redicjj01,25,0.0,4.0,615.0,0.007,False,NBA,JJ Redick,25.0,ORL,SG,82.0,9.0,22.0,3.0,6.7,0.439,1.4,3.3,0.405,1.6,3.4,0.473,0.54,2.3,2.7,0.86,0.2,1.7,1.9,1.9,0.3,0.0,0.8,1.4,9.6
2010,nba mip,Chris Douglas-Roberts,douglch01,23,0.0,3.0,615.0,0.005,False,NBA,Chris Douglas-Roberts,23.0,NJN,SF,67.0,38.0,25.8,3.8,8.6,0.445,0.2,0.8,0.259,3.6,7.7,0.464,0.457,2.0,2.3,0.847,0.7,2.3,3.0,1.4,0.8,0.3,1.4,1.5,9.8
2010,nba mip,Nenê,hilarne01,27,0.0,3.0,615.0,0.005,False,NBA,Nenê,27.0,DEN,C,82.0,82.0,33.6,5.1,8.7,0.587,0.0,0.0,0.0,5.1,8.7,0.589,0.587,3.6,5.1,0.704,2.0,5.6,7.6,2.5,1.4,1.0,1.5,3.4,13.8
2010,nba mip,Paul Millsap,millspa01,24,0.0,3.0,615.0,0.005,False,NBA,Paul Millsap,24.0,UTA,PF,82.0,8.0,27.8,4.7,8.7,0.538,0.0,0.1,0.111,4.7,8.6,0.543,0.538,2.2,3.2,0.693,2.3,4.5,6.8,1.6,0.8,1.2,1.4,3.5,11.6
2010,nba mip,Robin Lopez,lopezro01,21,0.0,2.0,615.0,0.003,False,NBA,Robin Lopez,21.0,PHO,C,51.0,31.0,19.3,3.4,5.7,0.588,0.0,0.0,,3.4,5.7,0.588,0.588,1.7,2.5,0.704,2.0,2.8,4.9,0.1,0.2,1.0,0.8,2.3,8.4
2010,nba mip,Monta Ellis,ellismo01,24,0.0,1.0,615.0,0.002,False,NBA,Monta Ellis,24.0,GSW,SG,64.0,64.0,41.4,9.9,22.0,0.449,1.2,3.6,0.338,8.7,18.4,0.47,0.476,4.6,6.1,0.753,0.7,3.3,4.0,5.3,2.2,0.4,3.8,3.0,25.5
2010,nba mip,J.J. Hickson,hicksjj01,21,0.0,1.0,615.0,0.002,False,NBA,J.J. Hickson,21.0,CLE,PF,81.0,73.0,20.9,3.6,6.4,0.554,0.0,0.0,0.0,3.6,6.4,0.555,0.554,1.4,2.0,0.681,1.4,3.6,4.9,0.5,0.4,0.5,1.1,1.6,8.5
2010,nba mip,Zach Randolph,randoza01,28,0.0,1.0,615.0,0.002,False,NBA,Zach Randolph,28.0,MEM,PF,81.0,81.0,37.7,8.0,16.5,0.488,0.2,0.6,0.288,7.9,15.9,0.496,0.494,4.5,5.7,0.778,4.1,7.7,11.7,1.8,1.0,0.4,2.1,2.8,20.8
2010,nba mip,John Salmons,salmojo01,30,0.0,1.0,615.0,0.002,False,NBA,John Salmons,30.0,2TM,SG,81.0,56.0,34.9,5.4,12.2,0.441,1.5,3.8,0.382,3.9,8.4,0.468,0.501,3.1,3.8,0.83,0.4,2.9,3.3,2.8,1.2,0.3,1.5,2.0,15.4
2010,nba mip,Ben Wallace,wallabe01,35,0.0,1.0,615.0,0.002,False,NBA,Ben Wallace,35.0,DET,C,69.0,67.0,28.6,2.3,4.2,0.541,0.0,0.0,0.0,2.3,4.2,0.545,0.541,0.9,2.3,0.406,3.6,5.1,8.7,1.5,1.2,1.2,0.9,1.9,5.5
2010,nba mvp,LeBron James,jamesle01,25,116.0,1205.0,1230.0,0.98,True,NBA,LeBron James,25.0,CLE,SF,76.0,76.0,39.0,10.1,20.1,0.503,1.7,5.1,0.333,8.4,15.0,0.56,0.545,7.8,10.2,0.767,0.9,6.4,7.3,8.6,1.6,1.0,3.4,1.6,29.7
2010,nba mvp,Kevin Durant,duranke01,21,4.0,609.0,1230.0,0.495,False,NBA,Kevin Durant,21.0,OKC,SF,82.0,82.0,39.5,9.7,20.3,0.476,1.6,4.3,0.365,8.1,16.1,0.506,0.514,9.2,10.2,0.9,1.3,6.3,7.6,2.8,1.4,1.0,3.3,2.1,30.1
2010,nba mvp,Kobe Bryant,bryanko01,31,0.0,599.0,1230.0,0.487,False,NBA,Kobe Bryant,31.0,LAL,SG,73.0,73.0,38.8,9.8,21.5,0.456,1.4,4.1,0.329,8.5,17.4,0.487,0.488,6.0,7.4,0.811,1.1,4.3,5.4,5.0,1.5,0.3,3.2,2.6,27.0
2010,nba mvp,Dwight Howard,howardw01,24,3.0,478.0,1230.0,0.389,False,NBA,Dwight Howard,24.0,ORL,C,82.0,82.0,34.7,6.2,10.2,0.612,0.0,0.1,0.0,6.2,10.1,0.617,0.612,5.9,10.0,0.592,3.5,9.7,13.2,1.8,0.9,2.8,3.3,3.5,18.3
2010,nba mvp,Dwyane Wade,wadedw01,28,0.0,119.0,1230.0,0.097,False,NBA,Dwyane Wade,28.0,MIA,SG,77.0,77.0,36.3,9.3,19.6,0.476,0.9,3.2,0.3,8.4,16.5,0.509,0.5,6.9,9.1,0.761,1.4,3.5,4.8,6.5,1.8,1.1,3.3,2.4,26.6
2010,nba mvp,Carmelo Anthony,anthoca01,25,0.0,65.0,1230.0,0.053,False,NBA,Carmelo Anthony,25.0,DEN,SF,69.0,69.0,38.2,10.0,21.8,0.458,0.9,2.7,0.316,9.1,19.1,0.478,0.478,7.4,8.9,0.83,2.2,4.4,6.6,3.2,1.3,0.4,3.0,3.3,28.2
2010,nba mvp,Dirk Nowitzki,nowitdi01,31,0.0,55.0,1230.0,0.045,False,NBA,Dirk Nowitzki,31.0,DAL,PF,81.0,80.0,37.5,8.9,18.5,0.481,0.6,1.5,0.421,8.3,17.0,0.487,0.498,6.6,7.2,0.915,1.0,6.7,7.7,2.7,0.9,1.0,1.8,2.6,25.0
2010,nba mvp,Steve Nash,nashst01,35,0.0,49.0,1230.0,0.04,False,NBA,Steve Nash,35.0,PHO,PG,81.0,81.0,32.8,6.2,12.2,0.507,1.5,3.6,0.426,4.6,8.6,0.54,0.57,2.6,2.8,0.938,0.4,2.9,3.3,11.0,0.5,0.1,3.6,1.3,16.5
2010,nba mvp,Deron Williams,willide01,25,0.0,7.0,1230.0,0.006,False,NBA,Deron Williams,25.0,UTA,PG,76.0,76.0,36.9,6.5,13.9,0.469,1.3,3.4,0.371,5.2,10.4,0.501,0.515,4.4,5.5,0.801,0.7,3.3,4.0,10.5,1.3,0.2,3.3,2.7,18.7
2010,nba mvp,Amar'e Stoudemire,stoudam01,27,0.0,5.0,1230.0,0.004,False,NBA,Amar'e Stoudemire,27.0,PHO,PF,82.0,82.0,34.6,8.6,15.4,0.557,0.0,0.1,0.167,8.6,15.3,0.559,0.557,5.9,7.7,0.771,2.8,6.1,8.9,1.0,0.6,1.0,2.6,3.4,23.1
2010,nba mvp,Manu Ginóbili,ginobma01,32,0.0,3.0,1230.0,0.002,False,NBA,Manu Ginóbili,32.0,SAS,SG,75.0,21.0,28.7,5.3,12.0,0.441,1.8,4.7,0.377,3.5,7.4,0.481,0.514,4.1,4.7,0.87,0.9,2.9,3.8,4.9,1.4,0.3,2.1,2.1,16.5
2010,nba mvp,Chauncey Billups,billuch01,33,0.0,1.0,1230.0,0.001,False,NBA,Chauncey Billups,33.0,DEN,PG,73.0,73.0,34.1,5.5,13.2,0.418,2.2,5.6,0.386,3.4,7.6,0.441,0.499,6.4,7.0,0.91,0.3,2.8,3.1,5.6,1.1,0.1,2.4,2.1,19.5
2010,nba mvp,Chris Bosh,boshch01,25,0.0,1.0,1230.0,0.001,False,NBA,Chris Bosh,25.0,TOR,C,70.0,70.0,36.1,8.6,16.5,0.518,0.1,0.3,0.364,8.5,16.2,0.521,0.522,6.7,8.4,0.797,2.9,7.9,10.8,2.4,0.6,1.0,2.4,2.4,24.0
2010,nba mvp,Stephen Jackson,jacksst02,31,0.0,1.0,1230.0,0.001,False,NBA,Stephen Jackson,31.0,2TM,SG,81.0,81.0,38.6,7.4,17.5,0.423,1.6,4.9,0.328,5.8,12.7,0.46,0.469,4.2,5.4,0.779,1.0,4.0,5.0,3.7,1.6,0.5,3.2,2.4,20.6
2010,nba mvp,Joe Johnson,johnsjo02,28,0.0,1.0,1230.0,0.001,False,NBA,Joe Johnson,28.0,ATL,SG,76.0,76.0,38.0,8.4,18.2,0.458,1.7,4.6,0.369,6.7,13.6,0.488,0.505,2.9,3.5,0.818,1.0,3.7,4.6,4.9,1.1,0.1,1.9,1.9,21.3
2010,nba roy,Tyreke Evans,evansty01,20,67.0,491.0,615.0,0.798,True,NBA,Tyreke Evans,20.0,SAC,SG,72.0,72.0,37.2,7.4,16.2,0.458,0.5,2.0,0.255,6.9,14.2,0.485,0.473,4.8,6.5,0.748,0.9,4.4,5.3,5.8,1.5,0.4,3.0,2.8,20.1
2010,nba roy,Stephen Curry,curryst01,21,43.0,391.0,615.0,0.636,False,NBA,Stephen Curry,21.0,GSW,PG,80.0,77.0,36.2,6.6,14.3,0.462,2.1,4.8,0.437,4.5,9.5,0.474,0.535,2.2,2.5,0.885,0.6,3.9,4.5,5.9,1.9,0.2,3.0,3.2,17.5
2010,nba roy,Brandon Jennings,jennibr01,20,12.0,204.0,615.0,0.332,False,NBA,Brandon Jennings,20.0,MIL,PG,82.0,82.0,32.6,5.5,14.8,0.371,1.8,4.7,0.374,3.7,10.1,0.37,0.431,2.7,3.3,0.817,0.6,2.8,3.4,5.7,1.3,0.2,2.4,2.3,15.5
2010,nba roy,Darren Collison,collida01,22,1.0,17.0,615.0,0.028,False,NBA,Darren Collison,22.0,NOH,PG,76.0,37.0,27.8,4.9,10.4,0.477,0.6,1.5,0.4,4.3,8.9,0.49,0.506,1.9,2.3,0.851,0.5,2.0,2.5,5.7,1.0,0.1,2.7,1.2,12.4
2010,nba roy,Jonny Flynn,flynnjo01,20,0.0,2.0,615.0,0.003,False,NBA,Jonny Flynn,20.0,MIN,PG,81.0,81.0,28.9,4.9,11.8,0.417,1.0,2.7,0.358,4.0,9.1,0.434,0.457,2.8,3.3,0.826,0.3,2.1,2.4,4.4,1.0,0.0,2.9,1.2,13.5
2010,nba roy,Taj Gibson,gibsota01,24,0.0,2.0,615.0,0.003,False,NBA,Taj Gibson,24.0,CHI,PF,82.0,70.0,26.9,3.8,7.7,0.494,0.0,0.0,,3.8,7.7,0.494,0.494,1.4,2.1,0.646,2.8,4.7,7.5,0.9,0.6,1.3,1.4,3.4,9.0
2010,nba smoy,Jamal Crawford,crawfja01,29,110.0,580.0,610.0,0.951,True,NBA,Jamal Crawford,29.0,ATL,SG,79.0,0.0,31.1,6.3,14.0,0.449,2.1,5.4,0.382,4.2,8.6,0.491,0.523,3.4,4.0,0.857,0.4,2.1,2.5,3.0,0.8,0.2,1.7,1.7,18.0
2010,nba smoy,Jason Terry,terryja01,32,6.0,220.0,610.0,0.361,False,NBA,Jason Terry,32.0,DAL,SG,77.0,12.0,33.0,5.9,13.5,0.438,1.8,4.8,0.365,4.2,8.7,0.479,0.503,3.0,3.5,0.866,0.2,1.6,1.8,3.8,1.2,0.2,1.4,1.8,16.6
2010,nba smoy,Anderson Varejão,varejan01,27,2.0,126.0,610.0,0.207,False,NBA,Anderson Varejão,27.0,CLE,PF,76.0,7.0,28.5,3.5,6.1,0.572,0.0,0.1,0.2,3.5,6.1,0.576,0.573,1.5,2.3,0.663,2.5,5.1,7.6,1.1,0.9,0.9,0.9,2.9,8.6
2010,nba smoy,Manu Ginóbili,ginobma01,32,2.0,75.0,610.0,0.123,False,NBA,Manu Ginóbili,32.0,SAS,SG,75.0,21.0,28.7,5.3,12.0,0.441,1.8,4.7,0.377,3.5,7.4,0.481,0.514,4.1,4.7,0.87,0.9,2.9,3.8,4.9,1.4,0.3,2.1,2.1,16.5
2010,nba smoy,J.R. Smith,smithjr01,24,0.0,33.0,610.0,0.054,False,NBA,J.R. Smith,24.0,DEN,SG,75.0,0.0,27.8,5.7,13.8,0.414,2.1,6.2,0.338,3.6,7.5,0.477,0.491,1.9,2.7,0.706,0.4,2.7,3.1,2.4,1.3,0.3,1.9,2.3,15.4
2010,nba smoy,Lamar Odom,odomla01,30,1.0,25.0,610.0,0.041,False,NBA,Lamar Odom,30.0,LAL,PF,82.0,38.0,31.5,4.2,9.0,0.463,0.7,2.2,0.319,3.5,6.8,0.51,0.502,1.7,2.5,0.693,2.2,7.5,9.8,3.3,0.9,0.7,1.8,2.8,10.8
2010,nba smoy,Paul Millsap,millspa01,24,1.0,15.0,610.0,0.025,False,NBA,Paul Millsap,24.0,UTA,PF,82.0,8.0,27.8,4.7,8.7,0.538,0.0,0.1,0.111,4.7,8.6,0.543,0.538,2.2,3.2,0.693,2.3,4.5,6.8,1.6,0.8,1.2,1.4,3.5,11.6
2010,nba smoy,Carl Landry,landrca01,26,0.0,12.0,610.0,0.02,False,NBA,Carl Landry,26.0,2TM,PF,80.0,29.0,30.9,6.2,11.6,0.536,0.0,0.0,0.333,6.2,11.6,0.537,0.537,4.3,5.3,0.806,2.4,3.5,5.9,0.8,0.7,0.8,1.7,2.9,16.8
2010,nba smoy,Udonis Haslem,hasleud01,29,0.0,5.0,610.0,0.008,False,NBA,Udonis Haslem,29.0,MIA,PF,78.0,0.0,27.9,4.0,8.1,0.494,0.0,0.0,,4.0,8.1,0.494,0.494,1.9,2.5,0.762,2.1,5.9,8.1,0.7,0.4,0.3,1.0,2.2,9.9
2010,nba smoy,Marcus Thornton,thornma01,22,0.0,3.0,610.0,0.005,False,NBA,Marcus Thornton,22.0,NOH,SG,73.0,17.0,25.6,5.5,12.1,0.451,1.6,4.3,0.374,3.8,7.8,0.493,0.517,2.0,2.4,0.814,1.0,1.9,2.9,1.6,0.8,0.2,1.0,1.7,14.5
2010,nba smoy,Jared Dudley,dudleja01,24,0.0,1.0,610.0,0.002,False,NBA,Jared Dudley,24.0,PHO,SF,82.0,1.0,24.3,2.7,6.0,0.459,1.5,3.2,0.458,1.3,2.8,0.461,0.582,1.3,1.7,0.754,1.2,2.2,3.4,1.4,1.0,0.2,0.8,2.0,8.2
2010,nba smoy,Al Harrington,harrial01,29,0.0,1.0,610.0,0.002,False,NBA,Al Harrington,29.0,NYK,PF,72.0,15.0,30.5,6.2,14.3,0.435,1.9,5.7,0.342,4.3,8.6,0.496,0.503,3.3,4.4,0.757,1.2,4.4,5.6,1.5,0.9,0.4,1.8,2.9,17.7
2010,nba smoy,Kevin Love,loveke01,21,0.0,1.0,610.0,0.002,False,NBA,Kevin Love,21.0,MIN,PF,60.0,22.0,28.6,4.9,10.8,0.45,0.6,1.8,0.33,4.3,9.0,0.474,0.478,3.8,4.6,0.815,3.8,7.2,11.0,2.3,0.7,0.4,2.0,2.3,14.0
2010,nba smoy,Kyle Lowry,lowryky01,23,0.0,1.0,610.0,0.002,False,NBA,Kyle Lowry,23.0,HOU,PG,68.0,0.0,24.3,2.7,6.8,0.397,0.5,2.0,0.272,2.2,4.8,0.448,0.436,3.2,3.8,0.827,1.3,2.3,3.6,4.5,0.9,0.1,1.7,2.5,9.1
2009,nba dpoy,Dwight Howard,howardw01,23,105.0,542.0,595.0,0.911,True,NBA,Dwight Howard,23.0,ORL,C,79.0,79.0,35.7,7.1,12.4,0.572,0.0,0.0,0.0,7.1,12.4,0.573,0.572,6.4,10.7,0.594,4.3,9.6,13.8,1.4,1.0,2.9,3.0,3.4,20.6
2009,nba dpoy,LeBron James,jamesle01,24,4.0,148.0,595.0,0.249,False,NBA,LeBron James,24.0,CLE,SF,81.0,81.0,37.7,9.7,19.9,0.489,1.6,4.7,0.344,8.1,15.2,0.535,0.53,7.3,9.4,0.78,1.3,6.3,7.6,7.2,1.7,1.1,3.0,1.7,28.4
2009,nba dpoy,Dwyane Wade,wadedw01,27,3.0,90.0,595.0,0.151,False,NBA,Dwyane Wade,27.0,MIA,SG,79.0,79.0,38.6,10.8,22.0,0.491,1.1,3.5,0.317,9.7,18.5,0.524,0.516,7.5,9.8,0.765,1.1,3.9,5.0,7.5,2.2,1.3,3.4,2.3,30.2
2009,nba dpoy,Shane Battier,battish01,30,2.0,71.0,595.0,0.119,False,NBA,Shane Battier,30.0,HOU,SG,60.0,59.0,33.9,2.4,5.9,0.41,1.5,4.0,0.384,0.9,2.0,0.462,0.538,0.9,1.1,0.821,0.9,3.9,4.8,2.3,0.8,0.9,0.8,1.9,7.3
2009,nba dpoy,Metta World Peace,artesro01,29,1.0,54.0,595.0,0.091,False,NBA,Metta World Peace,29.0,HOU,SF,69.0,55.0,35.5,6.0,15.0,0.401,2.2,5.6,0.399,3.8,9.5,0.402,0.475,2.8,3.8,0.748,0.9,4.3,5.2,3.3,1.5,0.3,2.0,2.2,17.1
2009,nba dpoy,Chris Paul,paulch01,23,1.0,49.0,595.0,0.082,False,NBA,Chris Paul,23.0,NOH,PG,78.0,78.0,38.5,8.1,16.1,0.503,0.8,2.3,0.364,7.3,13.8,0.525,0.528,5.8,6.7,0.868,0.9,4.7,5.5,11.0,2.8,0.1,3.0,2.7,22.8
2009,nba dpoy,Kobe Bryant,bryanko01,30,2.0,43.0,595.0,0.072,False,NBA,Kobe Bryant,30.0,LAL,SG,82.0,82.0,36.1,9.8,20.9,0.467,1.4,4.1,0.351,8.3,16.8,0.496,0.502,5.9,6.9,0.856,1.1,4.1,5.2,4.9,1.5,0.5,2.6,2.3,26.8
2009,nba dpoy,Kevin Garnett,garneke01,32,1.0,31.0,595.0,0.052,False,NBA,Kevin Garnett,32.0,BOS,PF,57.0,57.0,31.1,6.9,13.0,0.531,0.0,0.1,0.25,6.9,12.8,0.534,0.532,1.9,2.3,0.841,1.4,7.1,8.5,2.5,1.1,1.2,1.6,2.2,15.8
2009,nba dpoy,Chris Andersen,anderch01,30,0.0,10.0,595.0,0.017,False,NBA,Chris Andersen,30.0,DEN,C,71.0,1.0,20.6,2.3,4.1,0.548,0.0,0.1,0.2,2.2,4.0,0.56,0.551,1.8,2.5,0.718,2.3,3.9,6.2,0.4,0.6,2.5,1.0,2.5,6.4
2009,nba dpoy,Rajon Rondo,rondora01,22,0.0,8.0,595.0,0.013,False,NBA,Rajon Rondo,22.0,BOS,PG,80.0,80.0,33.0,4.8,9.5,0.505,0.2,0.6,0.313,4.6,8.9,0.518,0.514,2.2,3.4,0.642,1.3,4.0,5.2,8.2,1.9,0.1,2.6,2.4,11.9
2009,nba dpoy,Tim Duncan,duncati01,32,0.0,7.0,595.0,0.012,False,NBA,Tim Duncan,32.0,SAS,C,75.0,75.0,33.7,7.4,14.8,0.504,0.0,0.0,0.0,7.4,14.7,0.505,0.504,4.5,6.4,0.692,2.7,8.0,10.7,3.5,0.5,1.7,2.2,2.3,19.3
2009,nba dpoy,Raja Bell,bellra01,32,0.0,4.0,595.0,0.007,False,NBA,Raja Bell,32.0,2TM,SG,67.0,66.0,34.6,4.5,10.2,0.437,1.7,4.0,0.421,2.8,6.2,0.448,0.52,1.3,1.5,0.853,0.6,3.0,3.6,2.1,0.7,0.1,1.3,2.5,11.9
2009,nba dpoy,Andre Iguodala,iguodan01,25,0.0,3.0,595.0,0.005,False,NBA,Andre Iguodala,25.0,PHI,SF,82.0,82.0,39.9,6.6,14.0,0.473,1.0,3.2,0.307,5.6,10.8,0.521,0.507,4.6,6.4,0.724,1.1,4.6,5.7,5.3,1.6,0.4,2.7,1.9,18.8
2009,nba dpoy,Anderson Varejão,varejan01,26,0.0,3.0,595.0,0.005,False,NBA,Anderson Varejão,26.0,CLE,PF,81.0,42.0,28.5,3.3,6.2,0.536,0.0,0.0,0.0,3.3,6.2,0.538,0.536,1.9,3.1,0.616,2.0,5.1,7.2,1.0,0.9,0.8,1.0,3.0,8.6
2009,nba dpoy,Ronny Turiaf,turiaro01,26,0.0,2.0,595.0,0.003,False,NBA,Ronny Turiaf,26.0,GSW,C,79.0,26.0,21.5,2.4,4.6,0.508,0.0,0.0,0.0,2.4,4.6,0.512,0.508,1.2,1.6,0.79,1.1,3.4,4.6,2.1,0.4,2.1,0.9,3.1,5.9
2009,nba dpoy,Trevor Ariza,arizatr01,23,0.0,1.0,595.0,0.002,False,NBA,Trevor Ariza,23.0,LAL,SF,82.0,20.0,24.4,3.3,7.3,0.46,0.7,2.3,0.319,2.6,4.9,0.526,0.511,1.5,2.1,0.71,1.4,2.9,4.3,1.8,1.7,0.3,1.1,2.0,8.9
2009,nba dpoy,Marcus Camby,cambyma01,34,0.0,1.0,595.0,0.002,False,NBA,Marcus Camby,34.0,LAC,C,62.0,55.0,31.0,4.1,8.0,0.512,0.0,0.1,0.25,4.1,7.9,0.514,0.513,2.1,2.9,0.725,2.6,8.5,11.1,2.0,0.8,2.1,1.5,2.1,10.3
2009,nba dpoy,Grant Hill,hillgr01,36,0.0,1.0,595.0,0.002,False,NBA,Grant Hill,36.0,PHO,SF,82.0,68.0,29.8,4.8,9.1,0.523,0.3,0.9,0.316,4.5,8.2,0.547,0.54,2.2,2.7,0.808,0.8,4.2,4.9,2.3,1.1,0.7,1.5,2.2,12.0
2009,nba dpoy,Joel Przybilla,przybjo01,29,0.0,1.0,595.0,0.002,False,NBA,Joel Przybilla,29.0,POR,C,82.0,43.0,23.8,2.0,3.3,0.625,0.0,0.0,0.0,2.0,3.3,0.627,0.625,1.4,2.1,0.663,2.5,6.3,8.7,0.3,0.4,1.2,1.0,2.6,5.5
2009,nba dpoy,Josh Smith,smithjo03,23,0.0,1.0,595.0,0.002,False,NBA,Josh Smith,23.0,ATL,PF,69.0,69.0,35.1,6.1,12.3,0.492,0.4,1.3,0.299,5.7,11.0,0.514,0.508,3.1,5.2,0.588,1.9,5.3,7.2,2.4,1.4,1.6,2.3,2.7,15.6
2009,nba dpoy,Hedo Türkoğlu,turkohe01,29,0.0,1.0,595.0,0.002,False,NBA,Hedo Türkoğlu,29.0,ORL,SF,77.0,77.0,36.6,5.5,13.3,0.413,1.7,4.9,0.356,3.8,8.4,0.445,0.478,4.1,5.1,0.807,0.6,4.7,5.3,4.9,0.8,0.2,2.6,2.8,16.8
2009,nba mip,Danny Granger,grangda01,25,48.0,364.0,605.0,0.602,True,NBA,Danny Granger,25.0,IND,SF,67.0,66.0,36.2,8.5,19.1,0.447,2.7,6.7,0.404,5.8,12.3,0.47,0.518,6.0,6.9,0.878,0.7,4.4,5.1,2.7,1.0,1.4,2.5,3.1,25.8
2009,nba mip,Devin Harris,harride01,25,43.0,339.0,605.0,0.56,False,NBA,Devin Harris,25.0,NJN,PG,69.0,69.0,36.1,6.6,15.1,0.438,0.9,3.2,0.291,5.7,11.9,0.477,0.469,7.2,8.8,0.82,0.4,2.9,3.3,6.9,1.7,0.2,3.1,2.4,21.3
2009,nba mip,Kevin Durant,duranke01,20,6.0,83.0,605.0,0.137,False,NBA,Kevin Durant,20.0,OKC,SF,74.0,74.0,39.0,8.9,18.8,0.476,1.3,3.1,0.422,7.6,15.7,0.486,0.51,6.1,7.1,0.863,1.0,5.5,6.5,2.8,1.3,0.7,3.0,1.8,25.3
2009,nba mip,Paul Millsap,millspa01,23,3.0,77.0,605.0,0.127,False,NBA,Paul Millsap,23.0,UTA,PF,76.0,38.0,30.1,5.3,9.9,0.534,0.0,0.1,0.0,5.3,9.8,0.537,0.534,3.0,4.3,0.699,3.3,5.3,8.6,1.8,1.0,1.0,1.7,3.8,13.5
2009,nba mip,Nenê,hilarne01,26,7.0,58.0,605.0,0.096,False,NBA,Nenê,26.0,DEN,C,77.0,76.0,32.6,5.6,9.2,0.604,0.0,0.1,0.2,5.5,9.1,0.607,0.604,3.5,4.8,0.723,2.4,5.4,7.8,1.4,1.2,1.3,1.9,3.6,14.6
2009,nba mip,Rajon Rondo,rondora01,22,2.0,29.0,605.0,0.048,False,NBA,Rajon Rondo,22.0,BOS,PG,80.0,80.0,33.0,4.8,9.5,0.505,0.2,0.6,0.313,4.6,8.9,0.518,0.514,2.2,3.4,0.642,1.3,4.0,5.2,8.2,1.9,0.1,2.6,2.4,11.9
2009,nba mip,David Lee,leeda02,25,1.0,25.0,605.0,0.041,False,NBA,David Lee,25.0,NYK,C,81.0,74.0,34.9,6.4,11.7,0.549,0.0,0.0,0.0,6.4,11.7,0.551,0.549,3.1,4.1,0.755,3.2,8.6,11.7,2.1,1.0,0.3,1.9,3.2,16.0
2009,nba mip,John Salmons,salmojo01,29,2.0,17.0,605.0,0.028,False,NBA,John Salmons,29.0,2TM,SF,79.0,74.0,37.5,6.5,13.8,0.472,1.6,3.8,0.417,4.9,10.0,0.493,0.53,3.6,4.4,0.83,0.7,3.5,4.2,3.2,1.1,0.3,2.1,2.3,18.3
2009,nba mip,Thaddeus Young,youngth01,20,1.0,16.0,605.0,0.026,False,NBA,Thaddeus Young,20.0,PHI,PF,75.0,71.0,34.4,6.3,12.8,0.495,0.7,2.2,0.341,5.6,10.6,0.526,0.524,1.9,2.5,0.735,1.9,3.2,5.0,1.1,1.3,0.3,1.6,2.2,15.3
2009,nba mip,Von Wafer,wafervo01,23,2.0,12.0,605.0,0.02,False,NBA,Von Wafer,23.0,HOU,SG,63.0,11.0,19.4,3.6,8.1,0.447,1.0,2.6,0.39,2.6,5.5,0.474,0.51,1.4,1.9,0.752,0.3,1.5,1.8,1.1,0.6,0.1,0.9,1.1,9.7
2009,nba mip,Brandon Roy,roybr01,24,1.0,8.0,605.0,0.013,False,NBA,Brandon Roy,24.0,POR,SG,78.0,78.0,37.2,8.1,16.9,0.48,1.1,2.8,0.377,7.1,14.1,0.501,0.512,5.3,6.5,0.824,1.3,3.4,4.7,5.1,1.1,0.3,1.9,1.6,22.6
2009,nba mip,Chris Andersen,anderch01,30,1.0,6.0,605.0,0.01,False,NBA,Chris Andersen,30.0,DEN,C,71.0,1.0,20.6,2.3,4.1,0.548,0.0,0.1,0.2,2.2,4.0,0.56,0.551,1.8,2.5,0.718,2.3,3.9,6.2,0.4,0.6,2.5,1.0,2.5,6.4
2009,nba mip,J.R. Smith,smithjr01,23,1.0,6.0,605.0,0.01,False,NBA,J.R. Smith,23.0,DEN,SG,81.0,18.0,27.7,5.2,11.7,0.446,2.2,5.6,0.397,3.0,6.1,0.491,0.541,2.5,3.4,0.754,0.5,3.1,3.7,2.8,1.0,0.2,1.9,2.3,15.2
2009,nba mip,Wilson Chandler,chandwi01,21,1.0,5.0,605.0,0.008,False,NBA,Wilson Chandler,21.0,NYK,SF,82.0,70.0,33.4,5.5,12.9,0.432,1.3,3.8,0.328,4.3,9.0,0.476,0.481,2.1,2.6,0.795,1.1,4.3,5.4,2.1,0.9,0.9,1.7,3.0,14.4
2009,nba mip,Glen Davis,davisgl01,23,1.0,5.0,605.0,0.008,False,NBA,Glen Davis,23.0,BOS,C,76.0,16.0,21.5,2.6,5.9,0.442,0.0,0.1,0.4,2.6,5.9,0.443,0.444,1.7,2.3,0.73,1.6,2.4,4.0,0.9,0.7,0.3,0.9,3.0,7.0
2009,nba mip,Jason Terry,terryja01,31,1.0,5.0,605.0,0.008,False,NBA,Jason Terry,31.0,DAL,SG,74.0,11.0,33.7,7.3,15.8,0.463,2.3,6.2,0.366,5.1,9.6,0.525,0.535,2.7,3.0,0.88,0.5,1.9,2.4,3.4,1.3,0.3,1.6,1.9,19.6
2009,nba mip,Aaron Brooks,brookaa01,24,0.0,4.0,605.0,0.007,False,NBA,Aaron Brooks,24.0,HOU,PG,80.0,35.0,25.0,4.0,9.8,0.404,1.4,3.9,0.366,2.5,5.9,0.428,0.476,1.9,2.2,0.866,0.4,1.6,2.0,3.0,0.6,0.1,1.6,1.9,11.2
2009,nba mip,Jameer Nelson,nelsoja01,26,0.0,4.0,605.0,0.007,False,NBA,Jameer Nelson,26.0,ORL,PG,42.0,42.0,31.2,6.4,12.6,0.503,2.0,4.3,0.453,4.4,8.3,0.529,0.58,2.0,2.3,0.887,0.5,3.0,3.5,5.4,1.2,0.1,2.0,2.9,16.7
2009,nba mip,LaMarcus Aldridge,aldrila01,23,0.0,3.0,605.0,0.005,False,NBA,LaMarcus Aldridge,23.0,POR,PF,81.0,81.0,37.1,7.4,15.3,0.484,0.1,0.3,0.25,7.3,15.0,0.489,0.486,3.2,4.1,0.781,2.9,4.6,7.5,1.9,1.0,1.0,1.5,2.6,18.1
2009,nba mip,Kelenna Azubuike,azubuke01,25,0.0,3.0,605.0,0.005,False,NBA,Kelenna Azubuike,25.0,GSW,SF,74.0,51.0,32.1,5.3,11.4,0.464,1.3,2.8,0.448,4.0,8.6,0.469,0.52,2.5,3.1,0.808,1.5,3.5,5.0,1.6,0.8,0.7,1.3,2.5,14.4
2009,nba mip,Roger Mason,masonro01,28,0.0,3.0,605.0,0.005,False,NBA,Roger Mason,28.0,SAS,SG,82.0,71.0,30.4,4.3,10.0,0.425,2.0,4.8,0.421,2.2,5.2,0.428,0.526,1.3,1.4,0.89,0.2,2.9,3.1,2.1,0.5,0.1,1.2,2.0,11.8
2009,nba mip,Dwyane Wade,wadedw01,27,0.0,3.0,605.0,0.005,False,NBA,Dwyane Wade,27.0,MIA,SG,79.0,79.0,38.6,10.8,22.0,0.491,1.1,3.5,0.317,9.7,18.5,0.524,0.516,7.5,9.8,0.765,1.1,3.9,5.0,7.5,2.2,1.3,3.4,2.3,30.2
2009,nba mip,Ronnie Brewer,brewero02,23,0.0,2.0,605.0,0.003,False,NBA,Ronnie Brewer,23.0,UTA,SF,81.0,80.0,32.2,5.2,10.2,0.508,0.3,1.0,0.259,4.9,9.2,0.537,0.522,3.0,4.3,0.702,1.2,2.5,3.7,2.2,1.7,0.4,1.4,1.6,13.7
2009,nba mip,Luis Scola,scolalu01,28,0.0,2.0,605.0,0.003,False,NBA,Luis Scola,28.0,HOU,PF,82.0,82.0,30.3,5.2,9.7,0.531,0.0,0.0,0.0,5.2,9.7,0.533,0.531,2.4,3.1,0.76,2.4,6.3,8.8,1.5,0.8,0.1,1.5,3.2,12.7
2009,nba mip,J.J. Barea,bareajo01,24,0.0,1.0,605.0,0.002,False,NBA,J.J. Barea,24.0,DAL,SG,79.0,15.0,20.3,3.1,7.1,0.442,0.7,1.9,0.357,2.4,5.1,0.474,0.491,0.9,1.2,0.753,0.5,1.8,2.2,3.4,0.5,0.1,1.3,1.5,7.8
2009,nba mip,Andrea Bargnani,bargnan01,23,0.0,1.0,605.0,0.002,False,NBA,Andrea Bargnani,23.0,TOR,PF,78.0,59.0,31.4,5.5,12.3,0.45,1.5,3.7,0.409,4.0,8.6,0.468,0.512,2.8,3.4,0.831,0.9,4.4,5.3,1.2,0.4,1.2,1.7,3.1,15.4
2009,nba mip,Rasual Butler,butlera01,29,0.0,1.0,605.0,0.002,False,NBA,Rasual Butler,29.0,NOH,SF,82.0,74.0,31.9,4.2,9.8,0.433,1.7,4.4,0.39,2.5,5.4,0.468,0.521,1.0,1.3,0.782,0.6,2.7,3.3,0.9,0.6,0.7,0.7,1.9,11.2
2009,nba mip,Mike Conley,conlemi01,21,0.0,1.0,605.0,0.002,False,NBA,Mike Conley,21.0,MEM,PG,82.0,61.0,30.6,3.9,8.9,0.442,1.1,2.6,0.406,2.9,6.3,0.458,0.503,2.0,2.4,0.817,0.3,3.1,3.4,4.3,1.1,0.1,1.7,1.8,10.9
2009,nba mip,Jeff Green,greenje02,22,0.0,1.0,605.0,0.002,False,NBA,Jeff Green,22.0,OKC,PF,78.0,78.0,36.8,6.1,13.7,0.446,1.2,3.2,0.389,4.9,10.5,0.463,0.491,3.1,3.9,0.788,1.5,5.1,6.7,2.0,1.0,0.4,2.2,2.6,16.5
2009,nba mip,Emeka Okafor,okafoem01,26,0.0,1.0,605.0,0.002,False,NBA,Emeka Okafor,26.0,CHA,C,82.0,81.0,32.8,5.3,9.4,0.561,0.0,0.0,,5.3,9.4,0.561,0.561,2.7,4.5,0.593,3.4,6.7,10.1,0.6,0.6,1.7,1.8,3.0,13.2
2009,nba mip,Kendrick Perkins,perkike01,24,0.0,1.0,605.0,0.002,False,NBA,Kendrick Perkins,24.0,BOS,C,76.0,76.0,29.6,3.6,6.3,0.577,0.0,0.0,0.0,3.6,6.3,0.58,0.577,1.3,2.1,0.6,2.7,5.5,8.1,1.3,0.3,2.0,2.2,3.3,8.5
2009,nba mip,Tyrus Thomas,thomaty01,22,0.0,1.0,605.0,0.002,False,NBA,Tyrus Thomas,22.0,CHI,PF,79.0,61.0,27.5,3.9,8.6,0.451,0.0,0.1,0.333,3.9,8.5,0.453,0.453,3.0,3.8,0.783,1.9,4.6,6.4,1.0,1.2,1.9,1.6,2.8,10.8
2009,nba mip,Gerald Wallace,wallage01,26,0.0,1.0,605.0,0.002,False,NBA,Gerald Wallace,26.0,CHA,SF,71.0,71.0,37.6,5.5,11.4,0.48,0.5,1.8,0.298,4.9,9.6,0.515,0.504,5.1,6.4,0.804,1.6,6.2,7.8,2.7,1.7,0.9,2.1,3.0,16.6
2009,nba mip,Mo Williams,willima01,26,0.0,1.0,605.0,0.002,False,NBA,Mo Williams,26.0,CLE,PG,81.0,81.0,35.0,6.5,13.9,0.467,2.3,5.2,0.436,4.2,8.7,0.486,0.548,2.6,2.8,0.912,0.6,2.9,3.4,4.1,0.9,0.1,2.2,2.7,17.8
2009,nba mvp,LeBron James,jamesle01,24,109.0,1172.0,1210.0,0.969,True,NBA,LeBron James,24.0,CLE,SF,81.0,81.0,37.7,9.7,19.9,0.489,1.6,4.7,0.344,8.1,15.2,0.535,0.53,7.3,9.4,0.78,1.3,6.3,7.6,7.2,1.7,1.1,3.0,1.7,28.4
2009,nba mvp,Kobe Bryant,bryanko01,30,2.0,698.0,1210.0,0.577,False,NBA,Kobe Bryant,30.0,LAL,SG,82.0,82.0,36.1,9.8,20.9,0.467,1.4,4.1,0.351,8.3,16.8,0.496,0.502,5.9,6.9,0.856,1.1,4.1,5.2,4.9,1.5,0.5,2.6,2.3,26.8
2009,nba mvp,Dwyane Wade,wadedw01,27,7.0,680.0,1210.0,0.562,False,NBA,Dwyane Wade,27.0,MIA,SG,79.0,79.0,38.6,10.8,22.0,0.491,1.1,3.5,0.317,9.7,18.5,0.524,0.516,7.5,9.8,0.765,1.1,3.9,5.0,7.5,2.2,1.3,3.4,2.3,30.2
2009,nba mvp,Dwight Howard,howardw01,23,1.0,328.0,1210.0,0.271,False,NBA,Dwight Howard,23.0,ORL,C,79.0,79.0,35.7,7.1,12.4,0.572,0.0,0.0,0.0,7.1,12.4,0.573,0.572,6.4,10.7,0.594,4.3,9.6,13.8,1.4,1.0,2.9,3.0,3.4,20.6
2009,nba mvp,Chris Paul,paulch01,23,2.0,192.0,1210.0,0.159,False,NBA,Chris Paul,23.0,NOH,PG,78.0,78.0,38.5,8.1,16.1,0.503,0.8,2.3,0.364,7.3,13.8,0.525,0.528,5.8,6.7,0.868,0.9,4.7,5.5,11.0,2.8,0.1,3.0,2.7,22.8
2009,nba mvp,Chauncey Billups,billuch01,32,0.0,33.0,1210.0,0.027,False,NBA,Chauncey Billups,32.0,2TM,PG,79.0,79.0,35.3,5.2,12.4,0.418,2.1,5.0,0.408,3.1,7.4,0.425,0.501,5.3,5.8,0.913,0.4,2.6,3.0,6.4,1.2,0.2,2.2,2.0,17.7
2009,nba mvp,Paul Pierce,piercpa01,31,0.0,21.0,1210.0,0.017,False,NBA,Paul Pierce,31.0,BOS,SF,81.0,81.0,37.5,6.7,14.6,0.457,1.5,3.8,0.391,5.2,10.8,0.48,0.508,5.7,6.8,0.83,0.7,5.0,5.6,3.6,1.0,0.3,2.8,2.7,20.5
2009,nba mvp,Tony Parker,parketo01,26,0.0,9.0,1210.0,0.007,False,NBA,Tony Parker,26.0,SAS,PG,72.0,71.0,34.1,8.9,17.5,0.506,0.3,0.9,0.292,8.6,16.6,0.518,0.513,3.9,5.0,0.782,0.4,2.7,3.1,6.9,0.9,0.1,2.6,1.5,22.0
2009,nba mvp,Brandon Roy,roybr01,24,0.0,7.0,1210.0,0.006,False,NBA,Brandon Roy,24.0,POR,SG,78.0,78.0,37.2,8.1,16.9,0.48,1.1,2.8,0.377,7.1,14.1,0.501,0.512,5.3,6.5,0.824,1.3,3.4,4.7,5.1,1.1,0.3,1.9,1.6,22.6
2009,nba mvp,Dirk Nowitzki,nowitdi01,30,0.0,3.0,1210.0,0.002,False,NBA,Dirk Nowitzki,30.0,DAL,PF,81.0,81.0,37.7,9.6,20.0,0.479,0.8,2.1,0.359,8.8,17.9,0.493,0.498,6.0,6.7,0.89,1.1,7.3,8.4,2.4,0.8,0.8,1.9,2.2,25.9
2009,nba mvp,Tim Duncan,duncati01,32,0.0,2.0,1210.0,0.002,False,NBA,Tim Duncan,32.0,SAS,C,75.0,75.0,33.7,7.4,14.8,0.504,0.0,0.0,0.0,7.4,14.7,0.505,0.504,4.5,6.4,0.692,2.7,8.0,10.7,3.5,0.5,1.7,2.2,2.3,19.3
2009,nba mvp,Yao Ming,mingya01,28,0.0,1.0,1210.0,0.001,False,NBA,Yao Ming,28.0,HOU,C,77.0,77.0,33.6,7.4,13.4,0.548,0.0,0.0,1.0,7.3,13.4,0.548,0.549,4.9,5.7,0.866,2.6,7.2,9.9,1.8,0.4,1.9,3.0,3.3,19.7
2009,nba roy,Derrick Rose,rosede01,20,111.0,574.0,600.0,0.957,True,NBA,Derrick Rose,20.0,CHI,PG,81.0,80.0,37.0,7.1,14.9,0.475,0.2,0.9,0.222,6.9,14.0,0.491,0.482,2.4,3.1,0.788,1.2,2.7,3.9,6.3,0.8,0.2,2.5,1.5,16.8
2009,nba roy,O.J. Mayo,mayooj01,21,5.0,246.0,600.0,0.41,False,NBA,O.J. Mayo,21.0,MEM,SG,82.0,82.0,38.0,6.9,15.6,0.438,1.8,4.6,0.384,5.1,11.0,0.461,0.495,3.0,3.4,0.879,0.7,3.1,3.8,3.2,1.1,0.2,2.8,2.5,18.5
2009,nba roy,Brook Lopez,lopezbr01,20,2.0,127.0,600.0,0.212,False,NBA,Brook Lopez,20.0,NJN,C,82.0,75.0,30.5,5.5,10.3,0.531,0.0,0.0,0.0,5.5,10.3,0.532,0.531,2.1,2.6,0.793,2.7,5.4,8.1,1.0,0.5,1.8,1.8,3.1,13.0
2009,nba roy,Russell Westbrook,westbru01,20,2.0,73.0,600.0,0.122,False,NBA,Russell Westbrook,20.0,OKC,PG,82.0,65.0,32.5,5.3,13.4,0.398,0.4,1.6,0.271,4.9,11.8,0.415,0.414,4.3,5.2,0.815,2.2,2.7,4.9,5.3,1.3,0.2,3.3,2.3,15.3
2009,nba roy,Eric Gordon,gordoer01,20,0.0,22.0,600.0,0.037,False,NBA,Eric Gordon,20.0,LAC,SG,78.0,65.0,34.3,5.3,11.6,0.456,1.7,4.3,0.389,3.6,7.2,0.496,0.529,3.8,4.5,0.854,0.6,2.0,2.6,2.8,1.0,0.4,2.1,2.2,16.1
2009,nba roy,Kevin Love,loveke01,20,0.0,16.0,600.0,0.027,False,NBA,Kevin Love,20.0,MIN,C,81.0,37.0,25.3,3.9,8.5,0.459,0.0,0.2,0.105,3.9,8.3,0.469,0.461,3.3,4.1,0.789,3.4,5.7,9.1,1.0,0.4,0.6,1.5,2.5,11.1
2009,nba roy,Michael Beasley,beaslmi01,20,0.0,7.0,600.0,0.012,False,NBA,Michael Beasley,20.0,MIA,PF,81.0,19.0,24.8,5.6,11.8,0.472,0.4,1.0,0.407,5.2,10.8,0.478,0.49,2.3,3.0,0.772,1.4,4.1,5.4,1.0,0.5,0.5,1.5,2.3,13.9
2009,nba roy,Marc Gasol,gasolma01,24,0.0,4.0,600.0,0.007,False,NBA,Marc Gasol,24.0,MEM,C,82.0,75.0,30.7,4.3,8.1,0.53,0.0,0.0,0.0,4.3,8.0,0.53,0.53,3.4,4.6,0.733,2.5,4.9,7.4,1.7,0.8,1.1,2.0,3.2,11.9
2009,nba roy,Rudy Fernández,fernaru01,23,0.0,3.0,600.0,0.005,False,NBA,Rudy Fernández,23.0,POR,SG,78.0,4.0,25.6,3.4,8.1,0.425,2.0,5.1,0.399,1.4,3.0,0.47,0.552,1.5,1.8,0.839,0.6,2.1,2.7,2.0,0.9,0.2,1.1,1.4,10.4
2009,nba roy,Robin Lopez,lopezro01,20,0.0,3.0,600.0,0.005,False,NBA,Robin Lopez,20.0,PHO,C,60.0,7.0,10.2,1.2,2.3,0.518,0.0,0.0,0.0,1.2,2.3,0.522,0.518,0.8,1.1,0.691,0.9,1.1,2.0,0.1,0.2,0.7,0.5,1.6,3.2
2009,nba roy,Mario Chalmers,chalmma01,22,0.0,2.0,600.0,0.003,False,NBA,Mario Chalmers,22.0,MIA,PG,82.0,82.0,32.0,3.4,8.1,0.42,1.4,3.8,0.367,2.0,4.3,0.467,0.506,1.8,2.4,0.767,0.5,2.3,2.8,4.9,2.0,0.1,2.0,2.9,10.0
2009,nba roy,Courtney Lee,leeco01,23,0.0,2.0,600.0,0.003,False,NBA,Courtney Lee,23.0,ORL,SG,77.0,42.0,25.2,3.2,7.0,0.45,1.1,2.6,0.404,2.1,4.4,0.478,0.526,1.0,1.2,0.83,0.2,2.1,2.3,1.2,1.0,0.2,0.9,2.0,8.4
2009,nba roy,Nicolas Batum,batumni01,20,0.0,1.0,600.0,0.002,False,NBA,Nicolas Batum,20.0,POR,SF,79.0,76.0,18.4,2.0,4.6,0.446,0.8,2.1,0.369,1.3,2.4,0.513,0.532,0.5,0.7,0.808,1.1,1.7,2.8,0.9,0.6,0.5,0.6,1.8,5.4
2009,nba smoy,Jason Terry,terryja01,31,111.0,576.0,605.0,0.952,True,NBA,Jason Terry,31.0,DAL,SG,74.0,11.0,33.7,7.3,15.8,0.463,2.3,6.2,0.366,5.1,9.6,0.525,0.535,2.7,3.0,0.88,0.5,1.9,2.4,3.4,1.3,0.3,1.6,1.9,19.6
2009,nba smoy,J.R. Smith,smithjr01,23,3.0,155.0,605.0,0.256,False,NBA,J.R. Smith,23.0,DEN,SG,81.0,18.0,27.7,5.2,11.7,0.446,2.2,5.6,0.397,3.0,6.1,0.491,0.541,2.5,3.4,0.754,0.5,3.1,3.7,2.8,1.0,0.2,1.9,2.3,15.2
2009,nba smoy,Nate Robinson,robinna01,24,2.0,113.0,605.0,0.187,False,NBA,Nate Robinson,24.0,NYK,PG,74.0,11.0,29.9,6.1,13.9,0.437,1.7,5.2,0.325,4.4,8.7,0.504,0.498,3.4,4.0,0.841,1.3,2.6,3.9,4.1,1.3,0.1,1.9,2.8,17.2
2009,nba smoy,Lamar Odom,odomla01,29,2.0,78.0,605.0,0.129,False,NBA,Lamar Odom,29.0,LAL,PF,78.0,32.0,29.7,4.4,9.0,0.492,0.4,1.3,0.32,4.0,7.7,0.522,0.516,2.1,3.3,0.623,2.3,5.9,8.2,2.6,1.0,1.3,1.8,3.0,11.3
2009,nba smoy,Travis Outlaw,outlatr01,24,1.0,75.0,605.0,0.124,False,NBA,Travis Outlaw,24.0,POR,SF,81.0,6.0,27.7,4.8,10.5,0.453,1.1,2.9,0.377,3.7,7.6,0.482,0.505,2.2,3.0,0.723,0.9,3.2,4.1,1.0,0.6,0.7,1.2,2.1,12.8
2009,nba smoy,Manu Ginóbili,ginobma01,31,1.0,17.0,605.0,0.028,False,NBA,Manu Ginóbili,31.0,SAS,SG,44.0,7.0,26.8,5.1,11.2,0.454,1.6,4.8,0.33,3.5,6.4,0.546,0.524,3.8,4.3,0.884,0.5,4.0,4.5,3.6,1.5,0.4,2.0,2.0,15.5
2009,nba smoy,Ronald Murray,murraro01,29,1.0,16.0,605.0,0.026,False,NBA,Ronald Murray,29.0,ATL,SG,80.0,2.0,24.7,4.4,9.9,0.447,1.1,3.0,0.36,3.4,6.9,0.485,0.501,2.2,2.9,0.76,0.3,1.8,2.1,2.0,1.1,0.2,1.6,2.2,12.2
2009,nba smoy,Chris Andersen,anderch01,30,0.0,13.0,605.0,0.021,False,NBA,Chris Andersen,30.0,DEN,C,71.0,1.0,20.6,2.3,4.1,0.548,0.0,0.1,0.2,2.2,4.0,0.56,0.551,1.8,2.5,0.718,2.3,3.9,6.2,0.4,0.6,2.5,1.0,2.5,6.4
2009,nba smoy,Andrei Kirilenko,kirilan01,27,0.0,7.0,605.0,0.012,False,NBA,Andrei Kirilenko,27.0,UTA,PF,67.0,10.0,27.3,3.8,8.5,0.449,0.3,1.1,0.274,3.5,7.4,0.475,0.467,3.6,4.6,0.785,1.3,3.5,4.8,2.6,1.2,1.1,1.8,1.9,11.6
2009,nba smoy,Leandro Barbosa,barbole01,26,0.0,6.0,605.0,0.01,False,NBA,Leandro Barbosa,26.0,PHO,SG,70.0,11.0,24.4,5.2,10.8,0.482,1.3,3.4,0.375,3.9,7.4,0.532,0.542,2.4,2.8,0.881,0.5,2.1,2.6,2.3,1.2,0.1,1.3,1.6,14.2
2009,nba smoy,Corey Maggette,maggeco01,29,0.0,6.0,605.0,0.01,False,NBA,Corey Maggette,29.0,GSW,PF,51.0,19.0,31.1,5.7,12.4,0.461,0.5,1.9,0.253,5.3,10.6,0.497,0.479,6.7,8.1,0.824,1.0,4.6,5.5,1.8,0.9,0.2,2.4,3.8,18.6
2009,nba smoy,Lou Williams,willilo02,22,0.0,6.0,605.0,0.01,False,NBA,Lou Williams,22.0,PHI,SG,81.0,0.0,23.7,4.1,10.4,0.398,0.8,2.7,0.286,3.4,7.7,0.438,0.435,3.8,4.8,0.79,0.4,1.6,2.0,3.0,1.0,0.2,1.9,1.6,12.8
2009,nba smoy,Eddie House,houseed01,30,0.0,5.0,605.0,0.008,False,NBA,Eddie House,30.0,BOS,PG,81.0,0.0,18.3,3.1,6.9,0.445,1.9,4.2,0.444,1.2,2.7,0.445,0.579,0.5,0.7,0.792,0.1,1.8,1.9,1.1,0.8,0.1,0.7,1.4,8.5
2009,nba smoy,Kirk Hinrich,hinriki01,28,0.0,4.0,605.0,0.007,False,NBA,Kirk Hinrich,28.0,CHI,SG,51.0,4.0,26.3,3.6,8.2,0.437,1.4,3.3,0.408,2.2,4.9,0.456,0.519,1.3,1.7,0.791,0.3,2.1,2.4,3.9,1.3,0.4,1.7,2.5,9.9
2009,nba smoy,Jason Kapono,kaponja01,27,0.0,3.0,605.0,0.005,False,NBA,Jason Kapono,27.0,TOR,SG,80.0,12.0,22.9,3.3,7.6,0.432,1.2,2.9,0.428,2.0,4.7,0.435,0.513,0.4,0.5,0.81,0.3,1.7,2.0,1.3,0.3,0.0,0.9,1.8,8.2
2009,nba smoy,James Posey,poseyja01,32,0.0,2.0,605.0,0.003,False,NBA,James Posey,32.0,NOH,SG,75.0,0.0,28.5,2.9,7.0,0.412,1.5,4.2,0.369,1.3,2.8,0.476,0.523,1.6,1.9,0.822,0.5,4.3,4.8,1.1,0.8,0.3,1.1,2.9,8.9
2009,nba smoy,Trevor Ariza,arizatr01,23,0.0,1.0,605.0,0.002,False,NBA,Trevor Ariza,23.0,LAL,SF,82.0,20.0,24.4,3.3,7.3,0.46,0.7,2.3,0.319,2.6,4.9,0.526,0.511,1.5,2.1,0.71,1.4,2.9,4.3,1.8,1.7,0.3,1.1,2.0,8.9
2009,nba smoy,Michael Beasley,beaslmi01,20,0.0,1.0,605.0,0.002,False,NBA,Michael Beasley,20.0,MIA,PF,81.0,19.0,24.8,5.6,11.8,0.472,0.4,1.0,0.407,5.2,10.8,0.478,0.49,2.3,3.0,0.772,1.4,4.1,5.4,1.0,0.5,0.5,1.5,2.3,13.9
2009,nba smoy,Paul Millsap,millspa01,23,0.0,1.0,605.0,0.002,False,NBA,Paul Millsap,23.0,UTA,PF,76.0,38.0,30.1,5.3,9.9,0.534,0.0,0.1,0.0,5.3,9.8,0.537,0.534,3.0,4.3,0.699,3.3,5.3,8.6,1.8,1.0,1.0,1.7,3.8,13.5
2009,nba smoy,Hakim Warrick,warriha01,26,0.0,1.0,605.0,0.002,False,NBA,Hakim Warrick,26.0,MEM,PF,82.0,7.0,24.7,4.1,8.5,0.491,0.1,0.3,0.217,4.1,8.2,0.5,0.494,3.2,4.6,0.711,1.6,3.4,5.0,0.8,0.6,0.5,1.2,2.1,11.6
2008,nba dpoy,Kevin Garnett,garneke01,31,90.0,493.0,620.0,0.795,True,NBA,Kevin Garnett,31.0,BOS,PF,71.0,71.0,32.8,7.5,13.9,0.539,0.0,0.2,0.0,7.5,13.8,0.545,0.539,3.8,4.7,0.801,1.9,7.3,9.2,3.4,1.4,1.3,1.9,2.3,18.8
2008,nba dpoy,Marcus Camby,cambyma01,33,12.0,178.0,620.0,0.287,False,NBA,Marcus Camby,33.0,DEN,C,79.0,79.0,34.9,3.6,8.0,0.45,0.1,0.3,0.3,3.5,7.8,0.455,0.455,1.8,2.6,0.708,2.9,10.2,13.1,3.3,1.1,3.6,1.5,2.7,9.1
2008,nba dpoy,Shane Battier,battish01,29,11.0,175.0,620.0,0.282,False,NBA,Shane Battier,29.0,HOU,SF,80.0,78.0,36.3,3.3,7.7,0.428,1.7,4.6,0.377,1.6,3.1,0.504,0.54,0.9,1.3,0.743,1.6,3.5,5.1,1.9,1.0,1.1,1.0,2.5,9.3
2008,nba dpoy,Bruce Bowen,bowenbr01,36,7.0,80.0,620.0,0.129,False,NBA,Bruce Bowen,36.0,SAS,SF,81.0,81.0,30.2,2.1,5.3,0.407,1.1,2.7,0.419,1.0,2.6,0.394,0.512,0.6,0.9,0.652,0.4,2.5,2.9,1.1,0.7,0.3,0.6,2.2,6.0
2008,nba dpoy,Kobe Bryant,bryanko01,29,0.0,40.0,620.0,0.065,False,NBA,Kobe Bryant,29.0,LAL,SG,82.0,82.0,38.9,9.5,20.6,0.459,1.8,5.1,0.361,7.6,15.5,0.49,0.503,7.6,9.0,0.84,1.1,5.2,6.3,5.4,1.8,0.5,3.1,2.8,28.3
2008,nba dpoy,Josh Smith,smithjo03,22,1.0,34.0,620.0,0.055,False,NBA,Josh Smith,22.0,ATL,PF,81.0,81.0,35.5,6.4,14.0,0.457,0.3,1.2,0.253,6.1,12.8,0.477,0.468,4.1,5.8,0.71,2.0,6.2,8.2,3.4,1.5,2.8,3.0,3.3,17.2
2008,nba dpoy,Dwight Howard,howardw01,22,1.0,24.0,620.0,0.039,False,NBA,Dwight Howard,22.0,ORL,C,82.0,82.0,37.7,7.1,11.9,0.599,0.0,0.0,0.0,7.1,11.8,0.601,0.599,6.5,10.9,0.59,3.4,10.8,14.2,1.3,0.9,2.1,3.2,3.3,20.7
2008,nba dpoy,Chris Paul,paulch01,22,1.0,24.0,620.0,0.039,False,NBA,Chris Paul,22.0,NOH,PG,80.0,80.0,37.6,7.9,16.1,0.488,1.2,3.1,0.369,6.7,13.0,0.516,0.524,4.2,4.9,0.851,0.8,3.2,4.0,11.6,2.7,0.1,2.5,2.3,21.1
2008,nba dpoy,Tim Duncan,duncati01,31,0.0,22.0,620.0,0.035,False,NBA,Tim Duncan,31.0,SAS,C,78.0,78.0,34.0,7.5,15.1,0.497,0.0,0.1,0.0,7.5,15.1,0.498,0.497,4.3,5.9,0.73,3.0,8.3,11.3,2.8,0.7,1.9,2.3,2.4,19.3
2008,nba dpoy,Tayshaun Prince,princta01,27,0.0,13.0,620.0,0.021,False,NBA,Tayshaun Prince,27.0,DET,SF,82.0,82.0,32.9,5.1,11.5,0.448,0.6,1.8,0.363,4.5,9.7,0.463,0.476,2.3,2.9,0.768,1.3,3.5,4.9,3.3,0.5,0.4,1.1,1.1,13.2
2008,nba dpoy,Tyson Chandler,chandty01,25,1.0,10.0,620.0,0.016,False,NBA,Tyson Chandler,25.0,NOH,C,79.0,79.0,35.2,4.8,7.7,0.623,0.0,0.0,0.0,4.8,7.6,0.624,0.623,2.2,3.7,0.593,4.1,7.7,11.7,1.0,0.6,1.1,1.7,3.1,11.8
2008,nba dpoy,Rasheed Wallace,wallara01,33,0.0,9.0,620.0,0.015,False,NBA,Rasheed Wallace,33.0,DET,C,77.0,76.0,30.5,4.9,11.3,0.432,1.5,4.1,0.356,3.4,7.2,0.476,0.497,1.5,1.9,0.767,1.1,5.5,6.6,1.8,1.2,1.7,1.1,2.8,12.7
2008,nba dpoy,Raja Bell,bellra01,31,0.0,3.0,620.0,0.005,False,NBA,Raja Bell,31.0,PHO,SG,75.0,75.0,35.3,4.2,10.0,0.421,2.3,5.9,0.401,1.9,4.2,0.449,0.538,1.1,1.2,0.868,0.6,3.0,3.7,2.2,0.7,0.4,0.9,2.9,11.9
2008,nba dpoy,Samuel Dalembert,dalemsa01,26,0.0,3.0,620.0,0.005,False,NBA,Samuel Dalembert,26.0,PHI,C,82.0,82.0,33.2,4.1,8.1,0.513,0.0,0.0,0.0,4.1,8.0,0.514,0.513,2.3,3.2,0.707,3.7,6.6,10.4,0.5,0.5,2.3,1.9,3.3,10.5
2008,nba dpoy,Richard Hamilton,hamilri01,29,0.0,3.0,620.0,0.005,False,NBA,Richard Hamilton,29.0,DET,SG,72.0,72.0,33.7,6.9,14.3,0.484,0.9,2.0,0.44,6.1,12.3,0.492,0.515,2.6,3.1,0.833,1.0,2.2,3.3,4.2,1.0,0.1,1.8,2.4,17.3
2008,nba dpoy,Chauncey Billups,billuch01,31,0.0,1.0,620.0,0.002,False,NBA,Chauncey Billups,31.0,DET,PG,78.0,78.0,32.3,5.0,11.2,0.448,1.8,4.4,0.401,3.3,6.9,0.479,0.526,5.1,5.6,0.918,0.5,2.2,2.7,6.8,1.3,0.2,2.1,1.7,17.0
2008,nba dpoy,Andrei Kirilenko,kirilan01,26,0.0,1.0,620.0,0.002,False,NBA,Andrei Kirilenko,26.0,UTA,SF,72.0,72.0,30.8,3.8,7.6,0.506,0.6,1.6,0.379,3.2,5.9,0.54,0.546,2.8,3.6,0.77,1.7,3.0,4.7,4.0,1.2,1.5,1.9,2.3,11.0
2008,nba dpoy,Kyle Lowry,lowryky01,21,0.0,1.0,620.0,0.002,False,NBA,Kyle Lowry,21.0,MEM,PG,82.0,9.0,25.5,3.1,7.2,0.432,0.4,1.7,0.257,2.7,5.5,0.487,0.463,3.0,4.2,0.698,0.5,2.5,3.0,3.6,1.1,0.3,1.5,2.3,9.6
2008,nba dpoy,Rajon Rondo,rondora01,21,0.0,1.0,620.0,0.002,False,NBA,Rajon Rondo,21.0,BOS,PG,77.0,77.0,29.9,4.6,9.3,0.492,0.1,0.2,0.263,4.5,9.0,0.499,0.496,1.4,2.3,0.611,1.0,3.2,4.2,5.1,1.7,0.2,1.9,2.4,10.6
2008,nba dpoy,Metta World Peace,artesro01,28,0.0,1.0,620.0,0.002,False,NBA,Metta World Peace,28.0,SAC,SF,57.0,54.0,38.1,7.6,16.9,0.453,1.5,3.9,0.38,6.2,13.0,0.475,0.497,3.7,5.2,0.719,1.8,4.0,5.8,3.5,2.3,0.7,2.6,2.8,20.5
2008,nba mip,Hedo Türkoğlu,turkohe01,28,61.0,380.0,625.0,0.608,True,NBA,Hedo Türkoğlu,28.0,ORL,SF,82.0,82.0,36.9,6.8,14.9,0.456,2.0,5.1,0.4,4.8,9.8,0.485,0.524,4.0,4.8,0.829,1.0,4.7,5.7,5.0,0.9,0.3,3.0,3.0,19.5
2008,nba mip,Rudy Gay,gayru01,21,23.0,167.0,625.0,0.267,False,NBA,Rudy Gay,21.0,MEM,SF,81.0,81.0,37.0,7.7,16.7,0.461,1.7,4.8,0.346,6.1,12.0,0.507,0.511,3.1,3.9,0.785,1.7,4.4,6.2,2.0,1.4,1.0,2.3,2.8,20.1
2008,nba mip,LaMarcus Aldridge,aldrila01,22,9.0,128.0,625.0,0.205,False,NBA,LaMarcus Aldridge,22.0,POR,PF,76.0,76.0,34.9,7.4,15.3,0.484,0.0,0.1,0.143,7.4,15.2,0.486,0.484,3.0,3.9,0.762,2.9,4.7,7.6,1.6,0.7,1.2,1.7,3.2,17.8
2008,nba mip,Al Jefferson,jeffeal01,23,6.0,100.0,625.0,0.16,False,NBA,Al Jefferson,23.0,MIN,C,82.0,82.0,35.6,8.8,17.6,0.5,0.0,0.1,0.0,8.8,17.5,0.502,0.5,3.5,4.8,0.721,3.8,7.4,11.1,1.4,0.9,1.5,2.0,2.7,21.0
2008,nba mip,Rajon Rondo,rondora01,21,6.0,77.0,625.0,0.123,False,NBA,Rajon Rondo,21.0,BOS,PG,77.0,77.0,29.9,4.6,9.3,0.492,0.1,0.2,0.263,4.5,9.0,0.499,0.496,1.4,2.3,0.611,1.0,3.2,4.2,5.1,1.7,0.2,1.9,2.4,10.6
2008,nba mip,Mike Dunleavy,dunlemi02,27,3.0,51.0,625.0,0.082,False,NBA,Mike Dunleavy,27.0,IND,SG,82.0,82.0,36.0,6.5,13.6,0.476,2.0,4.7,0.424,4.5,8.9,0.504,0.55,4.1,4.9,0.834,0.7,4.5,5.2,3.5,1.0,0.4,2.3,2.5,19.1
2008,nba mip,José Calderón,caldejo01,26,2.0,45.0,625.0,0.072,False,NBA,José Calderón,26.0,TOR,PG,82.0,56.0,30.3,4.5,8.6,0.519,1.0,2.2,0.429,3.5,6.4,0.551,0.575,1.3,1.5,0.908,0.4,2.5,2.9,8.3,1.1,0.1,1.5,1.6,11.2
2008,nba mip,Chris Paul,paulch01,22,5.0,41.0,625.0,0.066,False,NBA,Chris Paul,22.0,NOH,PG,80.0,80.0,37.6,7.9,16.1,0.488,1.2,3.1,0.369,6.7,13.0,0.516,0.524,4.2,4.9,0.851,0.8,3.2,4.0,11.6,2.7,0.1,2.5,2.3,21.1
2008,nba mip,Beno Udrih,udrihbe01,25,1.0,17.0,625.0,0.027,False,NBA,Beno Udrih,25.0,SAC,PG,65.0,51.0,32.0,5.0,10.9,0.463,0.8,2.1,0.387,4.2,8.8,0.482,0.501,1.9,2.3,0.85,0.5,2.8,3.3,4.3,0.9,0.2,2.3,2.1,12.8
2008,nba mip,David West,westda01,27,1.0,15.0,625.0,0.024,False,NBA,David West,27.0,NOH,PF,76.0,76.0,37.8,8.3,17.2,0.482,0.1,0.3,0.24,8.2,16.8,0.487,0.484,3.9,4.6,0.85,2.4,6.5,8.9,2.3,0.8,1.3,2.2,2.7,20.6
2008,nba mip,Ronnie Brewer,brewero02,22,1.0,12.0,625.0,0.019,False,NBA,Ronnie Brewer,22.0,UTA,SG,76.0,76.0,27.5,4.7,8.3,0.558,0.1,0.7,0.22,4.5,7.7,0.587,0.567,2.6,3.4,0.759,1.3,1.6,2.9,1.8,1.7,0.3,0.9,1.4,12.0
2008,nba mip,Andrew Bynum,bynuman01,20,1.0,11.0,625.0,0.018,False,NBA,Andrew Bynum,20.0,LAL,C,35.0,25.0,28.8,5.4,8.5,0.636,0.0,0.0,,5.4,8.5,0.636,0.636,2.3,3.4,0.695,3.0,7.2,10.2,1.7,0.3,2.1,1.5,2.8,13.1
2008,nba mip,Chris Kaman,kamanch01,25,1.0,9.0,625.0,0.014,False,NBA,Chris Kaman,25.0,LAC,C,56.0,55.0,37.2,6.0,12.5,0.483,0.0,0.1,0.0,6.0,12.4,0.486,0.483,3.6,4.7,0.762,3.1,9.6,12.7,1.9,0.6,2.8,2.9,3.2,15.7
2008,nba mip,Lou Williams,willilo02,21,1.0,8.0,625.0,0.013,False,NBA,Lou Williams,21.0,PHI,PG,80.0,0.0,23.3,4.0,9.4,0.424,0.7,1.9,0.359,3.3,7.5,0.441,0.461,2.8,3.6,0.783,0.5,1.6,2.1,3.2,1.0,0.2,1.6,1.6,11.5
2008,nba mip,Andrew Bogut,bogutan01,23,0.0,7.0,625.0,0.011,False,NBA,Andrew Bogut,23.0,MIL,C,78.0,78.0,34.9,6.0,11.7,0.511,0.0,0.1,0.0,6.0,11.6,0.515,0.511,2.4,4.1,0.587,3.1,6.6,9.8,2.6,0.8,1.7,2.2,3.3,14.3
2008,nba mip,Monta Ellis,ellismo01,22,0.0,7.0,625.0,0.011,False,NBA,Monta Ellis,22.0,GSW,SG,81.0,72.0,37.9,8.0,15.1,0.531,0.1,0.6,0.231,7.9,14.5,0.545,0.536,4.0,5.1,0.767,1.6,3.3,5.0,3.9,1.5,0.3,2.1,2.4,20.2
2008,nba mip,Rafer Alston,alstora01,31,1.0,6.0,625.0,0.01,False,NBA,Rafer Alston,31.0,HOU,PG,74.0,74.0,34.1,4.9,12.5,0.394,1.9,5.5,0.351,3.0,7.0,0.427,0.471,1.3,1.9,0.715,0.4,3.1,3.5,5.3,1.3,0.2,2.2,1.9,13.1
2008,nba mip,Andre Iguodala,iguodan01,24,1.0,5.0,625.0,0.008,False,NBA,Andre Iguodala,24.0,PHI,SF,82.0,82.0,39.5,7.1,15.6,0.456,1.2,3.7,0.329,5.9,11.8,0.496,0.495,4.5,6.2,0.721,1.0,4.4,5.4,4.8,2.1,0.6,2.6,2.3,19.9
2008,nba mip,LeBron James,jamesle01,23,1.0,5.0,625.0,0.008,False,NBA,LeBron James,23.0,CLE,SF,75.0,74.0,40.4,10.6,21.9,0.484,1.5,4.8,0.315,9.1,17.1,0.531,0.518,7.3,10.3,0.712,1.8,6.1,7.9,7.2,1.8,1.1,3.4,2.2,30.0
2008,nba mip,Travis Outlaw,outlatr01,23,1.0,5.0,625.0,0.008,False,NBA,Travis Outlaw,23.0,POR,PF,82.0,6.0,26.7,5.1,11.8,0.433,0.5,1.2,0.396,4.6,10.5,0.437,0.453,2.7,3.6,0.741,1.2,3.4,4.6,1.3,0.7,0.8,1.3,2.1,13.3
2008,nba mip,Brandon Bass,bassbr01,22,0.0,4.0,625.0,0.006,False,NBA,Brandon Bass,22.0,DAL,C,79.0,1.0,19.7,3.1,6.2,0.499,0.0,0.1,0.0,3.1,6.2,0.503,0.499,2.1,2.5,0.822,1.5,2.9,4.4,0.7,0.3,0.6,1.0,1.9,8.3
2008,nba mip,Deron Williams,willide01,23,0.0,4.0,625.0,0.006,False,NBA,Deron Williams,23.0,UTA,PG,82.0,82.0,37.3,6.9,13.6,0.507,1.0,2.6,0.395,5.9,11.1,0.533,0.544,4.0,5.0,0.803,0.4,2.5,3.0,10.5,1.1,0.3,3.4,2.4,18.8
2008,nba mip,Tyson Chandler,chandty01,25,0.0,3.0,625.0,0.005,False,NBA,Tyson Chandler,25.0,NOH,C,79.0,79.0,35.2,4.8,7.7,0.623,0.0,0.0,0.0,4.8,7.6,0.624,0.623,2.2,3.7,0.593,4.1,7.7,11.7,1.0,0.6,1.1,1.7,3.1,11.8
2008,nba mip,Dwight Howard,howardw01,22,0.0,3.0,625.0,0.005,False,NBA,Dwight Howard,22.0,ORL,C,82.0,82.0,37.7,7.1,11.9,0.599,0.0,0.0,0.0,7.1,11.8,0.601,0.599,6.5,10.9,0.59,3.4,10.8,14.2,1.3,0.9,2.1,3.2,3.3,20.7
2008,nba mip,Linas Kleiza,kleizli01,23,0.0,3.0,625.0,0.005,False,NBA,Linas Kleiza,23.0,DEN,SF,79.0,13.0,23.9,3.9,8.3,0.472,1.2,3.5,0.339,2.7,4.8,0.568,0.543,2.1,2.7,0.77,1.2,3.1,4.2,1.2,0.6,0.2,1.1,2.3,11.1
2008,nba mip,Jason Maxiell,maxieja01,24,0.0,3.0,625.0,0.005,False,NBA,Jason Maxiell,24.0,DET,C,82.0,7.0,21.6,2.9,5.4,0.538,0.0,0.0,0.0,2.9,5.4,0.539,0.538,2.1,3.3,0.633,2.2,3.1,5.3,0.6,0.3,1.1,0.9,2.2,7.9
2008,nba mip,Shaquille O'Neal,onealsh01,35,0.0,3.0,625.0,0.005,False,NBA,Shaquille O'Neal,35.0,2TM,C,61.0,61.0,28.7,5.4,9.1,0.593,0.0,0.0,,5.4,9.1,0.593,0.593,2.8,5.5,0.503,2.7,6.4,9.1,1.5,0.5,1.4,3.0,3.7,13.6
2008,nba mip,Danny Granger,grangda01,24,0.0,2.0,625.0,0.003,False,NBA,Danny Granger,24.0,IND,SF,80.0,80.0,36.0,6.7,15.1,0.446,2.1,5.3,0.404,4.6,9.8,0.468,0.517,4.0,4.7,0.852,1.2,4.9,6.1,2.1,1.2,1.1,2.1,3.6,19.6
2008,nba mip,Brandon Roy,roybr01,23,0.0,2.0,625.0,0.003,False,NBA,Brandon Roy,23.0,POR,SG,74.0,74.0,37.7,7.2,15.8,0.454,1.0,2.9,0.34,6.2,12.9,0.48,0.485,3.8,5.0,0.753,1.1,3.6,4.7,5.8,1.1,0.2,1.8,2.0,19.1
2008,nba mip,Roger Mason,masonro01,27,0.0,1.0,625.0,0.002,False,NBA,Roger Mason,27.0,WAS,PG,80.0,9.0,21.4,3.3,7.5,0.443,1.6,4.1,0.398,1.7,3.4,0.498,0.552,0.8,0.9,0.873,0.2,1.4,1.6,1.7,0.5,0.2,0.9,1.8,9.1
2008,nba mip,J.R. Smith,smithjr01,22,0.0,1.0,625.0,0.002,False,NBA,J.R. Smith,22.0,DEN,SG,74.0,0.0,19.2,4.2,9.1,0.461,2.1,5.3,0.403,2.1,3.8,0.542,0.578,1.7,2.4,0.719,0.6,1.5,2.1,1.7,0.8,0.2,1.5,1.9,12.3
2008,nba mvp,Kobe Bryant,bryanko01,29,82.0,1100.0,1260.0,0.873,True,NBA,Kobe Bryant,29.0,LAL,SG,82.0,82.0,38.9,9.5,20.6,0.459,1.8,5.1,0.361,7.6,15.5,0.49,0.503,7.6,9.0,0.84,1.1,5.2,6.3,5.4,1.8,0.5,3.1,2.8,28.3
2008,nba mvp,Chris Paul,paulch01,22,28.0,894.0,1260.0,0.71,False,NBA,Chris Paul,22.0,NOH,PG,80.0,80.0,37.6,7.9,16.1,0.488,1.2,3.1,0.369,6.7,13.0,0.516,0.524,4.2,4.9,0.851,0.8,3.2,4.0,11.6,2.7,0.1,2.5,2.3,21.1
2008,nba mvp,Kevin Garnett,garneke01,31,15.0,670.0,1260.0,0.532,False,NBA,Kevin Garnett,31.0,BOS,PF,71.0,71.0,32.8,7.5,13.9,0.539,0.0,0.2,0.0,7.5,13.8,0.545,0.539,3.8,4.7,0.801,1.9,7.3,9.2,3.4,1.4,1.3,1.9,2.3,18.8
2008,nba mvp,LeBron James,jamesle01,23,1.0,438.0,1260.0,0.348,False,NBA,LeBron James,23.0,CLE,SF,75.0,74.0,40.4,10.6,21.9,0.484,1.5,4.8,0.315,9.1,17.1,0.531,0.518,7.3,10.3,0.712,1.8,6.1,7.9,7.2,1.8,1.1,3.4,2.2,30.0
2008,nba mvp,Dwight Howard,howardw01,22,0.0,60.0,1260.0,0.048,False,NBA,Dwight Howard,22.0,ORL,C,82.0,82.0,37.7,7.1,11.9,0.599,0.0,0.0,0.0,7.1,11.8,0.601,0.599,6.5,10.9,0.59,3.4,10.8,14.2,1.3,0.9,2.1,3.2,3.3,20.7
2008,nba mvp,Amar'e Stoudemire,stoudam01,25,0.0,27.0,1260.0,0.021,False,NBA,Amar'e Stoudemire,25.0,PHO,C,79.0,79.0,33.9,9.0,15.3,0.59,0.1,0.4,0.161,9.0,14.9,0.601,0.592,7.0,8.7,0.805,2.3,6.8,9.1,1.5,0.8,2.1,2.2,3.7,25.2
2008,nba mvp,Tim Duncan,duncati01,31,0.0,25.0,1260.0,0.02,False,NBA,Tim Duncan,31.0,SAS,C,78.0,78.0,34.0,7.5,15.1,0.497,0.0,0.1,0.0,7.5,15.1,0.498,0.497,4.3,5.9,0.73,3.0,8.3,11.3,2.8,0.7,1.9,2.3,2.4,19.3
2008,nba mvp,Tracy McGrady,mcgratr01,28,0.0,19.0,1260.0,0.015,False,NBA,Tracy McGrady,28.0,HOU,SG,66.0,62.0,37.0,8.3,19.8,0.419,1.3,4.5,0.292,7.0,15.3,0.457,0.452,3.7,5.4,0.684,0.6,4.5,5.1,5.9,1.0,0.5,2.4,1.4,21.6
2008,nba mvp,Steve Nash,nashst01,33,0.0,18.0,1260.0,0.014,False,NBA,Steve Nash,33.0,PHO,PG,81.0,81.0,34.3,6.0,11.9,0.504,2.2,4.7,0.47,3.8,7.2,0.527,0.597,2.7,3.0,0.906,0.3,3.1,3.5,11.1,0.7,0.1,3.6,1.4,16.9
2008,nba mvp,Manu Ginóbili,ginobma01,30,0.0,9.0,1260.0,0.007,False,NBA,Manu Ginóbili,30.0,SAS,SG,74.0,23.0,31.1,6.1,13.3,0.46,2.1,5.3,0.401,4.0,8.0,0.499,0.54,5.1,6.0,0.86,0.9,3.9,4.8,4.5,1.5,0.4,2.7,2.3,19.5
2008,nba mvp,Dirk Nowitzki,nowitdi01,29,0.0,5.0,1260.0,0.004,False,NBA,Dirk Nowitzki,29.0,DAL,PF,77.0,77.0,36.0,8.2,17.1,0.479,1.0,2.9,0.359,7.2,14.2,0.504,0.51,6.2,7.1,0.879,1.2,7.3,8.6,3.5,0.7,0.9,2.1,2.6,23.6
2008,nba mvp,Deron Williams,willide01,23,0.0,4.0,1260.0,0.003,False,NBA,Deron Williams,23.0,UTA,PG,82.0,82.0,37.3,6.9,13.6,0.507,1.0,2.6,0.395,5.9,11.1,0.533,0.544,4.0,5.0,0.803,0.4,2.5,3.0,10.5,1.1,0.3,3.4,2.4,18.8
2008,nba mvp,Carmelo Anthony,anthoca01,23,0.0,3.0,1260.0,0.002,False,NBA,Carmelo Anthony,23.0,DEN,SF,77.0,77.0,36.4,9.5,19.2,0.492,0.8,2.1,0.354,8.7,17.1,0.509,0.511,6.0,7.7,0.786,2.3,5.1,7.4,3.4,1.3,0.5,3.3,3.3,25.7
2008,nba mvp,Carlos Boozer,boozeca01,26,0.0,1.0,1260.0,0.001,False,NBA,Carlos Boozer,26.0,UTA,PF,81.0,81.0,34.9,8.8,16.0,0.547,0.0,0.0,0.0,8.8,16.0,0.547,0.547,3.6,4.9,0.738,2.4,8.0,10.4,2.9,1.2,0.5,2.6,3.6,21.1
2008,nba mvp,Antawn Jamison,jamisan01,31,0.0,1.0,1260.0,0.001,False,NBA,Antawn Jamison,31.0,WAS,PF,79.0,79.0,38.7,7.8,17.9,0.436,1.5,4.5,0.339,6.3,13.5,0.468,0.478,4.2,5.5,0.76,2.7,7.5,10.2,1.5,1.3,0.4,1.4,2.5,21.4
2008,nba mvp,Paul Pierce,piercpa01,30,0.0,1.0,1260.0,0.001,False,NBA,Paul Pierce,30.0,BOS,SF,80.0,80.0,35.9,6.4,13.7,0.464,1.8,4.6,0.392,4.6,9.2,0.499,0.529,5.1,6.1,0.843,0.7,4.5,5.1,4.5,1.3,0.5,2.8,2.5,19.6
2008,nba mvp,Rasheed Wallace,wallara01,33,0.0,1.0,1260.0,0.001,False,NBA,Rasheed Wallace,33.0,DET,C,77.0,76.0,30.5,4.9,11.3,0.432,1.5,4.1,0.356,3.4,7.2,0.476,0.497,1.5,1.9,0.767,1.1,5.5,6.6,1.8,1.2,1.7,1.1,2.8,12.7
2008,nba roy,Kevin Durant,duranke01,19,90.0,545.0,625.0,0.872,True,NBA,Kevin Durant,19.0,SEA,SG,80.0,80.0,34.6,7.3,17.1,0.43,0.7,2.6,0.288,6.6,14.5,0.455,0.451,4.9,5.6,0.873,0.9,3.5,4.4,2.4,1.0,0.9,2.9,1.5,20.3
2008,nba roy,Al Horford,horfoal01,21,30.0,390.0,625.0,0.624,False,NBA,Al Horford,21.0,ATL,C,81.0,77.0,31.4,4.1,8.2,0.499,0.0,0.1,0.0,4.1,8.2,0.502,0.499,1.9,2.6,0.731,3.1,6.6,9.7,1.5,0.7,0.9,1.7,3.3,10.1
2008,nba roy,Luis Scola,scolalu01,27,5.0,146.0,625.0,0.234,False,NBA,Luis Scola,27.0,HOU,PF,82.0,39.0,24.7,4.2,8.2,0.515,0.0,0.0,0.0,4.2,8.1,0.517,0.515,1.9,2.9,0.668,2.1,4.3,6.4,1.3,0.7,0.2,1.3,2.9,10.3
2008,nba roy,Al Thornton,thornal01,24,0.0,30.0,625.0,0.048,False,NBA,Al Thornton,24.0,LAC,PF,79.0,31.0,27.3,4.7,11.0,0.429,0.5,1.6,0.331,4.2,9.4,0.447,0.454,2.7,3.6,0.743,1.2,3.3,4.5,1.2,0.6,0.5,1.6,2.5,12.7
2008,nba roy,Jamario Moon,moonja01,27,0.0,7.0,625.0,0.011,False,NBA,Jamario Moon,27.0,TOR,SF,78.0,75.0,27.8,3.6,7.4,0.485,0.5,1.6,0.328,3.1,5.8,0.528,0.52,0.8,1.1,0.741,1.2,5.0,6.2,1.2,1.0,1.4,0.7,1.9,8.5
2008,nba roy,Juan Carlos Navarro,navarju01,27,0.0,3.0,625.0,0.005,False,NBA,Juan Carlos Navarro,27.0,MEM,SG,82.0,30.0,25.8,3.8,9.3,0.402,1.9,5.3,0.361,1.9,4.1,0.455,0.504,1.5,1.8,0.849,0.4,2.1,2.6,2.2,0.6,0.0,1.6,1.1,10.9
2008,nba roy,Thaddeus Young,youngth01,19,0.0,2.0,625.0,0.003,False,NBA,Thaddeus Young,19.0,PHI,PF,74.0,22.0,21.0,3.6,6.6,0.539,0.1,0.3,0.316,3.5,6.4,0.548,0.545,1.0,1.4,0.738,1.6,2.6,4.2,0.8,1.0,0.1,0.9,1.7,8.2
2008,nba roy,Mike Conley,conlemi01,20,0.0,1.0,625.0,0.002,False,NBA,Mike Conley,20.0,MEM,PG,53.0,46.0,26.1,3.6,8.3,0.428,0.6,1.7,0.33,3.0,6.6,0.453,0.462,1.7,2.3,0.732,0.4,2.2,2.6,4.2,0.8,0.0,1.7,1.6,9.4
2008,nba roy,Carl Landry,landrca01,24,0.0,1.0,625.0,0.002,False,NBA,Carl Landry,24.0,HOU,PF,42.0,0.0,16.9,3.2,5.2,0.616,0.0,0.0,0.0,3.2,5.2,0.619,0.616,1.7,2.6,0.661,2.3,2.6,4.9,0.5,0.4,0.2,0.6,2.3,8.1
2008,nba smoy,Manu Ginóbili,ginobma01,30,123.0,615.0,620.0,0.992,True,NBA,Manu Ginóbili,30.0,SAS,SG,74.0,23.0,31.1,6.1,13.3,0.46,2.1,5.3,0.401,4.0,8.0,0.499,0.54,5.1,6.0,0.86,0.9,3.9,4.8,4.5,1.5,0.4,2.7,2.3,19.5
2008,nba smoy,Leandro Barbosa,barbole01,25,1.0,283.0,620.0,0.456,False,NBA,Leandro Barbosa,25.0,PHO,SG,82.0,12.0,29.5,5.8,12.5,0.462,2.0,5.1,0.389,3.8,7.3,0.514,0.543,2.1,2.6,0.822,0.5,2.3,2.8,2.6,0.9,0.2,1.4,2.4,15.6
2008,nba smoy,Jason Terry,terryja01,30,0.0,44.0,620.0,0.071,False,NBA,Jason Terry,30.0,DAL,SG,82.0,34.0,31.5,5.7,12.3,0.467,1.7,4.4,0.375,4.1,7.9,0.519,0.535,2.3,2.7,0.857,0.4,2.2,2.5,3.2,1.1,0.2,1.1,2.1,15.5
2008,nba smoy,Kyle Korver,korveky01,26,0.0,34.0,620.0,0.055,False,NBA,Kyle Korver,26.0,2TM,PF,75.0,0.0,23.1,3.4,7.7,0.443,1.5,3.9,0.375,1.9,3.7,0.516,0.54,1.6,1.7,0.915,0.3,2.0,2.3,1.3,0.6,0.4,1.0,2.6,9.9
2008,nba smoy,Ben Gordon,gordobe01,24,0.0,27.0,620.0,0.044,False,NBA,Ben Gordon,24.0,CHI,SG,72.0,27.0,31.8,6.4,14.8,0.434,2.0,4.8,0.41,4.5,10.0,0.445,0.5,3.7,4.1,0.908,0.6,2.5,3.1,3.0,0.8,0.1,2.1,2.4,18.6
2008,nba smoy,Josh Childress,childjo01,24,0.0,23.0,620.0,0.037,False,NBA,Josh Childress,24.0,ATL,SF,76.0,0.0,29.9,4.3,7.5,0.571,0.3,0.8,0.367,4.0,6.8,0.595,0.59,2.9,3.6,0.807,2.3,2.6,4.9,1.5,0.9,0.6,1.3,1.7,11.8
2008,nba smoy,J.R. Smith,smithjr01,22,0.0,22.0,620.0,0.035,False,NBA,J.R. Smith,22.0,DEN,SG,74.0,0.0,19.2,4.2,9.1,0.461,2.1,5.3,0.403,2.1,3.8,0.542,0.578,1.7,2.4,0.719,0.6,1.5,2.1,1.7,0.8,0.2,1.5,1.9,12.3
2008,nba smoy,James Posey,poseyja01,31,0.0,19.0,620.0,0.031,False,NBA,James Posey,31.0,BOS,PF,74.0,2.0,24.6,2.3,5.6,0.418,1.4,3.8,0.38,0.9,1.8,0.496,0.546,1.3,1.6,0.809,0.4,3.9,4.4,1.5,1.0,0.3,0.9,2.5,7.4
2008,nba smoy,Jason Maxiell,maxieja01,24,0.0,11.0,620.0,0.018,False,NBA,Jason Maxiell,24.0,DET,C,82.0,7.0,21.6,2.9,5.4,0.538,0.0,0.0,0.0,2.9,5.4,0.539,0.538,2.1,3.3,0.633,2.2,3.1,5.3,0.6,0.3,1.1,0.9,2.2,7.9
2008,nba smoy,Travis Outlaw,outlatr01,23,0.0,11.0,620.0,0.018,False,NBA,Travis Outlaw,23.0,POR,PF,82.0,6.0,26.7,5.1,11.8,0.433,0.5,1.2,0.396,4.6,10.5,0.437,0.453,2.7,3.6,0.741,1.2,3.4,4.6,1.3,0.7,0.8,1.3,2.1,13.3
2008,nba smoy,Jordan Farmar,farmajo01,21,0.0,5.0,620.0,0.008,False,NBA,Jordan Farmar,21.0,LAL,PG,82.0,0.0,20.6,3.5,7.7,0.461,1.4,3.7,0.371,2.2,4.0,0.546,0.552,0.6,1.0,0.679,0.5,1.8,2.2,2.7,0.9,0.1,1.3,1.3,9.1
2008,nba smoy,Linas Kleiza,kleizli01,23,0.0,5.0,620.0,0.008,False,NBA,Linas Kleiza,23.0,DEN,SF,79.0,13.0,23.9,3.9,8.3,0.472,1.2,3.5,0.339,2.7,4.8,0.568,0.543,2.1,2.7,0.77,1.2,3.1,4.2,1.2,0.6,0.2,1.1,2.3,11.1
2008,nba smoy,Jerry Stackhouse,stackje01,33,0.0,4.0,620.0,0.006,False,NBA,Jerry Stackhouse,33.0,DAL,SG,58.0,13.0,24.3,3.7,9.1,0.405,1.0,3.2,0.326,2.6,5.9,0.447,0.462,2.3,2.6,0.892,0.6,1.7,2.3,2.5,0.5,0.2,1.5,1.4,10.7
2008,nba smoy,Jarrett Jack,jackja01,24,0.0,3.0,620.0,0.005,False,NBA,Jarrett Jack,24.0,POR,SG,82.0,16.0,27.2,3.3,7.6,0.431,0.8,2.3,0.342,2.5,5.2,0.47,0.483,2.6,3.0,0.867,0.4,2.5,2.9,3.8,0.7,0.0,2.2,1.6,9.9
2008,nba smoy,David Lee,leeda02,24,0.0,3.0,620.0,0.005,False,NBA,David Lee,24.0,NYK,PF,81.0,29.0,29.1,4.2,7.6,0.552,0.0,0.0,0.0,4.2,7.6,0.554,0.552,2.4,2.9,0.819,3.0,6.0,8.9,1.2,0.7,0.4,1.2,2.6,10.8
2008,nba smoy,Rashad McCants,mccanra01,23,0.0,3.0,620.0,0.005,False,NBA,Rashad McCants,23.0,MIN,SG,75.0,24.0,26.9,5.7,12.6,0.453,1.9,4.7,0.407,3.8,7.9,0.481,0.529,1.5,2.1,0.748,0.7,2.1,2.7,2.2,0.9,0.2,2.3,3.1,14.9
2008,nba smoy,Lou Williams,willilo02,21,0.0,3.0,620.0,0.005,False,NBA,Lou Williams,21.0,PHI,PG,80.0,0.0,23.3,4.0,9.4,0.424,0.7,1.9,0.359,3.3,7.5,0.441,0.461,2.8,3.6,0.783,0.5,1.6,2.1,3.2,1.0,0.2,1.6,1.6,11.5
2008,nba smoy,Andrés Nocioni,nocioan01,28,0.0,1.0,620.0,0.002,False,NBA,Andrés Nocioni,28.0,CHI,SF,82.0,27.0,24.6,4.6,10.7,0.432,1.5,4.2,0.364,3.1,6.5,0.476,0.504,2.4,3.0,0.807,0.6,3.6,4.2,1.2,0.3,0.5,1.6,3.0,13.2
2007,nba dpoy,Marcus Camby,cambyma01,32,70.0,431.0,650.0,0.663,True,NBA,Marcus Camby,32.0,DEN,C,70.0,70.0,33.8,4.5,9.4,0.473,0.0,0.0,0.0,4.5,9.4,0.475,0.473,2.3,3.2,0.729,2.3,9.3,11.7,3.2,1.2,3.3,1.7,2.6,11.2
2007,nba dpoy,Bruce Bowen,bowenbr01,35,22.0,206.0,650.0,0.317,False,NBA,Bruce Bowen,35.0,SAS,SF,82.0,82.0,30.0,2.3,5.7,0.405,1.1,2.8,0.384,1.2,2.9,0.426,0.5,0.5,0.9,0.589,0.3,2.4,2.7,1.4,0.8,0.3,0.8,2.1,6.2
2007,nba dpoy,Tim Duncan,duncati01,30,15.0,158.0,650.0,0.243,False,NBA,Tim Duncan,30.0,SAS,C,80.0,80.0,34.1,7.7,14.1,0.546,0.0,0.1,0.111,7.7,14.0,0.55,0.547,4.5,7.1,0.637,2.7,7.9,10.6,3.4,0.8,2.4,2.8,2.5,20.0
2007,nba dpoy,Shawn Marion,mariosh01,28,7.0,93.0,650.0,0.143,False,NBA,Shawn Marion,28.0,PHO,SF,80.0,80.0,37.6,7.0,13.4,0.524,1.0,3.2,0.317,6.0,10.2,0.587,0.561,2.5,3.1,0.81,2.2,7.7,9.8,1.7,2.0,1.5,1.4,2.7,17.5
2007,nba dpoy,Shane Battier,battish01,28,7.0,86.0,650.0,0.132,False,NBA,Shane Battier,28.0,HOU,SF,82.0,82.0,36.4,3.6,8.0,0.446,1.9,4.5,0.421,1.6,3.4,0.48,0.567,1.1,1.4,0.779,0.8,3.3,4.1,2.1,1.0,0.7,0.9,2.3,10.1
2007,nba dpoy,Ben Wallace,wallabe01,32,1.0,42.0,650.0,0.065,False,NBA,Ben Wallace,32.0,CHI,C,77.0,77.0,35.0,2.5,5.5,0.453,0.0,0.1,0.2,2.5,5.4,0.456,0.454,1.4,3.5,0.408,3.9,6.7,10.7,2.4,1.4,2.0,1.3,2.0,6.4
2007,nba dpoy,Gerald Wallace,wallage01,24,3.0,27.0,650.0,0.042,False,NBA,Gerald Wallace,24.0,CHA,SF,72.0,71.0,36.7,6.6,13.2,0.502,0.5,1.7,0.325,6.1,11.6,0.528,0.523,4.3,6.2,0.691,2.0,5.2,7.2,2.6,2.0,1.0,2.2,2.9,18.1
2007,nba dpoy,Metta World Peace,artesro01,27,1.0,20.0,650.0,0.031,False,NBA,Metta World Peace,27.0,SAC,SF,70.0,65.0,37.7,6.5,14.9,0.44,1.3,3.7,0.358,5.2,11.1,0.468,0.485,4.4,5.9,0.74,1.5,5.0,6.5,3.4,2.1,0.6,2.1,2.9,18.8
2007,nba dpoy,Tyson Chandler,chandty01,24,0.0,15.0,650.0,0.023,False,NBA,Tyson Chandler,24.0,NOK,C,73.0,73.0,34.6,4.0,6.4,0.624,0.0,0.0,0.0,4.0,6.4,0.625,0.624,1.5,2.8,0.527,4.4,8.0,12.4,0.9,0.5,1.8,1.7,3.3,9.5
2007,nba dpoy,Jermaine O'Neal,onealje01,28,1.0,11.0,650.0,0.017,False,NBA,Jermaine O'Neal,28.0,IND,C,69.0,69.0,35.6,7.2,16.5,0.436,0.0,0.1,0.0,7.2,16.4,0.439,0.436,5.0,6.5,0.767,2.2,7.4,9.6,2.4,0.7,2.6,2.9,3.4,19.4
2007,nba dpoy,Emeka Okafor,okafoem01,24,0.0,10.0,650.0,0.015,False,NBA,Emeka Okafor,24.0,CHA,C,67.0,65.0,34.8,5.9,11.0,0.532,0.0,0.0,,5.9,11.0,0.532,0.532,2.6,4.4,0.593,3.9,7.4,11.3,1.2,0.9,2.6,1.7,3.1,14.4
2007,nba dpoy,Tayshaun Prince,princta01,26,0.0,10.0,650.0,0.015,False,NBA,Tayshaun Prince,26.0,DET,SF,82.0,82.0,36.6,5.6,12.2,0.46,1.0,2.6,0.386,4.6,9.6,0.48,0.501,2.1,2.7,0.768,1.8,3.5,5.2,2.8,0.6,0.7,1.2,1.4,14.3
2007,nba dpoy,Kevin Garnett,garneke01,30,0.0,7.0,650.0,0.011,False,NBA,Kevin Garnett,30.0,MIN,PF,76.0,76.0,39.4,8.4,17.6,0.476,0.2,0.7,0.214,8.2,16.9,0.487,0.48,5.5,6.6,0.835,2.4,10.4,12.8,4.1,1.2,1.7,2.7,2.4,22.4
2007,nba dpoy,Kirk Hinrich,hinriki01,26,0.0,7.0,650.0,0.011,False,NBA,Kirk Hinrich,26.0,CHI,PG,80.0,80.0,35.5,5.9,13.3,0.448,1.8,4.2,0.415,4.2,9.1,0.463,0.514,3.0,3.6,0.835,0.4,3.0,3.4,6.3,1.3,0.3,2.4,3.4,16.6
2007,nba dpoy,Andrei Kirilenko,kirilan01,25,0.0,7.0,650.0,0.011,False,NBA,Andrei Kirilenko,25.0,UTA,SF,70.0,70.0,29.3,2.8,6.0,0.471,0.2,1.1,0.213,2.6,4.9,0.528,0.49,2.5,3.4,0.728,1.3,3.4,4.7,2.9,1.1,2.1,1.9,2.5,8.3
2007,nba dpoy,Dwight Howard,howardw01,21,1.0,6.0,650.0,0.009,False,NBA,Dwight Howard,21.0,ORL,C,82.0,82.0,36.9,6.4,10.6,0.603,0.0,0.0,0.5,6.4,10.6,0.603,0.603,4.8,8.1,0.586,3.5,8.8,12.3,1.9,0.9,1.9,3.9,3.0,17.6
2007,nba dpoy,Quinton Ross,rossqu01,25,1.0,6.0,650.0,0.009,False,NBA,Quinton Ross,25.0,LAC,SG,81.0,43.0,21.0,2.2,4.7,0.467,0.0,0.1,0.2,2.2,4.6,0.474,0.47,0.8,1.1,0.782,0.7,1.6,2.3,1.1,0.9,0.4,0.4,2.2,5.2
2007,nba dpoy,Udonis Haslem,hasleud01,26,1.0,5.0,650.0,0.008,False,NBA,Udonis Haslem,26.0,MIA,PF,79.0,79.0,31.4,4.5,9.1,0.492,0.0,0.1,0.0,4.5,9.0,0.495,0.492,1.7,2.6,0.68,2.4,5.9,8.3,1.2,0.6,0.3,1.4,3.0,10.7
2007,nba dpoy,Josh Howard,howarjo01,26,0.0,5.0,650.0,0.008,False,NBA,Josh Howard,26.0,DAL,SF,70.0,69.0,35.1,7.0,15.4,0.459,1.3,3.4,0.385,5.7,11.9,0.48,0.501,3.5,4.2,0.827,1.9,4.9,6.8,1.8,1.2,0.8,1.8,2.6,18.9
2007,nba dpoy,Luol Deng,denglu01,21,0.0,4.0,650.0,0.006,False,NBA,Luol Deng,21.0,CHI,SF,82.0,82.0,37.5,7.7,14.9,0.517,0.0,0.1,0.143,7.7,14.8,0.519,0.518,3.4,4.4,0.777,1.8,5.3,7.1,2.5,1.2,0.6,1.9,2.0,18.8
2007,nba dpoy,Caron Butler,butleca01,26,0.0,3.0,650.0,0.005,False,NBA,Caron Butler,26.0,WAS,SF,63.0,63.0,39.3,7.2,15.5,0.463,0.3,1.1,0.25,6.9,14.3,0.48,0.472,4.5,5.2,0.863,2.3,5.1,7.4,3.7,2.1,0.3,2.9,3.0,19.1
2007,nba dpoy,Josh Smith,smithjo03,21,0.0,3.0,650.0,0.005,False,NBA,Josh Smith,21.0,ATL,SF,72.0,72.0,36.8,6.1,13.8,0.439,0.5,2.1,0.25,5.5,11.7,0.473,0.458,3.7,5.4,0.693,2.3,6.3,8.6,3.3,1.4,2.9,3.2,3.3,16.4
2007,nba dpoy,Raja Bell,bellra01,30,0.0,2.0,650.0,0.003,False,NBA,Raja Bell,30.0,PHO,SG,78.0,78.0,37.4,5.3,12.2,0.432,2.6,6.4,0.413,2.6,5.8,0.452,0.539,1.5,1.9,0.776,0.6,2.6,3.2,2.5,0.6,0.3,1.1,3.0,14.7
2007,nba dpoy,Kobe Bryant,bryanko01,28,0.0,1.0,650.0,0.002,False,NBA,Kobe Bryant,28.0,LAL,SG,77.0,77.0,40.8,10.6,22.8,0.463,1.8,5.2,0.344,8.8,17.6,0.497,0.502,8.7,10.0,0.868,1.0,4.7,5.7,5.4,1.4,0.5,3.3,2.7,31.6
2007,nba dpoy,Devin Harris,harride01,23,0.0,1.0,650.0,0.002,False,NBA,Devin Harris,23.0,DAL,PG,80.0,61.0,26.0,3.7,7.4,0.492,0.2,0.6,0.28,3.5,6.8,0.512,0.504,2.7,3.3,0.824,0.6,1.9,2.5,3.7,1.2,0.3,1.8,3.0,10.2
2007,nba dpoy,Andre Iguodala,iguodan01,23,0.0,1.0,650.0,0.002,False,NBA,Andre Iguodala,23.0,PHI,SG,76.0,76.0,40.3,5.8,13.0,0.447,0.6,2.0,0.31,5.2,11.0,0.472,0.471,5.9,7.3,0.82,1.0,4.7,5.7,5.7,2.0,0.4,3.4,2.6,18.2
2007,nba dpoy,Yao Ming,mingya01,26,0.0,1.0,650.0,0.002,False,NBA,Yao Ming,26.0,HOU,C,48.0,48.0,33.8,8.8,17.1,0.516,0.0,0.0,0.0,8.8,17.0,0.518,0.516,7.4,8.6,0.862,2.1,7.3,9.4,2.0,0.4,2.0,3.5,3.3,25.0
2007,nba dpoy,Alonzo Mourning,mournal01,36,0.0,1.0,650.0,0.002,False,NBA,Alonzo Mourning,36.0,MIA,C,77.0,43.0,20.4,3.1,5.5,0.56,0.0,0.0,,3.1,5.5,0.56,0.56,2.4,4.0,0.601,1.6,2.9,4.5,0.2,0.2,2.3,1.7,2.8,8.6
2007,nba dpoy,Anthony Parker,parkean01,31,0.0,1.0,650.0,0.002,False,NBA,Anthony Parker,31.0,TOR,SG,73.0,73.0,33.4,4.5,9.4,0.477,1.6,3.6,0.441,2.9,5.8,0.5,0.561,1.8,2.2,0.835,0.8,3.1,3.9,2.1,1.0,0.2,1.0,1.8,12.4
2007,nba mip,Monta Ellis,ellismo01,21,47.0,352.0,645.0,0.546,True,NBA,Monta Ellis,21.0,GSW,SG,77.0,53.0,34.3,6.2,13.1,0.475,0.5,1.9,0.273,5.7,11.3,0.509,0.495,3.5,4.6,0.763,0.8,2.4,3.2,4.1,1.7,0.3,2.9,2.7,16.5
2007,nba mip,Kevin Martin,martike02,23,44.0,349.0,645.0,0.541,False,NBA,Kevin Martin,23.0,SAC,SG,80.0,80.0,35.2,6.3,13.3,0.473,1.6,4.2,0.381,4.7,9.2,0.515,0.533,6.0,7.1,0.844,0.9,3.4,4.3,2.2,1.2,0.1,1.7,2.3,20.2
2007,nba mip,Deron Williams,willide01,22,13.0,101.0,645.0,0.157,False,NBA,Deron Williams,22.0,UTA,PG,80.0,80.0,36.9,6.2,13.5,0.456,1.0,3.2,0.322,5.2,10.4,0.498,0.494,2.8,3.7,0.767,0.5,2.8,3.3,9.3,1.0,0.2,3.1,3.2,16.2
2007,nba mip,Tyson Chandler,chandty01,24,6.0,72.0,645.0,0.112,False,NBA,Tyson Chandler,24.0,NOK,C,73.0,73.0,34.6,4.0,6.4,0.624,0.0,0.0,0.0,4.0,6.4,0.625,0.624,1.5,2.8,0.527,4.4,8.0,12.4,0.9,0.5,1.8,1.7,3.3,9.5
2007,nba mip,Andris Biedriņš,biedran01,20,8.0,64.0,645.0,0.099,False,NBA,Andris Biedriņš,20.0,GSW,C,82.0,63.0,29.0,4.2,7.1,0.599,0.0,0.0,,4.2,7.1,0.599,0.599,1.1,2.0,0.521,3.1,6.2,9.3,1.1,0.8,1.7,1.5,3.7,9.5
2007,nba mip,Al Jefferson,jeffeal01,22,2.0,62.0,645.0,0.096,False,NBA,Al Jefferson,22.0,BOS,C,69.0,60.0,33.6,6.6,12.8,0.514,0.0,0.0,0.0,6.6,12.8,0.514,0.514,2.9,4.3,0.681,3.4,7.5,11.0,1.3,0.7,1.5,2.0,3.4,16.0
2007,nba mip,Luol Deng,denglu01,21,2.0,44.0,645.0,0.068,False,NBA,Luol Deng,21.0,CHI,SF,82.0,82.0,37.5,7.7,14.9,0.517,0.0,0.1,0.143,7.7,14.8,0.519,0.518,3.4,4.4,0.777,1.8,5.3,7.1,2.5,1.2,0.6,1.9,2.0,18.8
2007,nba mip,Leandro Barbosa,barbole01,24,3.0,24.0,645.0,0.037,False,NBA,Leandro Barbosa,24.0,PHO,SG,80.0,18.0,32.7,6.6,13.9,0.476,2.4,5.5,0.434,4.2,8.4,0.504,0.562,2.5,2.9,0.845,0.3,2.4,2.7,4.0,1.2,0.2,1.8,2.6,18.1
2007,nba mip,Andre Iguodala,iguodan01,23,1.0,14.0,645.0,0.022,False,NBA,Andre Iguodala,23.0,PHI,SG,76.0,76.0,40.3,5.8,13.0,0.447,0.6,2.0,0.31,5.2,11.0,0.472,0.471,5.9,7.3,0.82,1.0,4.7,5.7,5.7,2.0,0.4,3.4,2.6,18.2
2007,nba mip,David Lee,leeda02,23,0.0,12.0,645.0,0.019,False,NBA,David Lee,23.0,NYK,PF,58.0,12.0,29.8,4.1,6.9,0.6,0.0,0.0,,4.1,6.9,0.6,0.6,2.4,3.0,0.815,3.4,7.0,10.4,1.8,0.8,0.4,1.6,2.7,10.7
2007,nba mip,Jason Kapono,kaponja01,25,0.0,10.0,645.0,0.016,False,NBA,Jason Kapono,25.0,MIA,SF,67.0,35.0,26.4,4.1,8.4,0.494,1.6,3.1,0.514,2.5,5.3,0.482,0.59,1.0,1.1,0.892,0.4,2.3,2.7,1.2,0.6,0.0,1.0,2.0,10.9
2007,nba mip,Josh Howard,howarjo01,26,1.0,9.0,645.0,0.014,False,NBA,Josh Howard,26.0,DAL,SF,70.0,69.0,35.1,7.0,15.4,0.459,1.3,3.4,0.385,5.7,11.9,0.48,0.501,3.5,4.2,0.827,1.9,4.9,6.8,1.8,1.2,0.8,1.8,2.6,18.9
2007,nba mip,Mikki Moore,mooremi01,31,0.0,9.0,645.0,0.014,False,NBA,Mikki Moore,31.0,NJN,C,79.0,55.0,26.4,3.9,6.4,0.609,0.0,0.0,0.0,3.9,6.4,0.61,0.609,2.0,3.0,0.681,1.8,3.3,5.1,0.9,0.6,0.8,1.4,3.3,9.8
2007,nba mip,Carlos Boozer,boozeca01,25,1.0,8.0,645.0,0.012,False,NBA,Carlos Boozer,25.0,UTA,PF,74.0,74.0,34.6,8.7,15.6,0.561,0.0,0.0,,8.7,15.6,0.561,0.561,3.4,5.0,0.685,3.2,8.5,11.7,3.0,0.9,0.3,2.6,2.9,20.9
2007,nba mip,José Calderón,caldejo01,25,0.0,6.0,645.0,0.009,False,NBA,José Calderón,25.0,TOR,PG,77.0,11.0,21.0,3.4,6.6,0.521,0.3,1.0,0.333,3.1,5.6,0.553,0.546,1.5,1.9,0.818,0.3,1.5,1.7,5.0,0.8,0.1,1.4,1.8,8.7
2007,nba mip,Amar'e Stoudemire,stoudam01,24,1.0,5.0,645.0,0.008,False,NBA,Amar'e Stoudemire,24.0,PHO,C,82.0,78.0,32.8,7.4,12.9,0.575,0.0,0.0,0.0,7.4,12.8,0.577,0.575,5.6,7.1,0.781,2.7,6.9,9.6,1.0,1.0,1.3,2.8,3.6,20.4
2007,nba mip,Matt Carroll,carroma01,26,0.0,3.0,645.0,0.005,False,NBA,Matt Carroll,26.0,CHA,SG,72.0,47.0,26.1,4.0,9.1,0.433,1.5,3.7,0.416,2.4,5.4,0.445,0.517,2.6,2.9,0.904,0.5,2.4,2.9,1.3,0.7,0.1,1.0,2.4,12.1
2007,nba mip,Eddy Curry,curryed01,24,0.0,3.0,645.0,0.005,False,NBA,Eddy Curry,24.0,NYK,C,81.0,81.0,35.2,7.2,12.5,0.576,0.0,0.0,1.0,7.2,12.5,0.575,0.576,5.0,8.1,0.615,2.4,4.6,7.0,0.8,0.4,0.5,3.6,3.3,19.5
2007,nba mip,Boštjan Nachbar,nachbbo01,26,0.0,3.0,645.0,0.005,False,NBA,Boštjan Nachbar,26.0,NJN,SF,76.0,1.0,20.2,3.0,6.5,0.457,1.5,3.5,0.423,1.5,3.0,0.496,0.57,1.7,2.2,0.805,0.4,3.0,3.3,0.8,0.4,0.3,0.9,2.4,9.2
2007,nba mip,Caron Butler,butleca01,26,0.0,2.0,645.0,0.003,False,NBA,Caron Butler,26.0,WAS,SF,63.0,63.0,39.3,7.2,15.5,0.463,0.3,1.1,0.25,6.9,14.3,0.48,0.472,4.5,5.2,0.863,2.3,5.1,7.4,3.7,2.1,0.3,2.9,3.0,19.1
2007,nba mip,Andrew Bynum,bynuman01,19,0.0,1.0,645.0,0.002,False,NBA,Andrew Bynum,19.0,LAL,C,82.0,53.0,21.9,3.0,5.4,0.558,0.0,0.0,0.0,3.0,5.4,0.561,0.558,1.7,2.6,0.668,1.7,4.2,5.9,1.1,0.1,1.6,1.4,3.0,7.8
2007,nba mip,Ben Gordon,gordobe01,23,0.0,1.0,645.0,0.002,False,NBA,Ben Gordon,23.0,CHI,SG,82.0,51.0,33.0,7.4,16.3,0.455,1.9,4.6,0.413,5.5,11.7,0.471,0.513,4.6,5.4,0.864,0.4,2.7,3.1,3.6,0.8,0.2,3.0,3.1,21.4
2007,nba mip,Nenê,hilarne01,24,0.0,1.0,645.0,0.002,False,NBA,Nenê,24.0,DEN,C,64.0,42.0,26.8,4.6,8.1,0.57,0.0,0.0,0.0,4.6,8.0,0.571,0.57,3.0,4.4,0.689,2.3,4.7,7.0,1.2,1.0,0.9,2.0,3.3,12.2
2007,nba mip,Dwight Howard,howardw01,21,0.0,1.0,645.0,0.002,False,NBA,Dwight Howard,21.0,ORL,C,82.0,82.0,36.9,6.4,10.6,0.603,0.0,0.0,0.5,6.4,10.6,0.603,0.603,4.8,8.1,0.586,3.5,8.8,12.3,1.9,0.9,1.9,3.9,3.0,17.6
2007,nba mip,Sasha Pavlović,pavloal01,23,0.0,1.0,645.0,0.002,False,NBA,Sasha Pavlović,23.0,CLE,SG,67.0,28.0,22.9,3.3,7.3,0.453,0.9,2.2,0.405,2.4,5.1,0.474,0.514,1.5,1.9,0.794,0.3,2.0,2.4,1.6,0.8,0.3,1.5,2.2,9.0
2007,nba mip,Josh Smith,smithjo03,21,0.0,1.0,645.0,0.002,False,NBA,Josh Smith,21.0,ATL,SF,72.0,72.0,36.8,6.1,13.8,0.439,0.5,2.1,0.25,5.5,11.7,0.473,0.458,3.7,5.4,0.693,2.3,6.3,8.6,3.3,1.4,2.9,3.2,3.3,16.4
2007,nba mip,Gerald Wallace,wallage01,24,0.0,1.0,645.0,0.002,False,NBA,Gerald Wallace,24.0,CHA,SF,72.0,71.0,36.7,6.6,13.2,0.502,0.5,1.7,0.325,6.1,11.6,0.528,0.523,4.3,6.2,0.691,2.0,5.2,7.2,2.6,2.0,1.0,2.2,2.9,18.1
2007,nba mip,Luke Walton,waltolu01,26,0.0,1.0,645.0,0.002,False,NBA,Luke Walton,26.0,LAL,SF,60.0,60.0,33.0,4.4,9.3,0.474,0.8,2.1,0.387,3.6,7.2,0.499,0.517,1.8,2.4,0.745,1.5,3.6,5.0,4.3,1.0,0.4,2.0,2.0,11.4
2007,nba mip,Chris Wilcox,wilcoch01,24,0.0,1.0,645.0,0.002,False,NBA,Chris Wilcox,24.0,SEA,PF,82.0,81.0,31.5,5.3,10.0,0.529,0.0,0.1,0.0,5.3,9.9,0.533,0.529,2.9,4.3,0.684,2.2,5.5,7.7,1.0,0.9,0.5,1.5,3.0,13.5
2007,nba mvp,Dirk Nowitzki,nowitdi01,28,83.0,1138.0,1290.0,0.882,True,NBA,Dirk Nowitzki,28.0,DAL,PF,78.0,78.0,36.2,8.6,17.2,0.502,0.9,2.2,0.416,7.7,15.0,0.515,0.529,6.4,7.1,0.904,1.6,7.3,8.9,3.4,0.7,0.8,2.1,2.2,24.6
2007,nba mvp,Steve Nash,nashst01,32,44.0,1013.0,1290.0,0.785,False,NBA,Steve Nash,32.0,PHO,PG,76.0,76.0,35.3,6.8,12.8,0.532,2.1,4.5,0.455,4.8,8.3,0.575,0.613,2.9,3.3,0.899,0.4,3.1,3.5,11.6,0.8,0.1,3.8,1.5,18.6
2007,nba mvp,Kobe Bryant,bryanko01,28,2.0,521.0,1290.0,0.404,False,NBA,Kobe Bryant,28.0,LAL,SG,77.0,77.0,40.8,10.6,22.8,0.463,1.8,5.2,0.344,8.8,17.6,0.497,0.502,8.7,10.0,0.868,1.0,4.7,5.7,5.4,1.4,0.5,3.3,2.7,31.6
2007,nba mvp,Tim Duncan,duncati01,30,0.0,286.0,1290.0,0.222,False,NBA,Tim Duncan,30.0,SAS,C,80.0,80.0,34.1,7.7,14.1,0.546,0.0,0.1,0.111,7.7,14.0,0.55,0.547,4.5,7.1,0.637,2.7,7.9,10.6,3.4,0.8,2.4,2.8,2.5,20.0
2007,nba mvp,LeBron James,jamesle01,22,0.0,183.0,1290.0,0.142,False,NBA,LeBron James,22.0,CLE,SF,78.0,78.0,40.9,9.9,20.8,0.476,1.3,4.0,0.319,8.6,16.8,0.513,0.507,6.3,9.0,0.698,1.1,5.7,6.7,6.0,1.6,0.7,3.2,2.2,27.3
2007,nba mvp,Tracy McGrady,mcgratr01,27,0.0,110.0,1290.0,0.085,False,NBA,Tracy McGrady,27.0,HOU,SG,71.0,71.0,35.8,9.0,20.8,0.431,1.8,5.4,0.331,7.2,15.5,0.466,0.474,4.9,6.9,0.707,0.8,4.5,5.3,6.5,1.3,0.5,3.0,1.9,24.6
2007,nba mvp,Chris Bosh,boshch01,22,0.0,43.0,1290.0,0.033,False,NBA,Chris Bosh,22.0,TOR,C,69.0,69.0,38.5,7.9,15.9,0.496,0.2,0.5,0.343,7.7,15.3,0.501,0.502,6.7,8.6,0.785,2.7,8.0,10.7,2.5,0.6,1.3,2.6,2.4,22.6
2007,nba mvp,Gilbert Arenas,arenagi01,25,0.0,31.0,1290.0,0.024,False,NBA,Gilbert Arenas,25.0,WAS,PG,74.0,73.0,39.8,8.7,20.9,0.418,2.8,7.9,0.351,6.0,13.0,0.459,0.484,8.2,9.7,0.844,0.8,3.7,4.6,6.0,1.9,0.2,3.2,3.4,28.4
2007,nba mvp,Carlos Boozer,boozeca01,25,0.0,7.0,1290.0,0.005,False,NBA,Carlos Boozer,25.0,UTA,PF,74.0,74.0,34.6,8.7,15.6,0.561,0.0,0.0,,8.7,15.6,0.561,0.561,3.4,5.0,0.685,3.2,8.5,11.7,3.0,0.9,0.3,2.6,2.9,20.9
2007,nba mvp,Kevin Garnett,garneke01,30,0.0,7.0,1290.0,0.005,False,NBA,Kevin Garnett,30.0,MIN,PF,76.0,76.0,39.4,8.4,17.6,0.476,0.2,0.7,0.214,8.2,16.9,0.487,0.48,5.5,6.6,0.835,2.4,10.4,12.8,4.1,1.2,1.7,2.7,2.4,22.4
2007,nba mvp,Chauncey Billups,billuch01,30,0.0,4.0,1290.0,0.003,False,NBA,Chauncey Billups,30.0,DET,PG,70.0,70.0,36.2,5.0,11.6,0.427,1.6,4.5,0.345,3.4,7.1,0.479,0.494,5.5,6.2,0.883,0.3,3.1,3.4,7.2,1.2,0.2,2.0,2.3,17.0
2007,nba mvp,Shaquille O'Neal,onealsh01,34,0.0,3.0,1290.0,0.002,False,NBA,Shaquille O'Neal,34.0,MIA,C,40.0,39.0,28.4,7.1,12.0,0.591,0.0,0.0,,7.1,12.0,0.591,0.591,3.1,7.4,0.422,2.4,5.0,7.4,2.0,0.2,1.4,2.4,3.5,17.3
2007,nba mvp,Dwyane Wade,wadedw01,25,0.0,3.0,1290.0,0.002,False,NBA,Dwyane Wade,25.0,MIA,SG,51.0,50.0,37.9,9.3,18.9,0.491,0.4,1.5,0.266,8.8,17.3,0.511,0.502,8.5,10.5,0.807,1.0,3.7,4.7,7.5,2.1,1.2,4.2,2.3,27.4
2007,nba mvp,Amar'e Stoudemire,stoudam01,24,0.0,2.0,1290.0,0.002,False,NBA,Amar'e Stoudemire,24.0,PHO,C,82.0,78.0,32.8,7.4,12.9,0.575,0.0,0.0,0.0,7.4,12.8,0.577,0.575,5.6,7.1,0.781,2.7,6.9,9.6,1.0,1.0,1.3,2.8,3.6,20.4
2007,nba mvp,Carmelo Anthony,anthoca01,22,0.0,1.0,1290.0,0.001,False,NBA,Carmelo Anthony,22.0,DEN,SF,65.0,65.0,38.2,10.6,22.4,0.476,0.6,2.3,0.268,10.0,20.1,0.499,0.489,7.1,8.7,0.808,2.2,3.8,6.0,3.8,1.2,0.4,3.6,3.1,28.9
2007,nba mvp,Baron Davis,davisba01,27,0.0,1.0,1290.0,0.001,False,NBA,Baron Davis,27.0,GSW,PG,63.0,62.0,35.3,7.2,16.3,0.439,1.3,4.4,0.304,5.8,11.9,0.489,0.48,4.4,5.9,0.745,0.8,3.6,4.4,8.1,2.1,0.5,3.1,2.9,20.1
2007,nba mvp,Tony Parker,parketo01,24,0.0,1.0,1290.0,0.001,False,NBA,Tony Parker,24.0,SAS,PG,77.0,77.0,32.5,7.4,14.2,0.52,0.2,0.5,0.395,7.2,13.7,0.525,0.527,3.6,4.5,0.783,0.4,2.8,3.2,5.5,1.1,0.1,2.5,1.8,18.6
2007,nba roy,Brandon Roy,roybr01,22,127.0,638.0,640.0,0.997,True,NBA,Brandon Roy,22.0,POR,SG,57.0,55.0,35.4,6.1,13.4,0.456,1.0,2.6,0.377,5.2,10.9,0.475,0.492,3.5,4.2,0.838,1.0,3.4,4.4,4.0,1.2,0.2,2.0,2.4,16.8
2007,nba roy,Andrea Bargnani,bargnan01,21,1.0,264.0,640.0,0.413,False,NBA,Andrea Bargnani,21.0,TOR,PF,65.0,2.0,25.1,4.1,9.6,0.427,1.5,4.1,0.373,2.6,5.5,0.468,0.507,1.8,2.2,0.824,0.8,3.1,3.9,0.8,0.5,0.8,1.6,2.8,11.6
2007,nba roy,Rudy Gay,gayru01,20,0.0,93.0,640.0,0.145,False,NBA,Rudy Gay,20.0,MEM,SF,78.0,43.0,27.0,4.1,9.7,0.422,0.7,1.8,0.364,3.4,7.9,0.436,0.457,1.9,2.7,0.727,1.2,3.3,4.5,1.3,0.9,0.9,1.8,2.5,10.8
2007,nba roy,Adam Morrison,morriad01,22,0.0,44.0,640.0,0.069,False,NBA,Adam Morrison,22.0,CHA,PF,78.0,23.0,29.8,4.6,12.1,0.376,1.1,3.3,0.337,3.4,8.8,0.391,0.422,1.5,2.2,0.71,0.7,2.3,2.9,2.1,0.4,0.1,1.7,2.3,11.8
2007,nba roy,Randy Foye,foyera01,23,0.0,37.0,640.0,0.058,False,NBA,Randy Foye,23.0,MIN,PG,82.0,12.0,22.9,3.7,8.4,0.434,0.8,2.3,0.368,2.8,6.2,0.458,0.483,2.0,2.3,0.854,0.6,2.1,2.7,2.8,0.6,0.3,1.9,2.2,10.1
2007,nba roy,Paul Millsap,millspa01,21,0.0,19.0,640.0,0.03,False,NBA,Paul Millsap,21.0,UTA,PF,82.0,1.0,18.0,2.5,4.9,0.525,0.0,0.0,0.333,2.5,4.8,0.527,0.526,1.7,2.5,0.673,2.2,2.9,5.2,0.8,0.8,0.9,1.1,2.9,6.8
2007,nba roy,LaMarcus Aldridge,aldrila01,21,0.0,18.0,640.0,0.028,False,NBA,LaMarcus Aldridge,21.0,POR,C,63.0,22.0,22.1,3.8,7.6,0.503,0.0,0.0,0.0,3.8,7.6,0.505,0.503,1.3,1.8,0.722,2.3,2.7,5.0,0.4,0.3,1.2,0.7,3.0,9.0
2007,nba roy,Jorge Garbajosa,garbajo01,29,0.0,17.0,640.0,0.027,False,NBA,Jorge Garbajosa,29.0,TOR,PF,67.0,60.0,28.5,3.3,7.9,0.42,1.0,2.9,0.342,2.3,5.0,0.464,0.482,0.9,1.2,0.731,0.7,4.2,4.9,1.9,1.2,0.2,1.0,1.3,8.5
2007,nba roy,Tyrus Thomas,thomaty01,20,0.0,10.0,640.0,0.016,False,NBA,Tyrus Thomas,20.0,CHI,PF,72.0,4.0,13.4,1.9,3.9,0.475,0.0,0.0,0.0,1.9,3.9,0.479,0.475,1.5,2.4,0.606,1.2,2.5,3.7,0.6,0.6,1.1,1.3,2.3,5.2
2007,nba roy,Walter Herrmann,herrmwa01,27,0.0,5.0,640.0,0.008,False,NBA,Walter Herrmann,27.0,CHA,PF,48.0,12.0,19.5,3.6,6.9,0.527,1.1,2.4,0.461,2.5,4.5,0.563,0.608,0.9,1.1,0.774,0.6,2.3,2.9,0.5,0.4,0.1,0.7,1.6,9.2
2007,nba roy,Craig Smith,smithcr01,23,0.0,4.0,640.0,0.006,False,NBA,Craig Smith,23.0,MIN,PF,82.0,5.0,18.7,3.0,5.6,0.531,0.0,0.1,0.0,3.0,5.6,0.538,0.531,1.4,2.3,0.624,1.8,3.3,5.1,0.6,0.6,0.2,0.9,2.7,7.4
2007,nba roy,Rajon Rondo,rondora01,20,0.0,3.0,640.0,0.005,False,NBA,Rajon Rondo,20.0,BOS,PG,78.0,25.0,23.5,2.4,5.8,0.418,0.1,0.4,0.207,2.3,5.4,0.432,0.424,1.5,2.4,0.647,0.9,2.8,3.7,3.8,1.6,0.1,1.8,2.3,6.4
2007,nba smoy,Leandro Barbosa,barbole01,24,101.0,578.0,635.0,0.91,True,NBA,Leandro Barbosa,24.0,PHO,SG,80.0,18.0,32.7,6.6,13.9,0.476,2.4,5.5,0.434,4.2,8.4,0.504,0.562,2.5,2.9,0.845,0.3,2.4,2.7,4.0,1.2,0.2,1.8,2.6,18.1
2007,nba smoy,Manu Ginóbili,ginobma01,29,18.0,269.0,635.0,0.424,False,NBA,Manu Ginóbili,29.0,SAS,SG,75.0,36.0,27.5,5.3,11.4,0.464,1.7,4.3,0.396,3.6,7.1,0.505,0.539,4.3,5.0,0.86,0.8,3.6,4.4,3.5,1.5,0.4,2.1,2.1,16.5
2007,nba smoy,Jerry Stackhouse,stackje01,32,7.0,210.0,635.0,0.331,False,NBA,Jerry Stackhouse,32.0,DAL,SF,67.0,8.0,24.1,4.2,9.8,0.428,0.9,2.4,0.383,3.3,7.3,0.443,0.476,2.7,3.2,0.847,0.6,1.6,2.2,2.8,0.8,0.1,1.7,1.2,12.0
2007,nba smoy,David Lee,leeda02,23,0.0,22.0,635.0,0.035,False,NBA,David Lee,23.0,NYK,PF,58.0,12.0,29.8,4.1,6.9,0.6,0.0,0.0,,4.1,6.9,0.6,0.6,2.4,3.0,0.815,3.4,7.0,10.4,1.8,0.8,0.4,1.6,2.7,10.7
2007,nba smoy,Kyle Korver,korveky01,25,1.0,19.0,635.0,0.03,False,NBA,Kyle Korver,25.0,PHI,SF,74.0,1.0,30.9,5.0,11.4,0.44,1.8,4.1,0.43,3.2,7.3,0.446,0.518,2.6,2.8,0.914,0.4,3.1,3.5,1.4,0.8,0.3,1.6,2.5,14.4
2007,nba smoy,Antonio McDyess,mcdyean01,32,0.0,17.0,635.0,0.027,False,NBA,Antonio McDyess,32.0,DET,PF,82.0,3.0,21.1,3.5,6.6,0.526,0.0,0.0,,3.5,6.6,0.526,0.526,1.2,1.7,0.691,2.0,4.0,6.0,0.9,0.7,0.8,0.9,2.9,8.1
2007,nba smoy,Corey Maggette,maggeco01,27,0.0,6.0,635.0,0.009,False,NBA,Corey Maggette,27.0,LAC,SF,75.0,31.0,30.5,4.9,10.8,0.454,0.2,0.9,0.2,4.7,9.9,0.476,0.462,6.9,8.4,0.82,1.2,4.7,5.9,2.8,0.9,0.2,2.7,3.3,16.9
2007,nba smoy,Chucky Atkins,atkinch01,32,0.0,4.0,635.0,0.006,False,NBA,Chucky Atkins,32.0,MEM,PG,75.0,23.0,27.5,4.1,9.5,0.434,1.5,4.1,0.379,2.6,5.5,0.474,0.515,3.4,4.1,0.81,0.2,1.6,1.9,4.6,0.7,0.1,1.7,1.8,13.2
2007,nba smoy,Matt Harpring,harprma01,30,0.0,4.0,635.0,0.006,False,NBA,Matt Harpring,30.0,UTA,SF,77.0,2.0,25.5,4.2,8.5,0.491,0.2,0.5,0.333,4.0,8.0,0.501,0.501,3.1,4.0,0.767,1.5,3.1,4.6,1.3,0.7,0.1,1.5,3.0,11.6
2007,nba smoy,Luther Head,headlu01,24,0.0,4.0,635.0,0.006,False,NBA,Luther Head,24.0,HOU,SG,80.0,10.0,27.6,3.8,8.8,0.437,2.2,5.0,0.441,1.6,3.7,0.431,0.564,1.0,1.3,0.79,0.4,2.8,3.2,2.4,1.0,0.1,1.7,1.7,10.9
2007,nba smoy,José Calderón,caldejo01,25,0.0,3.0,635.0,0.005,False,NBA,José Calderón,25.0,TOR,PG,77.0,11.0,21.0,3.4,6.6,0.521,0.3,1.0,0.333,3.1,5.6,0.553,0.546,1.5,1.9,0.818,0.3,1.5,1.7,5.0,0.8,0.1,1.4,1.8,8.7
2007,nba smoy,Josh Childress,childjo01,23,0.0,3.0,635.0,0.005,False,NBA,Josh Childress,23.0,ATL,SG,55.0,13.0,36.8,4.7,9.4,0.504,0.5,1.4,0.338,4.3,8.0,0.533,0.529,3.0,3.8,0.795,2.2,3.9,6.2,2.3,1.1,0.7,1.5,2.1,13.0
2007,nba smoy,Chris Duhon,duhonch01,24,0.0,3.0,635.0,0.005,False,NBA,Chris Duhon,24.0,CHI,PG,78.0,30.0,24.4,2.5,6.2,0.408,1.1,3.1,0.359,1.4,3.1,0.458,0.499,1.0,1.3,0.752,0.3,1.9,2.2,4.0,0.9,0.1,1.3,1.9,7.2
2007,nba smoy,J.R. Smith,smithjr01,21,0.0,1.0,635.0,0.002,False,NBA,J.R. Smith,21.0,DEN,SG,63.0,24.0,23.3,4.5,10.2,0.441,2.4,6.1,0.39,2.1,4.2,0.515,0.557,1.6,2.0,0.81,0.5,1.8,2.3,1.4,0.8,0.1,1.3,2.3,13.0
2006,nba dpoy,Ben Wallace,wallabe01,31,58.0,420.0,620.0,0.677,True,NBA,Ben Wallace,31.0,DET,C,82.0,82.0,35.2,2.9,5.7,0.51,0.0,0.0,0.0,2.9,5.6,0.514,0.51,1.5,3.6,0.416,3.7,7.6,11.3,1.9,1.8,2.2,1.1,2.0,7.3
2006,nba dpoy,Bruce Bowen,bowenbr01,34,38.0,308.0,620.0,0.497,False,NBA,Bruce Bowen,34.0,SAS,SF,82.0,82.0,33.6,2.8,6.5,0.433,1.3,3.0,0.424,1.6,3.5,0.44,0.53,0.6,1.0,0.607,0.4,3.5,3.9,1.5,1.0,0.4,0.8,2.3,7.5
2006,nba dpoy,Andrei Kirilenko,kirilan01,24,12.0,121.0,620.0,0.195,False,NBA,Andrei Kirilenko,24.0,UTA,SF,69.0,63.0,37.7,4.9,10.6,0.46,0.5,1.7,0.308,4.3,8.9,0.489,0.485,5.0,7.2,0.699,2.3,5.7,8.0,4.3,1.5,3.2,2.9,2.3,15.3
2006,nba dpoy,Metta World Peace,artesro01,26,6.0,65.0,620.0,0.105,False,NBA,Metta World Peace,26.0,2TM,SF,56.0,56.0,39.4,6.3,15.5,0.404,1.4,4.5,0.308,4.9,11.0,0.443,0.449,3.7,5.4,0.675,1.3,3.8,5.1,3.6,2.2,0.7,2.3,2.9,17.6
2006,nba dpoy,Marcus Camby,cambyma01,31,3.0,55.0,620.0,0.089,False,NBA,Marcus Camby,31.0,DEN,C,56.0,54.0,33.2,5.4,11.6,0.465,0.0,0.2,0.091,5.4,11.4,0.472,0.466,2.0,2.8,0.712,2.4,9.6,11.9,2.1,1.4,3.3,1.6,2.8,12.8
2006,nba dpoy,Tim Duncan,duncati01,29,3.0,42.0,620.0,0.068,False,NBA,Tim Duncan,29.0,SAS,PF,80.0,80.0,34.8,7.2,14.8,0.484,0.0,0.1,0.4,7.2,14.8,0.485,0.485,4.2,6.7,0.629,2.9,8.1,11.0,3.2,0.9,2.0,2.5,2.7,18.6
2006,nba dpoy,Shawn Marion,mariosh01,27,0.0,33.0,620.0,0.053,False,NBA,Shawn Marion,27.0,PHO,PF,81.0,81.0,40.3,8.8,16.9,0.525,1.2,3.6,0.331,7.7,13.3,0.577,0.56,3.0,3.7,0.809,3.1,8.8,11.8,1.8,2.0,1.7,1.5,2.8,21.8
2006,nba dpoy,Alonzo Mourning,mournal01,35,4.0,29.0,620.0,0.047,False,NBA,Alonzo Mourning,35.0,MIA,C,65.0,20.0,20.0,2.9,4.8,0.597,0.0,0.0,0.0,2.9,4.8,0.599,0.597,2.0,3.4,0.594,1.9,3.6,5.5,0.2,0.2,2.7,1.2,2.7,7.8
2006,nba dpoy,Gerald Wallace,wallage01,23,0.0,27.0,620.0,0.044,False,NBA,Gerald Wallace,23.0,CHA,SF,55.0,52.0,34.5,5.8,10.7,0.538,0.3,0.9,0.28,5.5,9.8,0.562,0.55,3.4,5.6,0.614,2.2,5.3,7.5,1.7,2.5,2.1,1.8,2.7,15.2
2006,nba dpoy,Shane Battier,battish01,27,0.0,3.0,620.0,0.005,False,NBA,Shane Battier,27.0,MEM,SF,81.0,81.0,35.0,3.7,7.7,0.488,0.8,2.0,0.394,2.9,5.6,0.522,0.54,1.8,2.6,0.707,2.0,3.3,5.3,1.7,1.1,1.4,1.1,2.8,10.1
2006,nba dpoy,Elton Brand,brandel01,26,0.0,3.0,620.0,0.005,False,NBA,Elton Brand,26.0,LAC,PF,79.0,79.0,39.2,9.6,18.2,0.527,0.0,0.0,0.333,9.6,18.1,0.527,0.527,5.6,7.2,0.775,3.0,7.0,10.0,2.6,1.0,2.5,2.2,2.9,24.7
2006,nba dpoy,Andre Iguodala,iguodan01,22,0.0,2.0,620.0,0.003,False,NBA,Andre Iguodala,22.0,PHI,SF,82.0,82.0,37.6,4.2,8.4,0.5,0.7,1.9,0.354,3.5,6.5,0.543,0.541,3.2,4.3,0.754,1.4,4.4,5.9,3.1,1.6,0.3,1.9,2.4,12.3
2006,nba dpoy,Raja Bell,bellra01,29,0.0,1.0,620.0,0.002,False,NBA,Raja Bell,29.0,PHO,SG,79.0,79.0,37.5,5.4,11.8,0.457,2.5,5.6,0.442,2.9,6.1,0.471,0.563,1.5,1.8,0.788,0.6,2.6,3.2,2.6,1.0,0.3,1.1,3.1,14.7
2006,nba dpoy,P.J. Brown,brownpj01,36,0.0,1.0,620.0,0.002,False,NBA,P.J. Brown,36.0,NOK,C,75.0,73.0,31.7,3.6,7.8,0.461,0.0,0.0,,3.6,7.8,0.461,0.461,1.9,2.2,0.827,2.4,4.9,7.3,1.2,0.6,0.7,1.2,2.9,9.0
2006,nba dpoy,Kevin Garnett,garneke01,29,0.0,1.0,620.0,0.002,False,NBA,Kevin Garnett,29.0,MIN,PF,76.0,76.0,38.9,8.2,15.7,0.526,0.1,0.4,0.267,8.1,15.3,0.532,0.529,5.2,6.4,0.81,2.8,9.9,12.7,4.1,1.4,1.4,2.4,2.7,21.8
2006,nba dpoy,Eddie Jones,jonesed02,34,0.0,1.0,620.0,0.002,False,NBA,Eddie Jones,34.0,MEM,SG,75.0,75.0,32.5,3.9,9.6,0.404,1.8,5.0,0.356,2.1,4.6,0.457,0.497,2.2,2.9,0.781,0.5,3.3,3.7,2.4,1.7,0.4,1.2,2.7,11.8
2006,nba dpoy,Andrés Nocioni,nocioan01,26,0.0,1.0,620.0,0.002,False,NBA,Andrés Nocioni,26.0,CHI,PF,82.0,43.0,27.3,4.7,10.1,0.461,1.1,2.9,0.391,3.5,7.2,0.489,0.517,2.5,3.0,0.843,1.1,5.0,6.1,1.4,0.5,0.6,1.5,3.1,13.0
2006,nba dpoy,James Posey,poseyja01,29,0.0,1.0,620.0,0.002,False,NBA,James Posey,29.0,MIA,SF,67.0,63.0,28.6,2.4,5.9,0.403,1.7,4.3,0.403,0.6,1.6,0.4,0.551,0.7,0.9,0.787,0.5,4.3,4.8,1.3,0.8,0.3,0.9,2.9,7.2
2006,nba dpoy,Tayshaun Prince,princta01,25,0.0,1.0,620.0,0.002,False,NBA,Tayshaun Prince,25.0,DET,SF,82.0,82.0,35.3,5.5,12.2,0.455,0.8,2.2,0.35,4.8,10.0,0.479,0.487,2.2,2.9,0.765,1.3,3.0,4.2,2.3,0.8,0.5,1.1,1.2,14.1
2006,nba dpoy,Rasheed Wallace,wallara01,31,0.0,1.0,620.0,0.002,False,NBA,Rasheed Wallace,31.0,DET,PF,80.0,80.0,34.8,5.7,13.3,0.43,1.9,5.4,0.357,3.8,7.9,0.48,0.503,1.7,2.3,0.743,1.1,5.7,6.8,2.3,1.0,1.6,1.1,2.9,15.1
2006,nba mip,Boris Diaw,diawbo01,23,80.0,489.0,630.0,0.776,True,NBA,Boris Diaw,23.0,PHO,PF,81.0,70.0,35.5,5.5,10.5,0.526,0.1,0.4,0.267,5.4,10.2,0.536,0.531,2.1,2.9,0.731,2.0,4.9,6.9,6.2,0.7,1.0,2.3,3.2,13.3
2006,nba mip,David West,westda01,25,22.0,283.0,630.0,0.449,False,NBA,David West,25.0,NOK,PF,74.0,74.0,34.1,7.2,14.0,0.512,0.0,0.1,0.273,7.1,13.9,0.514,0.513,2.7,3.2,0.843,2.3,5.1,7.4,1.2,0.8,0.9,1.4,2.9,17.1
2006,nba mip,Nenad Krstić,krstine01,22,4.0,65.0,630.0,0.103,False,NBA,Nenad Krstić,22.0,NJN,PF,80.0,80.0,30.9,5.6,11.0,0.507,0.0,0.1,0.25,5.6,11.0,0.509,0.508,2.3,3.3,0.698,2.3,4.1,6.4,1.1,0.4,0.8,1.7,3.7,13.5
2006,nba mip,Gerald Wallace,wallage01,23,3.0,46.0,630.0,0.073,False,NBA,Gerald Wallace,23.0,CHA,SF,55.0,52.0,34.5,5.8,10.7,0.538,0.3,0.9,0.28,5.5,9.8,0.562,0.55,3.4,5.6,0.614,2.2,5.3,7.5,1.7,2.5,2.1,1.8,2.7,15.2
2006,nba mip,Chris Bosh,boshch01,21,3.0,43.0,630.0,0.068,False,NBA,Chris Bosh,21.0,TOR,C,70.0,70.0,39.3,7.8,15.5,0.505,0.0,0.2,0.0,7.8,15.3,0.511,0.505,6.8,8.3,0.816,2.9,6.3,9.2,2.6,0.7,1.1,2.2,3.0,22.5
2006,nba mip,Andrés Nocioni,nocioan01,26,4.0,29.0,630.0,0.046,False,NBA,Andrés Nocioni,26.0,CHI,PF,82.0,43.0,27.3,4.7,10.1,0.461,1.1,2.9,0.391,3.5,7.2,0.489,0.517,2.5,3.0,0.843,1.1,5.0,6.1,1.4,0.5,0.6,1.5,3.1,13.0
2006,nba mip,Tony Parker,parketo01,23,3.0,29.0,630.0,0.046,False,NBA,Tony Parker,23.0,SAS,PG,80.0,80.0,33.9,7.8,14.2,0.548,0.1,0.5,0.306,7.7,13.8,0.556,0.553,3.2,4.5,0.707,0.5,2.8,3.3,5.8,1.0,0.1,3.1,2.0,18.9
2006,nba mip,Mike James,jamesmi01,30,1.0,21.0,630.0,0.033,False,NBA,Mike James,30.0,TOR,PG,79.0,79.0,37.0,7.3,15.5,0.469,2.1,4.8,0.442,5.2,10.7,0.481,0.538,3.6,4.3,0.837,0.6,2.7,3.3,5.8,0.9,0.0,2.6,2.7,20.3
2006,nba mip,Carmelo Anthony,anthoca01,21,2.0,19.0,630.0,0.03,False,NBA,Carmelo Anthony,21.0,DEN,SF,80.0,80.0,36.8,9.5,19.7,0.481,0.5,1.9,0.243,9.0,17.8,0.506,0.493,7.2,8.9,0.808,1.5,3.4,4.9,2.7,1.1,0.5,2.7,2.9,26.5
2006,nba mip,Jameer Nelson,nelsoja01,23,1.0,18.0,630.0,0.029,False,NBA,Jameer Nelson,23.0,ORL,PG,62.0,33.0,28.8,5.6,11.6,0.483,1.1,2.7,0.424,4.5,8.9,0.5,0.531,2.3,2.9,0.779,0.6,2.3,2.9,4.9,1.1,0.1,2.4,2.8,14.6
2006,nba mip,Yao Ming,mingya01,25,2.0,14.0,630.0,0.022,False,NBA,Yao Ming,25.0,HOU,C,57.0,57.0,34.2,8.2,15.8,0.519,0.0,0.0,0.0,8.2,15.8,0.519,0.519,5.9,6.9,0.853,2.6,7.6,10.2,1.5,0.5,1.6,2.6,3.4,22.3
2006,nba mip,Chris Kaman,kamanch01,23,0.0,14.0,630.0,0.022,False,NBA,Chris Kaman,23.0,LAC,C,78.0,78.0,32.8,4.7,9.1,0.523,0.0,0.0,0.0,4.7,9.0,0.524,0.523,2.5,3.2,0.77,2.4,7.2,9.6,1.0,0.6,1.4,2.3,3.4,11.9
2006,nba mip,Elton Brand,brandel01,26,0.0,10.0,630.0,0.016,False,NBA,Elton Brand,26.0,LAC,PF,79.0,79.0,39.2,9.6,18.2,0.527,0.0,0.0,0.333,9.6,18.1,0.527,0.527,5.6,7.2,0.775,3.0,7.0,10.0,2.6,1.0,2.5,2.2,2.9,24.7
2006,nba mip,DeSagana Diop,diopde01,24,1.0,8.0,630.0,0.013,False,NBA,DeSagana Diop,24.0,DAL,C,81.0,45.0,18.6,0.9,1.9,0.487,0.0,0.0,0.5,0.9,1.9,0.487,0.49,0.5,0.9,0.542,1.8,2.8,4.6,0.3,0.5,1.8,0.4,3.1,2.3
2006,nba mip,Smush Parker,parkesm01,24,0.0,8.0,630.0,0.013,False,NBA,Smush Parker,24.0,LAL,PG,82.0,82.0,33.8,4.2,9.5,0.447,1.5,4.0,0.366,2.8,5.5,0.506,0.524,1.5,2.2,0.694,0.5,2.9,3.3,3.7,1.7,0.2,1.8,2.6,11.5
2006,nba mip,Pau Gasol,gasolpa01,25,0.0,6.0,630.0,0.01,False,NBA,Pau Gasol,25.0,MEM,PF,80.0,80.0,39.2,7.5,14.9,0.503,0.0,0.2,0.25,7.5,14.8,0.505,0.504,5.3,7.7,0.689,2.4,6.5,8.9,4.6,0.6,1.9,2.9,2.3,20.4
2006,nba mip,Mehmet Okur,okurme01,26,0.0,6.0,630.0,0.01,False,NBA,Mehmet Okur,26.0,UTA,PF,82.0,82.0,35.9,6.3,13.8,0.46,1.0,2.9,0.342,5.4,10.9,0.491,0.496,4.3,5.5,0.78,2.6,6.5,9.1,2.4,0.5,0.9,2.0,3.5,18.0
2006,nba mip,Dwight Howard,howardw01,20,0.0,5.0,630.0,0.008,False,NBA,Dwight Howard,20.0,ORL,PF,82.0,81.0,36.8,5.7,10.7,0.531,0.0,0.0,0.0,5.7,10.7,0.532,0.531,4.3,7.3,0.595,3.5,9.0,12.5,1.5,0.8,1.4,2.6,3.4,15.8
2006,nba mip,Caron Butler,butleca01,25,0.0,4.0,630.0,0.006,False,NBA,Caron Butler,25.0,WAS,SF,75.0,54.0,36.1,6.6,14.5,0.455,0.5,1.6,0.342,6.0,12.9,0.469,0.474,3.9,4.4,0.87,1.5,4.7,6.2,2.5,1.7,0.2,2.3,3.2,17.6
2006,nba mip,LeBron James,jamesle01,21,0.0,4.0,630.0,0.006,False,NBA,LeBron James,21.0,CLE,SF,79.0,79.0,42.5,11.1,23.1,0.48,1.6,4.8,0.335,9.5,18.3,0.518,0.515,7.6,10.3,0.738,0.9,6.1,7.0,6.6,1.6,0.8,3.3,2.3,31.4
2006,nba mip,Kevin Martin,martike02,22,0.0,2.0,630.0,0.003,False,NBA,Kevin Martin,22.0,SAC,SG,72.0,41.0,26.6,3.6,7.6,0.48,0.9,2.5,0.369,2.7,5.1,0.534,0.54,2.6,3.1,0.847,0.8,2.8,3.6,1.3,0.8,0.1,1.1,1.9,10.8
2006,nba mip,Zaza Pachulia,pachuza01,21,0.0,2.0,630.0,0.003,False,NBA,Zaza Pachulia,21.0,ATL,C,78.0,78.0,31.4,3.9,8.7,0.451,0.0,0.0,0.0,3.9,8.7,0.452,0.451,3.8,5.2,0.735,3.4,4.5,7.9,1.7,1.1,0.5,2.3,3.7,11.7
2006,nba mip,Raja Bell,bellra01,29,0.0,1.0,630.0,0.002,False,NBA,Raja Bell,29.0,PHO,SG,79.0,79.0,37.5,5.4,11.8,0.457,2.5,5.6,0.442,2.9,6.1,0.471,0.563,1.5,1.8,0.788,0.6,2.6,3.2,2.6,1.0,0.3,1.1,3.1,14.7
2006,nba mip,Kobe Bryant,bryanko01,27,0.0,1.0,630.0,0.002,False,NBA,Kobe Bryant,27.0,LAL,SG,80.0,80.0,41.0,12.2,27.2,0.45,2.3,6.5,0.347,10.0,20.7,0.482,0.491,8.7,10.2,0.85,0.9,4.4,5.3,4.5,1.8,0.4,3.1,2.9,35.4
2006,nba mip,Luol Deng,denglu01,20,0.0,1.0,630.0,0.002,False,NBA,Luol Deng,20.0,CHI,SF,78.0,56.0,33.4,5.7,12.2,0.463,0.3,1.0,0.269,5.4,11.2,0.481,0.474,2.7,3.5,0.75,1.6,5.0,6.6,1.9,0.9,0.6,1.3,1.6,14.3
2006,nba mip,Matt Harpring,harprma01,29,0.0,1.0,630.0,0.002,False,NBA,Matt Harpring,29.0,UTA,SF,71.0,32.0,27.4,4.5,9.5,0.475,0.2,0.5,0.359,4.3,9.0,0.482,0.485,3.2,4.4,0.725,2.2,3.0,5.2,1.4,0.8,0.2,1.5,2.8,12.5
2006,nba mip,Paul Pierce,piercpa01,28,0.0,1.0,630.0,0.002,False,NBA,Paul Pierce,28.0,BOS,SF,79.0,79.0,39.0,8.7,18.5,0.471,1.4,4.0,0.354,7.3,14.5,0.503,0.509,7.9,10.3,0.772,1.0,5.7,6.7,4.7,1.4,0.4,3.5,2.8,26.8
2006,nba mip,Bobby Simmons,simmobo01,25,0.0,1.0,630.0,0.002,False,NBA,Bobby Simmons,25.0,MIL,SF,75.0,74.0,33.8,4.9,10.8,0.453,1.4,3.3,0.42,3.5,7.4,0.468,0.518,2.2,2.7,0.825,1.2,3.2,4.4,2.3,1.1,0.3,1.6,3.4,13.4
2006,nba mip,Josh Smith,smithjo03,20,0.0,1.0,630.0,0.002,False,NBA,Josh Smith,20.0,ATL,SF,80.0,73.0,32.0,4.1,9.7,0.425,0.4,1.4,0.309,3.7,8.3,0.444,0.447,2.6,3.7,0.719,2.2,4.4,6.6,2.4,0.8,2.6,2.0,3.3,11.3
2006,nba mip,Chris Wilcox,wilcoch01,23,0.0,1.0,630.0,0.002,False,NBA,Chris Wilcox,23.0,2TM,C,77.0,24.0,19.9,3.3,5.8,0.571,0.0,0.0,0.0,3.3,5.8,0.574,0.571,1.5,2.0,0.732,1.5,3.8,5.3,0.7,0.4,0.4,0.9,2.4,8.1
2006,nba mip,Mo Williams,willima01,23,0.0,1.0,630.0,0.002,False,NBA,Mo Williams,23.0,MIL,PG,58.0,12.0,26.4,4.6,10.8,0.424,1.3,3.3,0.382,3.3,7.6,0.443,0.483,1.7,1.9,0.85,0.5,1.9,2.5,4.0,0.9,0.1,1.8,2.5,12.1
2006,nba mvp,Steve Nash,nashst01,31,57.0,924.0,1250.0,0.739,True,NBA,Steve Nash,31.0,PHO,PG,79.0,79.0,35.4,6.8,13.4,0.512,1.9,4.3,0.439,4.9,9.0,0.548,0.583,3.3,3.5,0.921,0.6,3.6,4.2,10.5,0.8,0.2,3.5,1.5,18.8
2006,nba mvp,LeBron James,jamesle01,21,16.0,688.0,1250.0,0.55,False,NBA,LeBron James,21.0,CLE,SF,79.0,79.0,42.5,11.1,23.1,0.48,1.6,4.8,0.335,9.5,18.3,0.518,0.515,7.6,10.3,0.738,0.9,6.1,7.0,6.6,1.6,0.8,3.3,2.3,31.4
2006,nba mvp,Dirk Nowitzki,nowitdi01,27,14.0,544.0,1250.0,0.435,False,NBA,Dirk Nowitzki,27.0,DAL,PF,81.0,81.0,38.1,9.3,19.3,0.48,1.4,3.3,0.406,7.9,16.0,0.496,0.515,6.7,7.4,0.901,1.4,7.6,9.0,2.8,0.7,1.0,1.9,2.0,26.6
2006,nba mvp,Kobe Bryant,bryanko01,27,22.0,483.0,1250.0,0.386,False,NBA,Kobe Bryant,27.0,LAL,SG,80.0,80.0,41.0,12.2,27.2,0.45,2.3,6.5,0.347,10.0,20.7,0.482,0.491,8.7,10.2,0.85,0.9,4.4,5.3,4.5,1.8,0.4,3.1,2.9,35.4
2006,nba mvp,Chauncey Billups,billuch01,29,15.0,430.0,1250.0,0.344,False,NBA,Chauncey Billups,29.0,DET,PG,81.0,81.0,36.1,5.2,12.5,0.418,2.3,5.2,0.433,3.0,7.2,0.407,0.509,5.7,6.4,0.894,0.5,2.6,3.1,8.6,0.9,0.1,2.1,2.0,18.5
2006,nba mvp,Dwyane Wade,wadedw01,24,0.0,87.0,1250.0,0.07,False,NBA,Dwyane Wade,24.0,MIA,SG,75.0,75.0,38.6,9.3,18.8,0.495,0.2,1.0,0.171,9.1,17.8,0.513,0.499,8.4,10.7,0.783,1.4,4.3,5.7,6.7,1.9,0.8,3.6,2.9,27.2
2006,nba mvp,Elton Brand,brandel01,26,1.0,50.0,1250.0,0.04,False,NBA,Elton Brand,26.0,LAC,PF,79.0,79.0,39.2,9.6,18.2,0.527,0.0,0.0,0.333,9.6,18.1,0.527,0.527,5.6,7.2,0.775,3.0,7.0,10.0,2.6,1.0,2.5,2.2,2.9,24.7
2006,nba mvp,Tim Duncan,duncati01,29,0.0,33.0,1250.0,0.026,False,NBA,Tim Duncan,29.0,SAS,PF,80.0,80.0,34.8,7.2,14.8,0.484,0.0,0.1,0.4,7.2,14.8,0.485,0.485,4.2,6.7,0.629,2.9,8.1,11.0,3.2,0.9,2.0,2.5,2.7,18.6
2006,nba mvp,Tony Parker,parketo01,23,0.0,9.0,1250.0,0.007,False,NBA,Tony Parker,23.0,SAS,PG,80.0,80.0,33.9,7.8,14.2,0.548,0.1,0.5,0.306,7.7,13.8,0.556,0.553,3.2,4.5,0.707,0.5,2.8,3.3,5.8,1.0,0.1,3.1,2.0,18.9
2006,nba mvp,Allen Iverson,iversal01,30,0.0,1.0,1250.0,0.001,False,NBA,Allen Iverson,30.0,PHI,PG,72.0,72.0,43.1,11.3,25.3,0.447,1.0,3.1,0.323,10.3,22.2,0.465,0.467,9.4,11.5,0.814,0.6,2.6,3.2,7.4,1.9,0.1,3.4,1.7,33.0
2006,nba mvp,Shawn Marion,mariosh01,27,0.0,1.0,1250.0,0.001,False,NBA,Shawn Marion,27.0,PHO,PF,81.0,81.0,40.3,8.8,16.9,0.525,1.2,3.6,0.331,7.7,13.3,0.577,0.56,3.0,3.7,0.809,3.1,8.8,11.8,1.8,2.0,1.7,1.5,2.8,21.8
2006,nba roy,Chris Paul,paulch01,20,124.0,623.0,625.0,0.997,True,NBA,Chris Paul,20.0,NOK,PG,78.0,78.0,36.0,5.2,12.1,0.43,0.6,2.3,0.282,4.6,9.9,0.464,0.456,5.1,6.0,0.847,0.8,4.3,5.1,7.8,2.2,0.1,2.3,2.8,16.1
2006,nba roy,Charlie Villanueva,villach01,21,0.0,248.0,625.0,0.397,False,NBA,Charlie Villanueva,21.0,TOR,PF,81.0,36.0,29.1,5.4,11.6,0.463,0.9,2.6,0.327,4.5,9.0,0.503,0.5,1.4,2.0,0.706,2.2,4.2,6.4,1.1,0.7,0.8,1.2,3.0,13.0
2006,nba roy,Andrew Bogut,bogutan01,21,0.0,98.0,625.0,0.157,False,NBA,Andrew Bogut,21.0,MIL,PF,82.0,77.0,28.6,3.9,7.4,0.533,0.0,0.0,0.0,3.9,7.4,0.536,0.533,1.5,2.4,0.629,2.3,4.7,7.0,2.3,0.6,0.8,1.5,3.2,9.4
2006,nba roy,Raymond Felton,feltora01,21,0.0,79.0,625.0,0.126,False,NBA,Raymond Felton,21.0,CHA,PG,80.0,54.0,30.1,4.3,11.0,0.391,1.2,3.4,0.358,3.1,7.7,0.405,0.446,2.0,2.8,0.725,1.0,2.4,3.3,5.6,1.3,0.1,2.3,2.3,11.9
2006,nba roy,Channing Frye,fryech01,22,0.0,41.0,625.0,0.066,False,NBA,Channing Frye,22.0,NYK,C,65.0,14.0,24.2,4.7,9.8,0.477,0.0,0.1,0.333,4.6,9.7,0.479,0.479,2.9,3.5,0.825,2.1,3.6,5.8,0.8,0.5,0.7,1.5,3.1,12.3
2006,nba roy,Deron Williams,willide01,21,1.0,31.0,625.0,0.05,False,NBA,Deron Williams,21.0,UTA,PG,80.0,47.0,28.8,4.2,10.1,0.421,1.1,2.7,0.416,3.1,7.3,0.423,0.478,1.2,1.7,0.704,0.4,2.0,2.4,4.5,0.8,0.2,1.8,2.9,10.8
2006,nba roy,Danny Granger,grangda01,22,0.0,2.0,625.0,0.003,False,NBA,Danny Granger,22.0,IND,SF,78.0,17.0,22.6,2.8,6.1,0.462,0.4,1.2,0.323,2.4,4.9,0.496,0.494,1.5,1.9,0.777,1.7,3.2,4.9,1.2,0.7,0.8,1.0,2.7,7.5
2006,nba roy,Luther Head,headlu01,23,0.0,2.0,625.0,0.003,False,NBA,Luther Head,23.0,HOU,SG,80.0,27.0,28.9,3.2,7.9,0.403,1.4,3.9,0.361,1.8,4.0,0.445,0.493,1.1,1.5,0.699,0.4,2.9,3.3,2.7,1.1,0.1,1.5,2.1,8.8
2006,nba roy,Ryan Gomes,gomesry01,23,0.0,1.0,625.0,0.002,False,NBA,Ryan Gomes,23.0,BOS,PF,61.0,33.0,22.6,2.8,5.8,0.487,0.0,0.1,0.333,2.8,5.7,0.491,0.492,1.8,2.4,0.752,1.7,3.2,4.9,1.0,0.6,0.1,0.9,1.4,7.6
2006,nba smoy,Mike Miller,millemi01,25,88.0,501.0,615.0,0.815,True,NBA,Mike Miller,25.0,MEM,SG,74.0,9.0,30.6,4.8,10.3,0.466,1.9,4.6,0.407,2.9,5.7,0.513,0.557,2.3,2.8,0.8,0.6,4.8,5.4,2.7,0.7,0.4,1.9,2.3,13.7
2006,nba smoy,Speedy Claxton,claxtsp01,27,14.0,205.0,615.0,0.333,False,NBA,Speedy Claxton,27.0,NOK,PG,71.0,3.0,28.4,4.3,10.4,0.413,0.2,0.9,0.27,4.0,9.5,0.426,0.425,3.5,4.5,0.769,0.5,2.2,2.7,4.8,1.5,0.1,2.2,2.5,12.3
2006,nba smoy,Jerry Stackhouse,stackje01,31,12.0,162.0,615.0,0.263,False,NBA,Jerry Stackhouse,31.0,DAL,SG,55.0,11.0,27.7,4.4,11.0,0.401,0.7,2.4,0.277,3.7,8.6,0.436,0.431,3.5,4.0,0.882,0.6,2.2,2.8,2.9,0.7,0.2,2.2,1.7,13.0
2006,nba smoy,Antonio McDyess,mcdyean01,31,5.0,77.0,615.0,0.125,False,NBA,Antonio McDyess,31.0,DET,PF,82.0,0.0,21.1,3.5,6.8,0.509,0.0,0.0,0.0,3.5,6.8,0.511,0.509,0.8,1.5,0.557,1.9,3.4,5.3,1.1,0.6,0.6,0.9,2.7,7.8
2006,nba smoy,Earl Boykins,boykiea01,29,0.0,34.0,615.0,0.055,False,NBA,Earl Boykins,29.0,DEN,PG,60.0,0.0,25.7,4.5,11.0,0.41,1.0,3.0,0.346,3.5,8.0,0.434,0.457,2.5,2.9,0.874,0.4,1.0,1.4,3.8,0.8,0.1,1.4,1.2,12.6
2006,nba smoy,Alonzo Mourning,mournal01,35,1.0,27.0,615.0,0.044,False,NBA,Alonzo Mourning,35.0,MIA,C,65.0,20.0,20.0,2.9,4.8,0.597,0.0,0.0,0.0,2.9,4.8,0.599,0.597,2.0,3.4,0.594,1.9,3.6,5.5,0.2,0.2,2.7,1.2,2.7,7.8
2006,nba smoy,Leandro Barbosa,barbole01,23,1.0,24.0,615.0,0.039,False,NBA,Leandro Barbosa,23.0,PHO,SG,57.0,11.0,27.9,4.8,9.9,0.481,1.5,3.4,0.444,3.3,6.5,0.501,0.558,1.9,2.6,0.755,0.5,2.1,2.6,2.8,0.8,0.1,1.6,2.5,13.1
2006,nba smoy,Mo Williams,willima01,23,1.0,19.0,615.0,0.031,False,NBA,Mo Williams,23.0,MIL,PG,58.0,12.0,26.4,4.6,10.8,0.424,1.3,3.3,0.382,3.3,7.6,0.443,0.483,1.7,1.9,0.85,0.5,1.9,2.5,4.0,0.9,0.1,1.8,2.5,12.1
2006,nba smoy,Michael Finley,finlemi01,32,0.0,10.0,615.0,0.016,False,NBA,Michael Finley,32.0,SAS,SG,77.0,18.0,26.5,3.7,9.0,0.412,1.4,3.6,0.394,2.3,5.4,0.423,0.491,1.3,1.5,0.852,0.4,2.8,3.2,1.5,0.5,0.1,0.8,1.3,10.1
2006,nba smoy,Shareef Abdur-Rahim,abdursh01,29,1.0,8.0,615.0,0.013,False,NBA,Shareef Abdur-Rahim,29.0,SAC,PF,72.0,30.0,27.2,4.6,8.8,0.525,0.1,0.3,0.227,4.5,8.5,0.536,0.529,3.0,3.9,0.784,1.5,3.5,5.0,2.1,0.7,0.6,1.5,3.2,12.3
2006,nba smoy,Channing Frye,fryech01,22,0.0,6.0,615.0,0.01,False,NBA,Channing Frye,22.0,NYK,C,65.0,14.0,24.2,4.7,9.8,0.477,0.0,0.1,0.333,4.6,9.7,0.479,0.479,2.9,3.5,0.825,2.1,3.6,5.8,0.8,0.5,0.7,1.5,3.1,12.3
2006,nba smoy,Antoine Walker,walkean02,29,0.0,6.0,615.0,0.01,False,NBA,Antoine Walker,29.0,MIA,PF,82.0,19.0,26.8,4.8,11.0,0.435,1.7,4.7,0.358,3.1,6.3,0.493,0.512,1.0,1.6,0.628,1.3,3.9,5.1,2.0,0.6,0.4,1.8,2.3,12.2
2006,nba smoy,Eddie House,houseed01,27,0.0,5.0,615.0,0.008,False,NBA,Eddie House,27.0,PHO,PG,81.0,0.0,17.5,4.0,9.4,0.422,1.5,3.9,0.389,2.4,5.5,0.445,0.503,0.4,0.5,0.805,0.2,1.4,1.6,1.8,0.5,0.1,0.9,1.2,9.8
2006,nba smoy,Jamal Crawford,crawfja01,25,0.0,4.0,615.0,0.007,False,NBA,Jamal Crawford,25.0,NYK,SG,79.0,27.0,32.3,4.6,11.1,0.416,1.3,3.7,0.345,3.4,7.4,0.452,0.474,3.7,4.5,0.826,0.5,2.7,3.1,3.8,1.1,0.2,2.2,1.9,14.3
2006,nba smoy,Clifford Robinson,robincl02,39,0.0,4.0,615.0,0.007,False,NBA,Clifford Robinson,39.0,NJN,PF,80.0,13.0,23.3,2.7,6.4,0.427,0.8,2.2,0.343,2.0,4.2,0.47,0.485,0.7,1.0,0.658,0.7,2.7,3.3,1.1,0.6,0.5,0.8,2.6,6.9
2006,nba smoy,Derek Fisher,fishede01,31,0.0,3.0,615.0,0.005,False,NBA,Derek Fisher,31.0,GSW,PG,82.0,36.0,31.6,4.4,10.8,0.41,1.4,3.6,0.397,3.0,7.2,0.417,0.476,3.0,3.6,0.833,0.4,2.1,2.6,4.3,1.5,0.1,1.9,2.9,13.3
2006,nba smoy,Danny Granger,grangda01,22,0.0,3.0,615.0,0.005,False,NBA,Danny Granger,22.0,IND,SF,78.0,17.0,22.6,2.8,6.1,0.462,0.4,1.2,0.323,2.4,4.9,0.496,0.494,1.5,1.9,0.777,1.7,3.2,4.9,1.2,0.7,0.8,1.0,2.7,7.5
2006,nba smoy,Matt Harpring,harprma01,29,0.0,3.0,615.0,0.005,False,NBA,Matt Harpring,29.0,UTA,SF,71.0,32.0,27.4,4.5,9.5,0.475,0.2,0.5,0.359,4.3,9.0,0.482,0.485,3.2,4.4,0.725,2.2,3.0,5.2,1.4,0.8,0.2,1.5,2.8,12.5
2006,nba smoy,Bobby Jackson,jacksbo01,32,0.0,3.0,615.0,0.005,False,NBA,Bobby Jackson,32.0,MEM,PG,71.0,15.0,25.0,4.0,10.5,0.382,1.8,4.7,0.389,2.2,5.9,0.377,0.469,1.5,2.1,0.733,0.6,2.5,3.1,2.7,0.9,0.0,1.4,2.2,11.4
2006,nba smoy,Erick Dampier,dampier01,30,0.0,1.0,615.0,0.002,False,NBA,Erick Dampier,30.0,DAL,C,82.0,36.0,23.6,2.1,4.2,0.493,0.0,0.0,,2.1,4.2,0.493,0.493,1.5,2.6,0.591,3.3,4.5,7.8,0.6,0.3,1.3,1.4,3.2,5.7
2006,nba smoy,Devin Harris,harride01,22,0.0,1.0,615.0,0.002,False,NBA,Devin Harris,22.0,DAL,PG,56.0,4.0,22.8,3.4,7.2,0.469,0.1,0.4,0.238,3.3,6.9,0.482,0.475,3.0,4.2,0.716,0.5,1.8,2.2,3.2,0.9,0.3,1.5,2.2,9.9
2006,nba smoy,Charlie Villanueva,villach01,21,0.0,1.0,615.0,0.002,False,NBA,Charlie Villanueva,21.0,TOR,PF,81.0,36.0,29.1,5.4,11.6,0.463,0.9,2.6,0.327,4.5,9.0,0.503,0.5,1.4,2.0,0.706,2.2,4.2,6.4,1.1,0.7,0.8,1.2,3.0,13.0
2005,nba dpoy,Ben Wallace,wallabe01,30,45.0,339.0,625.0,0.542,True,NBA,Ben Wallace,30.0,DET,C,74.0,74.0,36.1,4.0,8.8,0.453,0.0,0.1,0.111,4.0,8.7,0.458,0.454,1.8,4.1,0.428,3.9,8.2,12.2,1.7,1.4,2.4,1.1,2.1,9.7
2005,nba dpoy,Bruce Bowen,bowenbr01,33,33.0,247.0,625.0,0.395,False,NBA,Bruce Bowen,33.0,SAS,SF,82.0,82.0,32.0,3.1,7.3,0.42,1.2,3.1,0.403,1.8,4.2,0.432,0.505,0.9,1.4,0.634,0.6,2.9,3.5,1.5,0.7,0.5,0.7,2.1,8.2
2005,nba dpoy,Marcus Camby,cambyma01,30,19.0,168.0,625.0,0.269,False,NBA,Marcus Camby,30.0,DEN,C,66.0,66.0,30.5,4.2,9.1,0.465,0.0,0.1,0.0,4.2,9.0,0.468,0.465,1.9,2.6,0.723,2.0,8.0,10.0,2.3,0.9,3.0,1.6,2.7,10.3
2005,nba dpoy,Tim Duncan,duncati01,28,6.0,81.0,625.0,0.13,False,NBA,Tim Duncan,28.0,SAS,PF,66.0,66.0,33.4,7.8,15.8,0.496,0.0,0.1,0.333,7.8,15.7,0.498,0.498,4.6,6.9,0.67,3.1,8.0,11.1,2.7,0.7,2.6,1.9,2.2,20.3
2005,nba dpoy,Shawn Marion,mariosh01,26,5.0,57.0,625.0,0.091,False,NBA,Shawn Marion,26.0,PHO,PF,81.0,81.0,38.8,7.6,15.9,0.476,1.4,4.2,0.334,6.2,11.7,0.526,0.52,2.8,3.4,0.833,2.9,8.4,11.3,1.9,2.0,1.5,1.5,2.5,19.4
2005,nba dpoy,Larry Hughes,hughela01,26,3.0,53.0,625.0,0.085,False,NBA,Larry Hughes,26.0,WAS,SG,61.0,61.0,38.7,7.7,17.8,0.43,1.0,3.4,0.282,6.7,14.4,0.465,0.457,5.8,7.4,0.777,1.2,5.0,6.3,4.7,2.9,0.3,2.5,2.8,22.0
2005,nba dpoy,Tayshaun Prince,princta01,24,6.0,46.0,625.0,0.074,False,NBA,Tayshaun Prince,24.0,DET,SF,82.0,82.0,37.1,5.7,11.7,0.487,0.6,1.7,0.341,5.1,10.1,0.512,0.511,2.7,3.3,0.807,1.6,3.7,5.3,3.0,0.7,0.9,1.6,2.0,14.7
2005,nba dpoy,Shaquille O'Neal,onealsh01,32,3.0,32.0,625.0,0.051,False,NBA,Shaquille O'Neal,32.0,MIA,C,73.0,73.0,34.1,9.0,15.0,0.601,0.0,0.0,,9.0,15.0,0.601,0.601,4.8,10.5,0.461,3.5,6.9,10.4,2.7,0.5,2.3,2.8,3.6,22.9
2005,nba dpoy,Kevin Garnett,garneke01,28,4.0,30.0,625.0,0.048,False,NBA,Kevin Garnett,28.0,MIN,PF,82.0,82.0,38.1,8.3,16.6,0.502,0.1,0.3,0.24,8.3,16.3,0.507,0.504,5.4,6.7,0.811,3.0,10.5,13.5,5.7,1.5,1.4,2.7,2.5,22.2
2005,nba dpoy,Andrei Kirilenko,kirilan01,23,1.0,25.0,625.0,0.04,False,NBA,Andrei Kirilenko,23.0,UTA,PF,41.0,37.0,32.9,5.0,10.2,0.493,0.6,1.9,0.299,4.5,8.4,0.536,0.52,5.0,6.3,0.784,2.2,4.0,6.2,3.2,1.6,3.3,2.2,2.5,15.6
2005,nba dpoy,Allen Iverson,iversal01,29,0.0,10.0,625.0,0.016,False,NBA,Allen Iverson,29.0,PHI,PG,75.0,75.0,42.3,10.3,24.2,0.424,1.4,4.5,0.308,8.9,19.7,0.451,0.453,8.7,10.5,0.835,0.7,3.3,4.0,7.9,2.4,0.1,4.6,1.9,30.7
2005,nba dpoy,Kirk Hinrich,hinriki01,24,0.0,6.0,625.0,0.01,False,NBA,Kirk Hinrich,24.0,CHI,PG,77.0,77.0,36.4,5.8,14.6,0.397,1.9,5.3,0.355,3.9,9.3,0.42,0.461,2.2,2.8,0.792,0.4,3.5,3.9,6.4,1.6,0.3,2.3,3.2,15.7
2005,nba dpoy,Joel Przybilla,przybjo01,25,0.0,6.0,625.0,0.01,False,NBA,Joel Przybilla,25.0,POR,C,76.0,50.0,24.4,2.6,4.4,0.598,0.0,0.0,,2.6,4.4,0.598,0.598,1.2,2.3,0.517,2.3,5.4,7.7,1.0,0.3,2.1,1.3,3.1,6.4
2005,nba dpoy,Trenton Hassell,hassetr01,25,0.0,4.0,625.0,0.006,False,NBA,Trenton Hassell,25.0,MIN,SG,82.0,51.0,25.2,2.7,5.8,0.474,0.0,0.1,0.091,2.7,5.7,0.483,0.475,1.1,1.4,0.789,1.0,1.7,2.7,1.6,0.4,0.4,0.8,2.4,6.6
2005,nba dpoy,Andre Iguodala,iguodan01,21,0.0,4.0,625.0,0.006,False,NBA,Andre Iguodala,21.0,PHI,SG,82.0,82.0,32.8,3.3,6.7,0.493,0.6,1.7,0.331,2.7,4.9,0.55,0.536,1.9,2.6,0.743,1.1,4.6,5.7,3.0,1.7,0.6,1.7,2.5,9.0
2005,nba dpoy,Rasheed Wallace,wallara01,30,0.0,3.0,625.0,0.005,False,NBA,Rasheed Wallace,30.0,DET,PF,79.0,79.0,34.0,5.9,13.4,0.44,0.9,3.0,0.318,5.0,10.5,0.475,0.475,1.7,2.5,0.697,2.2,5.9,8.2,1.8,0.8,1.5,1.6,3.0,14.5
2005,nba dpoy,David Wesley,wesleda01,34,0.0,3.0,625.0,0.005,False,NBA,David Wesley,34.0,2TM,SG,80.0,79.0,34.7,4.2,10.5,0.398,1.5,3.9,0.375,2.7,6.6,0.411,0.468,2.0,2.4,0.857,0.5,2.4,2.9,3.3,1.2,0.1,1.4,2.7,11.9
2005,nba dpoy,Tyson Chandler,chandty01,22,0.0,2.0,625.0,0.003,False,NBA,Tyson Chandler,22.0,CHI,C,80.0,10.0,27.4,2.6,5.2,0.494,0.0,0.0,0.0,2.6,5.2,0.496,0.494,2.8,4.2,0.673,3.3,6.4,9.7,0.8,0.9,1.8,1.5,3.4,8.0
2005,nba dpoy,Manu Ginóbili,ginobma01,27,0.0,2.0,625.0,0.003,False,NBA,Manu Ginóbili,27.0,SAS,SG,74.0,74.0,29.6,5.0,10.5,0.471,1.3,3.5,0.376,3.6,7.1,0.517,0.533,4.8,6.0,0.803,1.0,3.4,4.4,3.9,1.6,0.4,2.3,2.6,16.0
2005,nba dpoy,Josh Howard,howarjo01,24,0.0,2.0,625.0,0.003,False,NBA,Josh Howard,24.0,DAL,SF,76.0,76.0,32.2,5.0,10.4,0.475,0.4,1.5,0.296,4.5,8.9,0.506,0.497,2.2,3.1,0.733,2.2,4.1,6.4,1.4,1.5,0.6,1.6,2.8,12.6
2005,nba dpoy,Shane Battier,battish01,26,0.0,1.0,625.0,0.002,False,NBA,Shane Battier,26.0,MEM,SG,80.0,72.0,31.5,3.4,7.7,0.442,0.9,2.2,0.395,2.5,5.5,0.461,0.499,2.3,2.9,0.789,2.0,3.2,5.2,1.6,1.1,1.0,0.9,2.5,9.9
2005,nba dpoy,Dwight Howard,howardw01,19,0.0,1.0,625.0,0.002,False,NBA,Dwight Howard,19.0,ORL,PF,82.0,82.0,32.6,4.3,8.3,0.52,0.0,0.0,0.0,4.3,8.2,0.521,0.52,3.4,5.0,0.671,3.5,6.5,10.0,0.9,0.9,1.7,2.0,2.8,12.0
2005,nba dpoy,Andrés Nocioni,nocioan01,25,0.0,1.0,625.0,0.002,False,NBA,Andrés Nocioni,25.0,CHI,SF,81.0,38.0,23.4,3.0,7.4,0.401,0.3,1.2,0.258,2.7,6.2,0.429,0.422,2.1,2.7,0.766,0.9,3.9,4.8,1.5,0.5,0.4,1.7,2.6,8.4
2005,nba dpoy,Emeka Okafor,okafoem01,22,0.0,1.0,625.0,0.002,False,NBA,Emeka Okafor,22.0,CHA,PF,73.0,73.0,35.6,6.1,13.7,0.447,0.0,0.0,0.0,6.1,13.7,0.447,0.447,2.9,4.7,0.609,3.8,7.1,10.9,0.9,0.8,1.7,1.7,2.9,15.1
2005,nba dpoy,Dwyane Wade,wadedw01,23,0.0,1.0,625.0,0.002,False,NBA,Dwyane Wade,23.0,MIA,SG,77.0,77.0,38.6,8.2,17.1,0.478,0.2,0.6,0.289,8.0,16.5,0.485,0.483,7.5,9.9,0.762,1.4,3.7,5.2,6.8,1.6,1.1,4.2,3.0,24.1
2005,nba mip,Bobby Simmons,simmobo01,24,59.0,384.0,615.0,0.624,True,NBA,Bobby Simmons,24.0,LAC,SF,75.0,74.0,37.3,6.3,13.6,0.466,0.7,1.5,0.435,5.7,12.0,0.47,0.491,3.1,3.6,0.846,1.7,4.2,5.9,2.7,1.4,0.2,1.8,3.0,16.4
2005,nba mip,Dwyane Wade,wadedw01,23,15.0,129.0,615.0,0.21,False,NBA,Dwyane Wade,23.0,MIA,SG,77.0,77.0,38.6,8.2,17.1,0.478,0.2,0.6,0.289,8.0,16.5,0.485,0.483,7.5,9.9,0.762,1.4,3.7,5.2,6.8,1.6,1.1,4.2,3.0,24.1
2005,nba mip,Tayshaun Prince,princta01,24,14.0,107.0,615.0,0.174,False,NBA,Tayshaun Prince,24.0,DET,SF,82.0,82.0,37.1,5.7,11.7,0.487,0.6,1.7,0.341,5.1,10.1,0.512,0.511,2.7,3.3,0.807,1.6,3.7,5.3,3.0,0.7,0.9,1.6,2.0,14.7
2005,nba mip,Primož Brezec,brezepr01,25,5.0,75.0,615.0,0.122,False,NBA,Primož Brezec,25.0,CHA,C,72.0,72.0,31.6,5.4,10.5,0.512,0.0,0.0,,5.4,10.5,0.512,0.512,2.3,3.1,0.745,3.1,4.2,7.4,1.2,0.5,0.8,1.5,2.5,13.0
2005,nba mip,Dan Dickau,dickada01,26,5.0,68.0,615.0,0.111,False,NBA,Dan Dickau,26.0,2TM,PG,71.0,46.0,29.4,4.3,10.6,0.405,1.2,3.5,0.347,3.1,7.2,0.432,0.461,2.7,3.2,0.833,0.5,2.1,2.5,4.9,1.1,0.1,2.0,2.8,12.5
2005,nba mip,LeBron James,jamesle01,20,4.0,57.0,615.0,0.093,False,NBA,LeBron James,20.0,CLE,SF,80.0,80.0,42.4,9.9,21.1,0.472,1.4,3.9,0.351,8.6,17.2,0.499,0.504,6.0,8.0,0.75,1.4,6.0,7.4,7.2,2.2,0.7,3.3,1.8,27.2
2005,nba mip,Amar'e Stoudemire,stoudam01,22,5.0,46.0,615.0,0.075,False,NBA,Amar'e Stoudemire,22.0,PHO,C,80.0,80.0,36.1,9.3,16.7,0.559,0.0,0.2,0.188,9.3,16.5,0.564,0.56,7.3,9.9,0.733,2.7,6.2,8.9,1.6,1.0,1.6,2.4,3.5,26.0
2005,nba mip,Larry Hughes,hughela01,26,1.0,28.0,615.0,0.046,False,NBA,Larry Hughes,26.0,WAS,SG,61.0,61.0,38.7,7.7,17.8,0.43,1.0,3.4,0.282,6.7,14.4,0.465,0.457,5.8,7.4,0.777,1.2,5.0,6.3,4.7,2.9,0.3,2.5,2.8,22.0
2005,nba mip,Joel Przybilla,przybjo01,25,1.0,28.0,615.0,0.046,False,NBA,Joel Przybilla,25.0,POR,C,76.0,50.0,24.4,2.6,4.4,0.598,0.0,0.0,,2.6,4.4,0.598,0.598,1.2,2.3,0.517,2.3,5.4,7.7,1.0,0.3,2.1,1.3,3.1,6.4
2005,nba mip,Chris Bosh,boshch01,20,1.0,21.0,615.0,0.034,False,NBA,Chris Bosh,20.0,TOR,PF,81.0,81.0,37.2,5.8,12.4,0.471,0.0,0.1,0.3,5.8,12.3,0.472,0.472,5.1,6.7,0.76,2.4,6.5,8.9,1.9,0.9,1.4,2.3,2.8,16.8
2005,nba mip,Grant Hill,hillgr01,32,2.0,17.0,615.0,0.028,False,NBA,Grant Hill,32.0,ORL,SF,67.0,67.0,34.9,7.7,15.1,0.509,0.0,0.2,0.231,7.7,15.0,0.513,0.511,4.2,5.1,0.821,1.1,3.6,4.7,3.3,1.4,0.4,2.4,2.1,19.7
2005,nba mip,Udonis Haslem,hasleud01,24,1.0,16.0,615.0,0.026,False,NBA,Udonis Haslem,24.0,MIA,PF,80.0,80.0,33.4,4.3,8.0,0.54,0.0,0.1,0.0,4.3,8.0,0.543,0.54,2.2,2.8,0.791,3.0,6.1,9.1,1.4,0.8,0.5,1.4,3.3,10.9
2005,nba mip,Damon Jones,jonesda01,28,2.0,14.0,615.0,0.023,False,NBA,Damon Jones,28.0,MIA,PG,82.0,66.0,31.4,4.0,8.9,0.456,2.7,6.4,0.432,1.3,2.5,0.517,0.611,0.8,1.0,0.791,0.2,2.6,2.8,4.3,0.5,0.1,1.2,1.5,11.6
2005,nba mip,Luke Ridnour,ridnolu01,23,1.0,14.0,615.0,0.023,False,NBA,Luke Ridnour,23.0,SEA,PG,82.0,82.0,31.4,3.6,9.0,0.405,0.8,2.2,0.376,2.8,6.8,0.414,0.45,1.9,2.2,0.883,0.7,1.8,2.5,5.9,1.1,0.3,1.8,2.3,10.0
2005,nba mip,Gilbert Arenas,arenagi01,23,1.0,13.0,615.0,0.021,False,NBA,Gilbert Arenas,23.0,WAS,PG,80.0,80.0,40.9,8.2,19.0,0.431,2.6,7.0,0.365,5.6,12.0,0.469,0.498,6.5,8.0,0.814,1.0,3.7,4.7,5.1,1.7,0.3,3.0,3.1,25.5
2005,nba mip,Kirk Hinrich,hinriki01,24,1.0,12.0,615.0,0.02,False,NBA,Kirk Hinrich,24.0,CHI,PG,77.0,77.0,36.4,5.8,14.6,0.397,1.9,5.3,0.355,3.9,9.3,0.42,0.461,2.2,2.8,0.792,0.4,3.5,3.9,6.4,1.6,0.3,2.3,3.2,15.7
2005,nba mip,Kyle Korver,korveky01,23,0.0,9.0,615.0,0.015,False,NBA,Kyle Korver,23.0,PHI,SF,82.0,57.0,32.5,3.9,9.3,0.418,2.8,6.8,0.405,1.1,2.5,0.453,0.567,1.0,1.2,0.854,0.5,4.1,4.6,2.2,1.3,0.4,1.3,3.2,11.5
2005,nba mip,Tyson Chandler,chandty01,22,0.0,8.0,615.0,0.013,False,NBA,Tyson Chandler,22.0,CHI,C,80.0,10.0,27.4,2.6,5.2,0.494,0.0,0.0,0.0,2.6,5.2,0.496,0.494,2.8,4.2,0.673,3.3,6.4,9.7,0.8,0.9,1.8,1.5,3.4,8.0
2005,nba mip,Josh Howard,howarjo01,24,1.0,7.0,615.0,0.011,False,NBA,Josh Howard,24.0,DAL,SF,76.0,76.0,32.2,5.0,10.4,0.475,0.4,1.5,0.296,4.5,8.9,0.506,0.497,2.2,3.1,0.733,2.2,4.1,6.4,1.4,1.5,0.6,1.6,2.8,12.6
2005,nba mip,Vince Carter,cartevi01,28,1.0,6.0,615.0,0.01,False,NBA,Vince Carter,28.0,2TM,SF,77.0,76.0,36.7,9.0,20.0,0.452,1.6,4.1,0.406,7.4,15.9,0.463,0.493,4.8,6.0,0.798,1.4,3.8,5.2,4.2,1.4,0.6,2.2,3.2,24.5
2005,nba mip,Joe Johnson,johnsjo02,23,0.0,6.0,615.0,0.01,False,NBA,Joe Johnson,23.0,PHO,SF,82.0,82.0,39.5,6.6,14.4,0.461,2.2,4.5,0.478,4.5,9.9,0.454,0.536,1.6,2.2,0.75,1.5,3.7,5.1,3.5,1.0,0.3,1.8,2.0,17.1
2005,nba mip,Shawn Marion,mariosh01,26,1.0,5.0,615.0,0.008,False,NBA,Shawn Marion,26.0,PHO,PF,81.0,81.0,38.8,7.6,15.9,0.476,1.4,4.2,0.334,6.2,11.7,0.526,0.52,2.8,3.4,0.833,2.9,8.4,11.3,1.9,2.0,1.5,1.5,2.5,19.4
2005,nba mip,Dirk Nowitzki,nowitdi01,26,1.0,5.0,615.0,0.008,False,NBA,Dirk Nowitzki,26.0,DAL,PF,78.0,78.0,38.7,8.5,18.5,0.459,1.2,2.9,0.399,7.3,15.6,0.47,0.49,7.9,9.1,0.869,1.2,8.5,9.7,3.1,1.2,1.5,2.3,2.8,26.1
2005,nba mip,Shaquille O'Neal,onealsh01,32,1.0,5.0,615.0,0.008,False,NBA,Shaquille O'Neal,32.0,MIA,C,73.0,73.0,34.1,9.0,15.0,0.601,0.0,0.0,,9.0,15.0,0.601,0.601,4.8,10.5,0.461,3.5,6.9,10.4,2.7,0.5,2.3,2.8,3.6,22.9
2005,nba mip,Eddy Curry,curryed01,22,0.0,5.0,615.0,0.008,False,NBA,Eddy Curry,22.0,CHI,C,63.0,60.0,28.7,6.2,11.6,0.538,0.0,0.0,,6.2,11.6,0.538,0.538,3.6,5.0,0.72,1.8,3.5,5.4,0.6,0.3,0.9,2.6,3.2,16.1
2005,nba mip,Reggie Evans,evansre01,24,0.0,3.0,615.0,0.005,False,NBA,Reggie Evans,24.0,SEA,PF,79.0,79.0,23.8,1.7,3.5,0.476,0.0,0.0,0.0,1.7,3.5,0.48,0.476,1.6,3.0,0.534,3.2,6.1,9.3,0.7,0.7,0.2,1.3,2.6,4.9
2005,nba mip,Fred Jones,jonesfr01,25,0.0,3.0,615.0,0.005,False,NBA,Fred Jones,25.0,IND,SG,77.0,14.0,29.5,3.6,8.4,0.425,1.1,3.0,0.38,2.4,5.4,0.45,0.492,2.3,2.7,0.85,0.4,2.7,3.1,2.5,0.8,0.4,1.5,2.2,10.6
2005,nba mip,Brevin Knight,knighbr01,29,0.0,3.0,615.0,0.005,False,NBA,Brevin Knight,29.0,CHA,PG,66.0,61.0,29.5,3.8,8.9,0.422,0.0,0.3,0.15,3.7,8.6,0.432,0.425,2.5,3.0,0.852,0.3,2.3,2.6,9.0,2.0,0.1,2.2,2.9,10.1
2005,nba mip,Jason Richardson,richaja01,24,0.0,3.0,615.0,0.005,False,NBA,Jason Richardson,24.0,GSW,SG,72.0,72.0,37.8,8.5,19.0,0.446,1.7,5.1,0.338,6.7,13.9,0.486,0.492,3.0,4.3,0.693,1.7,4.2,5.9,3.9,1.5,0.4,2.3,2.2,21.7
2005,nba mip,Gerald Wallace,wallage01,22,0.0,3.0,615.0,0.005,False,NBA,Gerald Wallace,22.0,CHA,SF,70.0,68.0,30.7,4.1,9.1,0.449,0.2,0.9,0.274,3.8,8.2,0.468,0.462,2.7,4.1,0.661,1.7,3.8,5.5,2.0,1.7,1.3,2.3,2.6,11.1
2005,nba mip,Drew Gooden,goodedr01,23,0.0,2.0,615.0,0.003,False,NBA,Drew Gooden,23.0,CLE,PF,82.0,80.0,30.8,5.7,11.5,0.492,0.1,0.3,0.179,5.6,11.2,0.502,0.495,3.1,3.8,0.81,2.5,6.7,9.2,1.6,0.9,0.9,1.6,2.8,14.4
2005,nba mip,Ricky Davis,davisri01,25,0.0,1.0,615.0,0.002,False,NBA,Ricky Davis,25.0,BOS,SG,82.0,11.0,32.9,5.9,12.7,0.462,0.7,2.2,0.339,5.1,10.5,0.488,0.491,3.5,4.3,0.815,0.8,2.2,3.0,3.0,1.1,0.3,2.5,2.1,16.0
2005,nba mip,Anthony Johnson,johnsan02,30,0.0,1.0,615.0,0.002,False,NBA,Anthony Johnson,30.0,IND,PG,63.0,36.0,27.7,3.2,7.2,0.445,0.7,1.7,0.38,2.6,5.5,0.466,0.49,1.3,1.8,0.752,0.5,2.3,2.8,4.8,0.9,0.2,1.5,2.3,8.4
2005,nba mip,Rashard Lewis,lewisra02,25,0.0,1.0,615.0,0.002,False,NBA,Rashard Lewis,25.0,SEA,SF,71.0,71.0,38.0,7.5,16.2,0.462,2.4,6.1,0.4,5.1,10.1,0.499,0.537,3.1,4.0,0.777,1.5,3.9,5.5,1.3,1.1,0.9,1.7,2.2,20.5
2005,nba mip,Tony Parker,parketo01,22,0.0,1.0,615.0,0.002,False,NBA,Tony Parker,22.0,SAS,PG,80.0,80.0,34.2,6.7,14.0,0.482,0.5,2.0,0.276,6.2,12.0,0.516,0.501,2.6,4.0,0.65,0.6,3.1,3.7,6.1,1.2,0.1,2.7,2.1,16.6
2005,nba mip,Mickaël Piétrus,pietrmi01,22,0.0,1.0,615.0,0.002,False,NBA,Mickaël Piétrus,22.0,GSW,SF,67.0,3.0,20.0,3.2,7.5,0.427,1.0,2.9,0.344,2.2,4.6,0.48,0.494,2.1,3.0,0.698,1.0,1.9,2.8,1.2,0.7,0.3,1.4,2.1,9.5
2005,nba mvp,Steve Nash,nashst01,30,65.0,1066.0,1270.0,0.839,True,NBA,Steve Nash,30.0,PHO,PG,75.0,75.0,34.3,5.7,11.4,0.502,1.3,2.9,0.431,4.5,8.5,0.526,0.557,2.8,3.2,0.887,0.8,2.6,3.3,11.5,1.0,0.1,3.3,1.8,15.5
2005,nba mvp,Shaquille O'Neal,onealsh01,32,58.0,1032.0,1270.0,0.813,False,NBA,Shaquille O'Neal,32.0,MIA,C,73.0,73.0,34.1,9.0,15.0,0.601,0.0,0.0,,9.0,15.0,0.601,0.601,4.8,10.5,0.461,3.5,6.9,10.4,2.7,0.5,2.3,2.8,3.6,22.9
2005,nba mvp,Dirk Nowitzki,nowitdi01,26,0.0,349.0,1270.0,0.275,False,NBA,Dirk Nowitzki,26.0,DAL,PF,78.0,78.0,38.7,8.5,18.5,0.459,1.2,2.9,0.399,7.3,15.6,0.47,0.49,7.9,9.1,0.869,1.2,8.5,9.7,3.1,1.2,1.5,2.3,2.8,26.1
2005,nba mvp,Tim Duncan,duncati01,28,1.0,328.0,1270.0,0.258,False,NBA,Tim Duncan,28.0,SAS,PF,66.0,66.0,33.4,7.8,15.8,0.496,0.0,0.1,0.333,7.8,15.7,0.498,0.498,4.6,6.9,0.67,3.1,8.0,11.1,2.7,0.7,2.6,1.9,2.2,20.3
2005,nba mvp,Allen Iverson,iversal01,29,2.0,240.0,1270.0,0.189,False,NBA,Allen Iverson,29.0,PHI,PG,75.0,75.0,42.3,10.3,24.2,0.424,1.4,4.5,0.308,8.9,19.7,0.451,0.453,8.7,10.5,0.835,0.7,3.3,4.0,7.9,2.4,0.1,4.6,1.9,30.7
2005,nba mvp,LeBron James,jamesle01,20,0.0,93.0,1270.0,0.073,False,NBA,LeBron James,20.0,CLE,SF,80.0,80.0,42.4,9.9,21.1,0.472,1.4,3.9,0.351,8.6,17.2,0.499,0.504,6.0,8.0,0.75,1.4,6.0,7.4,7.2,2.2,0.7,3.3,1.8,27.2
2005,nba mvp,Tracy McGrady,mcgratr01,25,0.0,44.0,1270.0,0.035,False,NBA,Tracy McGrady,25.0,HOU,SF,78.0,78.0,40.8,9.2,21.3,0.431,1.8,5.6,0.326,7.3,15.7,0.468,0.473,5.5,7.1,0.774,0.9,5.3,6.2,5.7,1.7,0.7,2.6,2.1,25.7
2005,nba mvp,Dwyane Wade,wadedw01,23,0.0,43.0,1270.0,0.034,False,NBA,Dwyane Wade,23.0,MIA,SG,77.0,77.0,38.6,8.2,17.1,0.478,0.2,0.6,0.289,8.0,16.5,0.485,0.483,7.5,9.9,0.762,1.4,3.7,5.2,6.8,1.6,1.1,4.2,3.0,24.1
2005,nba mvp,Amar'e Stoudemire,stoudam01,22,1.0,41.0,1270.0,0.032,False,NBA,Amar'e Stoudemire,22.0,PHO,C,80.0,80.0,36.1,9.3,16.7,0.559,0.0,0.2,0.188,9.3,16.5,0.564,0.56,7.3,9.9,0.733,2.7,6.2,8.9,1.6,1.0,1.6,2.4,3.5,26.0
2005,nba mvp,Ray Allen,allenra02,29,0.0,41.0,1270.0,0.032,False,NBA,Ray Allen,29.0,SEA,SG,78.0,78.0,39.3,8.2,19.2,0.428,2.7,7.1,0.376,5.5,12.0,0.459,0.498,4.8,5.5,0.883,1.0,3.4,4.4,3.7,1.1,0.1,2.2,2.1,23.9
2005,nba mvp,Kevin Garnett,garneke01,28,0.0,15.0,1270.0,0.012,False,NBA,Kevin Garnett,28.0,MIN,PF,82.0,82.0,38.1,8.3,16.6,0.502,0.1,0.3,0.24,8.3,16.3,0.507,0.504,5.4,6.7,0.811,3.0,10.5,13.5,5.7,1.5,1.4,2.7,2.5,22.2
2005,nba mvp,Gilbert Arenas,arenagi01,23,0.0,4.0,1270.0,0.003,False,NBA,Gilbert Arenas,23.0,WAS,PG,80.0,80.0,40.9,8.2,19.0,0.431,2.6,7.0,0.365,5.6,12.0,0.469,0.498,6.5,8.0,0.814,1.0,3.7,4.7,5.1,1.7,0.3,3.0,3.1,25.5
2005,nba mvp,Vince Carter,cartevi01,28,0.0,3.0,1270.0,0.002,False,NBA,Vince Carter,28.0,2TM,SF,77.0,76.0,36.7,9.0,20.0,0.452,1.6,4.1,0.406,7.4,15.9,0.463,0.493,4.8,6.0,0.798,1.4,3.8,5.2,4.2,1.4,0.6,2.2,3.2,24.5
2005,nba mvp,P.J. Brown,brownpj01,35,0.0,1.0,1270.0,0.001,False,NBA,P.J. Brown,35.0,NOH,PF,82.0,78.0,34.4,4.1,9.2,0.446,0.0,0.0,,4.1,9.2,0.446,0.446,2.6,3.0,0.864,3.2,5.7,9.0,2.2,0.9,0.6,1.2,2.8,10.8
2005,nba mvp,Marcus Camby,cambyma01,30,0.0,1.0,1270.0,0.001,False,NBA,Marcus Camby,30.0,DEN,C,66.0,66.0,30.5,4.2,9.1,0.465,0.0,0.1,0.0,4.2,9.0,0.468,0.465,1.9,2.6,0.723,2.0,8.0,10.0,2.3,0.9,3.0,1.6,2.7,10.3
2005,nba mvp,Shawn Marion,mariosh01,26,0.0,1.0,1270.0,0.001,False,NBA,Shawn Marion,26.0,PHO,PF,81.0,81.0,38.8,7.6,15.9,0.476,1.4,4.2,0.334,6.2,11.7,0.526,0.52,2.8,3.4,0.833,2.9,8.4,11.3,1.9,2.0,1.5,1.5,2.5,19.4
2005,nba roy,Emeka Okafor,okafoem01,22,77.0,514.0,630.0,0.816,True,NBA,Emeka Okafor,22.0,CHA,PF,73.0,73.0,35.6,6.1,13.7,0.447,0.0,0.0,0.0,6.1,13.7,0.447,0.447,2.9,4.7,0.609,3.8,7.1,10.9,0.9,0.8,1.7,1.7,2.9,15.1
2005,nba roy,Ben Gordon,gordobe01,21,43.0,443.0,630.0,0.703,False,NBA,Ben Gordon,21.0,CHI,SG,82.0,3.0,24.4,5.3,12.9,0.411,1.6,4.0,0.405,3.7,8.8,0.414,0.474,2.8,3.3,0.863,0.7,2.0,2.6,2.0,0.6,0.1,2.3,2.7,15.1
2005,nba roy,Dwight Howard,howardw01,19,6.0,161.0,630.0,0.256,False,NBA,Dwight Howard,19.0,ORL,PF,82.0,82.0,32.6,4.3,8.3,0.52,0.0,0.0,0.0,4.3,8.2,0.521,0.52,3.4,5.0,0.671,3.5,6.5,10.0,0.9,0.9,1.7,2.0,2.8,12.0
2005,nba roy,Andre Iguodala,iguodan01,21,0.0,14.0,630.0,0.022,False,NBA,Andre Iguodala,21.0,PHI,SG,82.0,82.0,32.8,3.3,6.7,0.493,0.6,1.7,0.331,2.7,4.9,0.55,0.536,1.9,2.6,0.743,1.1,4.6,5.7,3.0,1.7,0.6,1.7,2.5,9.0
2005,nba roy,Luol Deng,denglu01,19,0.0,1.0,630.0,0.002,False,NBA,Luol Deng,19.0,CHI,SF,61.0,45.0,27.3,4.6,10.6,0.434,0.5,1.9,0.265,4.1,8.7,0.472,0.458,2.0,2.7,0.741,1.5,3.8,5.3,2.2,0.8,0.4,1.9,1.6,11.7
2005,nba roy,J.R. Smith,smithjr01,19,0.0,1.0,630.0,0.002,False,NBA,J.R. Smith,19.0,NOH,SG,76.0,56.0,24.5,3.9,9.8,0.394,1.1,3.7,0.288,2.8,6.1,0.458,0.449,1.5,2.1,0.689,0.5,1.5,2.0,1.9,0.7,0.1,1.4,1.8,10.3
2005,nba smoy,Ben Gordon,gordobe01,21,88.0,513.0,625.0,0.821,True,NBA,Ben Gordon,21.0,CHI,SG,82.0,3.0,24.4,5.3,12.9,0.411,1.6,4.0,0.405,3.7,8.8,0.414,0.474,2.8,3.3,0.863,0.7,2.0,2.6,2.0,0.6,0.1,2.3,2.7,15.1
2005,nba smoy,Ricky Davis,davisri01,25,17.0,257.0,625.0,0.411,False,NBA,Ricky Davis,25.0,BOS,SG,82.0,11.0,32.9,5.9,12.7,0.462,0.7,2.2,0.339,5.1,10.5,0.488,0.491,3.5,4.3,0.815,0.8,2.2,3.0,3.0,1.1,0.3,2.5,2.1,16.0
2005,nba smoy,Earl Boykins,boykiea01,28,11.0,155.0,625.0,0.248,False,NBA,Earl Boykins,28.0,DEN,PG,82.0,5.0,26.4,4.1,10.0,0.413,0.7,2.0,0.337,3.5,8.0,0.432,0.447,3.4,3.7,0.921,0.5,1.3,1.7,4.5,1.0,0.1,1.5,1.5,12.4
2005,nba smoy,Jerry Stackhouse,stackje01,30,6.0,95.0,625.0,0.152,False,NBA,Jerry Stackhouse,30.0,DAL,SG,56.0,7.0,28.9,4.9,11.8,0.414,0.6,2.1,0.267,4.3,9.7,0.446,0.438,4.5,5.3,0.849,0.7,2.6,3.3,2.3,0.9,0.2,1.9,1.9,14.9
2005,nba smoy,Vladimir Radmanović,radmavl01,24,2.0,41.0,625.0,0.066,False,NBA,Vladimir Radmanović,24.0,SEA,PF,63.0,0.0,29.5,4.2,10.3,0.409,2.0,5.2,0.389,2.2,5.1,0.43,0.508,1.3,1.6,0.786,0.8,3.8,4.6,1.4,0.9,0.5,1.3,2.7,11.8
2005,nba smoy,Wally Szczerbiak,szczewa02,27,1.0,22.0,625.0,0.035,False,NBA,Wally Szczerbiak,27.0,MIN,SF,81.0,37.0,31.6,5.7,11.3,0.506,0.8,2.1,0.373,5.0,9.3,0.536,0.54,3.2,3.8,0.855,1.0,2.7,3.7,2.4,0.5,0.2,1.6,2.2,15.5
2005,nba smoy,Antonio McDyess,mcdyean01,30,0.0,11.0,625.0,0.018,False,NBA,Antonio McDyess,30.0,DET,PF,77.0,8.0,23.3,4.0,7.8,0.513,0.0,0.0,0.0,4.0,7.8,0.514,0.513,1.6,2.5,0.656,2.3,4.0,6.3,0.9,0.6,0.7,1.2,2.6,9.6
2005,nba smoy,Antonio Daniels,daniean01,29,0.0,10.0,625.0,0.016,False,NBA,Antonio Daniels,29.0,SEA,PG,75.0,2.0,27.0,3.6,8.3,0.438,0.7,2.2,0.297,3.0,6.1,0.489,0.478,3.3,4.1,0.816,0.3,2.0,2.3,4.1,0.7,0.0,1.0,1.0,11.2
2005,nba smoy,Donyell Marshall,marshdo01,31,0.0,7.0,625.0,0.011,False,NBA,Donyell Marshall,31.0,TOR,PF,65.0,2.0,25.3,4.0,9.1,0.443,2.3,5.6,0.416,1.7,3.5,0.485,0.57,1.1,1.4,0.791,1.5,5.1,6.6,1.2,0.9,0.7,0.6,2.1,11.5
2005,nba smoy,Jim Jackson,jacksji01,34,0.0,4.0,625.0,0.006,False,NBA,Jim Jackson,34.0,2TM,SF,64.0,27.0,31.0,3.9,9.1,0.426,1.9,4.6,0.414,2.0,4.5,0.439,0.531,0.8,0.9,0.931,0.5,3.7,4.2,2.9,0.5,0.1,1.8,2.4,10.5
2005,nba smoy,Tyson Chandler,chandty01,22,0.0,3.0,625.0,0.005,False,NBA,Tyson Chandler,22.0,CHI,C,80.0,10.0,27.4,2.6,5.2,0.494,0.0,0.0,0.0,2.6,5.2,0.496,0.494,2.8,4.2,0.673,3.3,6.4,9.7,0.8,0.9,1.8,1.5,3.4,8.0
2005,nba smoy,Kyle Korver,korveky01,23,0.0,3.0,625.0,0.005,False,NBA,Kyle Korver,23.0,PHI,SF,82.0,57.0,32.5,3.9,9.3,0.418,2.8,6.8,0.405,1.1,2.5,0.453,0.567,1.0,1.2,0.854,0.5,4.1,4.6,2.2,1.3,0.4,1.3,3.2,11.5
2005,nba smoy,Mehmet Okur,okurme01,25,0.0,3.0,625.0,0.005,False,NBA,Mehmet Okur,25.0,UTA,C,82.0,25.0,28.1,4.3,9.2,0.468,0.2,0.8,0.27,4.1,8.5,0.486,0.479,4.0,4.7,0.85,2.4,5.1,7.5,2.0,0.4,0.8,1.7,2.8,12.9
2005,nba smoy,Hedo Türkoğlu,turkohe01,25,0.0,1.0,625.0,0.002,False,NBA,Hedo Türkoğlu,25.0,ORL,SF,67.0,11.0,26.2,4.9,11.7,0.419,1.4,3.7,0.38,3.5,8.0,0.438,0.479,2.8,3.4,0.836,0.9,2.6,3.5,2.3,0.6,0.3,1.8,2.1,14.0
2004,nba dpoy,Metta World Peace,artesro01,24,80.0,476.0,605.0,0.787,True,NBA,Metta World Peace,24.0,IND,SF,73.0,71.0,37.2,6.4,15.2,0.421,1.0,3.3,0.31,5.4,11.9,0.452,0.455,4.4,6.0,0.733,1.4,3.9,5.3,3.7,2.1,0.7,2.8,2.7,18.3
2004,nba dpoy,Ben Wallace,wallabe01,29,26.0,325.0,605.0,0.537,False,NBA,Ben Wallace,29.0,DET,C,81.0,81.0,37.7,3.9,9.2,0.421,0.0,0.1,0.125,3.9,9.1,0.424,0.422,1.8,3.6,0.49,4.0,8.4,12.4,1.7,1.8,3.0,1.5,2.0,9.5
2004,nba dpoy,Theo Ratliff,ratlith01,30,8.0,90.0,605.0,0.149,False,NBA,Theo Ratliff,30.0,2TM,C,85.0,83.0,31.3,3.1,6.5,0.485,0.0,0.0,,3.1,6.5,0.485,0.485,1.6,2.6,0.645,2.3,4.9,7.2,0.8,0.6,3.6,1.4,3.5,7.9
2004,nba dpoy,Bruce Bowen,bowenbr01,32,4.0,76.0,605.0,0.126,False,NBA,Bruce Bowen,32.0,SAS,SF,82.0,82.0,32.0,2.6,6.1,0.42,0.9,2.6,0.363,1.6,3.5,0.462,0.497,0.8,1.4,0.579,0.5,2.5,3.1,1.4,1.0,0.4,1.1,2.0,6.9
2004,nba dpoy,Andrei Kirilenko,kirilan01,22,2.0,67.0,605.0,0.111,False,NBA,Andrei Kirilenko,22.0,UTA,PF,78.0,78.0,37.1,5.3,11.9,0.443,0.9,2.6,0.338,4.4,9.4,0.471,0.479,5.0,6.4,0.79,2.9,5.2,8.1,3.1,1.9,2.8,2.8,2.2,16.5
2004,nba dpoy,Kevin Garnett,garneke01,27,0.0,36.0,605.0,0.06,False,NBA,Kevin Garnett,27.0,MIN,PF,82.0,82.0,39.4,9.8,19.6,0.499,0.1,0.5,0.256,9.7,19.1,0.506,0.502,4.5,5.7,0.791,3.0,10.9,13.9,5.0,1.5,2.2,2.6,2.5,24.2
2004,nba dpoy,Tim Duncan,duncati01,27,0.0,8.0,605.0,0.013,False,NBA,Tim Duncan,27.0,SAS,PF,69.0,68.0,36.6,8.6,17.1,0.501,0.0,0.2,0.167,8.6,16.9,0.505,0.502,5.1,8.5,0.599,3.3,9.2,12.4,3.1,0.9,2.7,2.7,2.4,22.3
2004,nba dpoy,Clifford Robinson,robincl02,37,1.0,5.0,605.0,0.008,False,NBA,Clifford Robinson,37.0,GSW,PF,82.0,82.0,34.7,4.5,11.5,0.387,1.4,3.8,0.357,3.1,7.7,0.403,0.447,1.5,2.1,0.711,0.7,3.3,3.9,3.3,0.8,0.9,2.1,2.9,11.8
2004,nba dpoy,Kenyon Martin,martike01,26,0.0,2.0,605.0,0.003,False,NBA,Kenyon Martin,26.0,NJN,PF,65.0,62.0,34.6,6.8,13.8,0.488,0.1,0.4,0.28,6.6,13.5,0.494,0.492,3.1,4.5,0.684,2.0,7.4,9.5,2.5,1.5,1.3,2.6,3.5,16.7
2004,nba dpoy,Kobe Bryant,bryanko01,25,0.0,1.0,605.0,0.002,False,NBA,Kobe Bryant,25.0,LAL,SG,65.0,64.0,37.6,7.9,18.1,0.438,1.1,3.3,0.327,6.8,14.8,0.463,0.468,7.0,8.2,0.852,1.6,3.9,5.5,5.1,1.7,0.4,2.6,2.7,24.0
2004,nba dpoy,Shaquille O'Neal,onealsh01,31,0.0,1.0,605.0,0.002,False,NBA,Shaquille O'Neal,31.0,LAL,C,67.0,67.0,36.8,8.3,14.1,0.584,0.0,0.0,,8.3,14.1,0.584,0.584,4.9,10.1,0.49,3.7,7.8,11.5,2.9,0.5,2.5,2.9,3.4,21.5
2004,nba dpoy,James Posey,poseyja01,27,0.0,1.0,605.0,0.002,False,NBA,James Posey,27.0,MEM,SG,82.0,82.0,29.9,4.5,9.4,0.478,1.4,3.5,0.386,3.1,5.9,0.533,0.551,3.4,4.1,0.83,1.1,3.8,4.9,1.5,1.7,0.5,1.4,3.0,13.7
2004,nba dpoy,Earl Watson,watsoea01,24,0.0,1.0,605.0,0.002,False,NBA,Earl Watson,24.0,MEM,PG,81.0,14.0,20.6,2.1,5.7,0.371,0.3,1.3,0.245,1.8,4.4,0.408,0.399,1.1,1.7,0.652,0.6,1.6,2.2,5.0,1.1,0.2,1.8,2.2,5.7
2004,nba mip,Zach Randolph,randoza01,22,59.0,379.0,605.0,0.626,True,NBA,Zach Randolph,22.0,POR,PF,81.0,80.0,37.9,8.2,16.9,0.485,0.0,0.1,0.2,8.2,16.8,0.486,0.485,3.7,4.9,0.761,3.0,7.5,10.5,2.0,0.8,0.5,3.0,2.8,20.1
2004,nba mip,Carlos Boozer,boozeca01,22,12.0,166.0,605.0,0.274,False,NBA,Carlos Boozer,22.0,CLE,PF,75.0,75.0,34.6,6.3,12.0,0.523,0.0,0.1,0.167,6.3,11.9,0.526,0.524,2.9,3.8,0.768,3.1,8.4,11.4,2.0,1.0,0.7,1.8,2.7,15.5
2004,nba mip,James Posey,poseyja01,27,17.0,137.0,605.0,0.226,False,NBA,James Posey,27.0,MEM,SG,82.0,82.0,29.9,4.5,9.4,0.478,1.4,3.5,0.386,3.1,5.9,0.533,0.551,3.4,4.1,0.83,1.1,3.8,4.9,1.5,1.7,0.5,1.4,3.0,13.7
2004,nba mip,Andrei Kirilenko,kirilan01,22,11.0,101.0,605.0,0.167,False,NBA,Andrei Kirilenko,22.0,UTA,PF,78.0,78.0,37.1,5.3,11.9,0.443,0.9,2.6,0.338,4.4,9.4,0.471,0.479,5.0,6.4,0.79,2.9,5.2,8.1,3.1,1.9,2.8,2.8,2.2,16.5
2004,nba mip,Michael Redd,reddmi01,24,9.0,95.0,605.0,0.157,False,NBA,Michael Redd,24.0,MIL,SG,82.0,82.0,36.8,7.7,17.5,0.44,1.5,4.4,0.35,6.2,13.1,0.47,0.484,4.7,5.4,0.868,1.4,3.5,5.0,2.3,1.0,0.1,1.4,1.9,21.7
2004,nba mip,Lamar Odom,odomla01,24,1.0,31.0,605.0,0.051,False,NBA,Lamar Odom,24.0,MIA,PF,80.0,80.0,37.5,6.1,14.1,0.43,0.8,2.6,0.298,5.3,11.5,0.46,0.457,4.3,5.7,0.742,2.0,7.7,9.7,4.1,1.1,0.9,3.0,3.4,17.1
2004,nba mip,Jamaal Magloire,magloja01,25,3.0,26.0,605.0,0.043,False,NBA,Jamaal Magloire,25.0,NOH,C,82.0,82.0,33.9,4.7,9.9,0.473,0.0,0.0,0.0,4.7,9.9,0.474,0.473,4.3,5.7,0.751,3.3,7.1,10.3,1.0,0.5,1.2,2.5,3.4,13.6
2004,nba mip,Samuel Dalembert,dalemsa01,22,3.0,25.0,605.0,0.041,False,NBA,Samuel Dalembert,22.0,PHI,C,82.0,53.0,26.8,3.3,6.1,0.541,0.0,0.0,0.0,3.3,6.1,0.542,0.541,1.4,2.1,0.644,2.4,5.3,7.6,0.3,0.5,2.3,1.0,3.3,8.0
2004,nba mip,Joe Johnson,johnsjo02,22,1.0,20.0,605.0,0.033,False,NBA,Joe Johnson,22.0,PHO,SG,82.0,77.0,40.6,6.8,15.7,0.43,1.0,3.3,0.305,5.8,12.4,0.463,0.462,2.1,2.8,0.75,1.0,3.7,4.7,4.4,1.1,0.3,2.4,2.2,16.7
2004,nba mip,Brian Cardinal,cardibr01,26,1.0,18.0,605.0,0.03,False,NBA,Brian Cardinal,26.0,GSW,PF,76.0,11.0,21.5,2.9,6.1,0.472,0.7,1.6,0.444,2.2,4.5,0.482,0.531,3.1,3.6,0.878,1.3,2.9,4.2,1.4,0.9,0.3,1.1,2.7,9.6
2004,nba mip,Rafer Alston,alstora01,27,2.0,16.0,605.0,0.026,False,NBA,Rafer Alston,27.0,MIA,PG,82.0,28.0,31.5,3.5,9.3,0.376,2.0,5.3,0.371,1.5,4.0,0.382,0.481,1.3,1.6,0.769,0.3,2.4,2.8,4.5,1.4,0.2,1.6,2.6,10.2
2004,nba mip,Mark Blount,blounma01,28,0.0,10.0,605.0,0.017,False,NBA,Mark Blount,28.0,BOS,C,82.0,73.0,29.3,4.2,7.4,0.566,0.0,0.0,,4.2,7.4,0.566,0.566,1.9,2.7,0.719,2.5,4.7,7.2,0.9,1.0,1.3,1.8,3.1,10.3
2004,nba mip,Quentin Richardson,richaqu01,23,1.0,8.0,605.0,0.013,False,NBA,Quentin Richardson,23.0,LAC,SG,65.0,64.0,36.0,6.5,16.4,0.398,1.8,5.2,0.352,4.7,11.2,0.42,0.454,2.3,3.1,0.74,2.2,4.1,6.4,2.1,1.0,0.3,2.2,2.0,17.2
2004,nba mip,Carlos Arroyo,arroyca01,24,0.0,8.0,605.0,0.013,False,NBA,Carlos Arroyo,24.0,UTA,PG,71.0,71.0,28.3,4.8,10.8,0.441,0.5,1.6,0.325,4.2,9.2,0.462,0.466,2.5,3.2,0.804,0.6,2.0,2.6,5.0,0.9,0.1,2.2,2.3,12.6
2004,nba mip,Metta World Peace,artesro01,24,1.0,7.0,605.0,0.012,False,NBA,Metta World Peace,24.0,IND,SF,73.0,71.0,37.2,6.4,15.2,0.421,1.0,3.3,0.31,5.4,11.9,0.452,0.455,4.4,6.0,0.733,1.4,3.9,5.3,3.7,2.1,0.7,2.8,2.7,18.3
2004,nba mip,Yao Ming,mingya01,23,0.0,7.0,605.0,0.012,False,NBA,Yao Ming,23.0,HOU,C,82.0,82.0,32.8,6.5,12.5,0.522,0.0,0.0,0.0,6.5,12.5,0.523,0.522,4.4,5.4,0.809,2.4,6.6,9.0,1.5,0.3,1.9,2.5,3.3,17.5
2004,nba mip,Ronald Murray,murraro01,24,0.0,7.0,605.0,0.012,False,NBA,Ronald Murray,24.0,SEA,PG,82.0,18.0,24.6,4.7,11.2,0.425,0.8,2.8,0.293,3.9,8.4,0.469,0.462,2.0,2.9,0.715,0.5,1.9,2.5,2.5,1.0,0.3,1.8,1.9,12.4
2004,nba mip,Erick Dampier,dampier01,28,0.0,5.0,605.0,0.008,False,NBA,Erick Dampier,28.0,GSW,C,74.0,74.0,32.5,4.7,8.8,0.535,0.0,0.0,0.0,4.7,8.8,0.537,0.535,2.9,4.5,0.654,4.6,7.3,12.0,0.8,0.4,1.9,1.8,3.1,12.3
2004,nba mip,Richard Jefferson,jefferi01,23,0.0,4.0,605.0,0.007,False,NBA,Richard Jefferson,23.0,NJN,SF,82.0,82.0,38.2,6.8,13.6,0.498,0.6,1.6,0.364,6.2,12.0,0.516,0.519,4.4,5.7,0.763,1.3,4.3,5.7,3.8,1.1,0.3,2.4,2.7,18.5
2004,nba mip,Mike Dunleavy,dunlemi02,23,0.0,3.0,605.0,0.005,False,NBA,Mike Dunleavy,23.0,GSW,SF,75.0,69.0,31.1,4.3,9.6,0.449,1.3,3.4,0.37,3.1,6.2,0.491,0.514,1.8,2.5,0.741,1.2,4.7,5.9,2.9,0.9,0.2,1.9,2.3,11.7
2004,nba mip,Manu Ginóbili,ginobma01,26,0.0,3.0,605.0,0.005,False,NBA,Manu Ginóbili,26.0,SAS,SG,77.0,38.0,29.4,4.3,10.2,0.418,1.1,3.2,0.359,3.1,7.1,0.445,0.474,3.1,3.9,0.802,1.1,3.4,4.5,3.8,1.8,0.2,2.1,2.4,12.8
2004,nba mip,Corey Maggette,maggeco01,24,0.0,3.0,605.0,0.005,False,NBA,Corey Maggette,24.0,LAC,SF,73.0,72.0,36.0,6.2,13.9,0.447,1.0,3.2,0.329,5.2,10.7,0.482,0.485,7.2,8.5,0.848,1.3,4.6,5.9,3.1,0.9,0.2,2.8,3.0,20.7
2004,nba mip,Tayshaun Prince,princta01,23,0.0,2.0,605.0,0.003,False,NBA,Tayshaun Prince,23.0,DET,SF,82.0,80.0,32.9,4.1,8.8,0.467,0.7,1.9,0.363,3.4,6.9,0.496,0.507,1.3,1.7,0.766,1.1,3.6,4.8,2.3,0.8,0.8,1.5,1.8,10.3
2004,nba mip,Raja Bell,bellra01,27,0.0,1.0,605.0,0.002,False,NBA,Raja Bell,27.0,UTA,SG,82.0,4.0,24.6,4.0,9.8,0.409,0.8,2.0,0.373,3.3,7.8,0.418,0.447,2.4,3.0,0.786,0.7,2.2,2.9,1.3,0.8,0.2,1.4,3.2,11.2
2004,nba mip,Marcus Camby,cambyma01,29,0.0,1.0,605.0,0.002,False,NBA,Marcus Camby,29.0,DEN,C,72.0,72.0,30.0,3.6,7.6,0.477,0.0,0.0,0.0,3.6,7.6,0.479,0.477,1.4,1.9,0.721,2.9,7.2,10.1,1.8,1.2,2.6,1.4,3.3,8.6
2004,nba mip,Pau Gasol,gasolpa01,23,0.0,1.0,605.0,0.002,False,NBA,Pau Gasol,23.0,MEM,PF,78.0,78.0,31.5,6.5,13.4,0.482,0.1,0.2,0.267,6.4,13.3,0.485,0.484,4.7,6.6,0.714,2.6,5.1,7.7,2.5,0.6,1.7,2.4,2.4,17.7
2004,nba mip,Nenê,hilarne01,21,0.0,1.0,605.0,0.002,False,NBA,Nenê,21.0,DEN,PF,77.0,77.0,32.5,4.3,8.2,0.53,0.0,0.0,0.0,4.3,8.2,0.532,0.53,3.1,4.6,0.682,2.0,4.5,6.5,2.2,1.5,0.5,2.4,3.6,11.8
2004,nba mip,Stephen Jackson,jacksst02,25,0.0,1.0,605.0,0.002,False,NBA,Stephen Jackson,25.0,ATL,SF,80.0,78.0,36.8,6.7,15.8,0.425,1.8,5.3,0.34,4.9,10.4,0.469,0.483,2.9,3.7,0.785,1.2,3.4,4.6,3.1,1.8,0.3,2.8,2.7,18.1
2004,nba mip,Desmond Mason,masonde01,26,0.0,1.0,605.0,0.002,False,NBA,Desmond Mason,26.0,MIL,SF,82.0,31.0,30.9,5.0,10.6,0.472,0.1,0.5,0.231,4.9,10.1,0.483,0.477,4.3,5.6,0.769,1.1,3.2,4.4,1.9,0.7,0.3,1.8,2.3,14.4
2004,nba mip,Kenny Thomas,thomake01,26,0.0,1.0,605.0,0.002,False,NBA,Kenny Thomas,26.0,PHI,PF,74.0,72.0,36.5,5.1,11.0,0.469,0.0,0.1,0.2,5.1,10.9,0.47,0.469,3.3,4.4,0.752,3.5,6.6,10.1,1.5,1.1,0.4,2.3,3.0,13.6
2004,nba mip,Jason Williams,willija02,28,0.0,1.0,605.0,0.002,False,NBA,Jason Williams,28.0,MEM,PG,72.0,68.0,29.4,4.0,9.9,0.407,1.7,5.1,0.33,2.4,4.8,0.487,0.491,1.1,1.4,0.837,0.3,1.7,2.0,6.8,1.3,0.1,1.9,1.3,10.9
2004,nba mvp,Kevin Garnett,garneke01,27,120.0,1219.0,1230.0,0.991,True,NBA,Kevin Garnett,27.0,MIN,PF,82.0,82.0,39.4,9.8,19.6,0.499,0.1,0.5,0.256,9.7,19.1,0.506,0.502,4.5,5.7,0.791,3.0,10.9,13.9,5.0,1.5,2.2,2.6,2.5,24.2
2004,nba mvp,Tim Duncan,duncati01,27,0.0,716.0,1230.0,0.582,False,NBA,Tim Duncan,27.0,SAS,PF,69.0,68.0,36.6,8.6,17.1,0.501,0.0,0.2,0.167,8.6,16.9,0.505,0.502,5.1,8.5,0.599,3.3,9.2,12.4,3.1,0.9,2.7,2.7,2.4,22.3
2004,nba mvp,Jermaine O'Neal,onealje01,25,2.0,523.0,1230.0,0.425,False,NBA,Jermaine O'Neal,25.0,IND,PF,78.0,78.0,35.7,7.8,17.9,0.434,0.0,0.2,0.111,7.8,17.7,0.438,0.435,4.5,5.9,0.757,2.5,7.5,10.0,2.1,0.8,2.6,2.3,3.2,20.1
2004,nba mvp,Peja Stojaković,stojape01,26,1.0,281.0,1230.0,0.228,False,NBA,Peja Stojaković,26.0,SAC,SF,81.0,81.0,40.3,8.2,17.1,0.48,3.0,6.8,0.433,5.2,10.3,0.511,0.566,4.9,5.2,0.927,1.1,5.1,6.3,2.1,1.3,0.2,1.9,2.0,24.2
2004,nba mvp,Kobe Bryant,bryanko01,25,0.0,212.0,1230.0,0.172,False,NBA,Kobe Bryant,25.0,LAL,SG,65.0,64.0,37.6,7.9,18.1,0.438,1.1,3.3,0.327,6.8,14.8,0.463,0.468,7.0,8.2,0.852,1.6,3.9,5.5,5.1,1.7,0.4,2.6,2.7,24.0
2004,nba mvp,Shaquille O'Neal,onealsh01,31,0.0,178.0,1230.0,0.145,False,NBA,Shaquille O'Neal,31.0,LAL,C,67.0,67.0,36.8,8.3,14.1,0.584,0.0,0.0,,8.3,14.1,0.584,0.584,4.9,10.1,0.49,3.7,7.8,11.5,2.9,0.5,2.5,2.9,3.4,21.5
2004,nba mvp,Ben Wallace,wallabe01,29,0.0,24.0,1230.0,0.02,False,NBA,Ben Wallace,29.0,DET,C,81.0,81.0,37.7,3.9,9.2,0.421,0.0,0.1,0.125,3.9,9.1,0.424,0.422,1.8,3.6,0.49,4.0,8.4,12.4,1.7,1.8,3.0,1.5,2.0,9.5
2004,nba mvp,Jason Kidd,kiddja01,30,0.0,17.0,1230.0,0.014,False,NBA,Jason Kidd,30.0,NJN,PG,67.0,66.0,36.6,5.5,14.3,0.384,1.4,4.4,0.321,4.1,9.9,0.411,0.433,3.1,3.7,0.827,1.3,5.1,6.4,9.2,1.8,0.2,3.2,1.6,15.5
2004,nba mvp,LeBron James,jamesle01,19,0.0,11.0,1230.0,0.009,False,NBA,LeBron James,19.0,CLE,SG,79.0,79.0,39.5,7.9,18.9,0.417,0.8,2.7,0.29,7.1,16.1,0.438,0.438,4.4,5.8,0.754,1.3,4.2,5.5,5.9,1.6,0.7,3.5,1.9,20.9
2004,nba mvp,Sam Cassell,cassesa01,34,0.0,4.0,1230.0,0.003,False,NBA,Sam Cassell,34.0,MIN,PG,81.0,81.0,35.0,7.7,15.7,0.488,0.9,2.3,0.398,6.7,13.4,0.504,0.517,3.6,4.1,0.873,0.5,2.8,3.3,7.3,1.3,0.2,2.7,3.0,19.8
2004,nba mvp,Baron Davis,davisba01,24,0.0,4.0,1230.0,0.003,False,NBA,Baron Davis,24.0,NOH,PG,67.0,66.0,40.1,8.3,20.9,0.395,2.8,8.7,0.321,5.5,12.2,0.448,0.462,3.5,5.3,0.673,1.0,3.3,4.3,7.5,2.4,0.4,3.2,2.7,22.9
2004,nba mvp,Dirk Nowitzki,nowitdi01,25,0.0,4.0,1230.0,0.003,False,NBA,Dirk Nowitzki,25.0,DAL,C,77.0,77.0,37.9,7.9,17.0,0.462,1.3,3.8,0.341,6.6,13.2,0.496,0.5,4.8,5.5,0.877,1.2,7.5,8.7,2.7,1.2,1.4,1.8,2.8,21.8
2004,nba mvp,Andrei Kirilenko,kirilan01,22,0.0,2.0,1230.0,0.002,False,NBA,Andrei Kirilenko,22.0,UTA,PF,78.0,78.0,37.1,5.3,11.9,0.443,0.9,2.6,0.338,4.4,9.4,0.471,0.479,5.0,6.4,0.79,2.9,5.2,8.1,3.1,1.9,2.8,2.8,2.2,16.5
2004,nba mvp,Carmelo Anthony,anthoca01,19,0.0,1.0,1230.0,0.001,False,NBA,Carmelo Anthony,19.0,DEN,SF,82.0,82.0,36.5,7.6,17.9,0.426,0.8,2.6,0.322,6.8,15.3,0.444,0.449,5.0,6.4,0.777,2.2,3.8,6.1,2.8,1.2,0.5,3.0,2.7,21.0
2004,nba mvp,Yao Ming,mingya01,23,0.0,1.0,1230.0,0.001,False,NBA,Yao Ming,23.0,HOU,C,82.0,82.0,32.8,6.5,12.5,0.522,0.0,0.0,0.0,6.5,12.5,0.523,0.522,4.4,5.4,0.809,2.4,6.6,9.0,1.5,0.3,1.9,2.5,3.3,17.5
2004,nba mvp,Michael Redd,reddmi01,24,0.0,1.0,1230.0,0.001,False,NBA,Michael Redd,24.0,MIL,SG,82.0,82.0,36.8,7.7,17.5,0.44,1.5,4.4,0.35,6.2,13.1,0.47,0.484,4.7,5.4,0.868,1.4,3.5,5.0,2.3,1.0,0.1,1.4,1.9,21.7
2004,nba roy,LeBron James,jamesle01,19,78.0,508.0,590.0,0.861,True,NBA,LeBron James,19.0,CLE,SG,79.0,79.0,39.5,7.9,18.9,0.417,0.8,2.7,0.29,7.1,16.1,0.438,0.438,4.4,5.8,0.754,1.3,4.2,5.5,5.9,1.6,0.7,3.5,1.9,20.9
2004,nba roy,Carmelo Anthony,anthoca01,19,40.0,430.0,590.0,0.729,False,NBA,Carmelo Anthony,19.0,DEN,SF,82.0,82.0,36.5,7.6,17.9,0.426,0.8,2.6,0.322,6.8,15.3,0.444,0.449,5.0,6.4,0.777,2.2,3.8,6.1,2.8,1.2,0.5,3.0,2.7,21.0
2004,nba roy,Dwyane Wade,wadedw01,22,0.0,117.0,590.0,0.198,False,NBA,Dwyane Wade,22.0,MIA,PG,61.0,56.0,34.9,6.1,13.1,0.465,0.3,0.9,0.302,5.8,12.2,0.477,0.475,3.8,5.1,0.747,1.4,2.7,4.0,4.5,1.4,0.6,3.2,2.3,16.2
2004,nba roy,Kirk Hinrich,hinriki01,23,0.0,4.0,590.0,0.007,False,NBA,Kirk Hinrich,23.0,CHI,PG,76.0,66.0,35.6,4.2,10.8,0.386,1.9,4.9,0.39,2.3,6.0,0.383,0.474,1.8,2.2,0.804,0.6,2.9,3.4,6.8,1.3,0.3,2.7,3.6,12.0
2004,nba roy,Chris Bosh,boshch01,19,0.0,2.0,590.0,0.003,False,NBA,Chris Bosh,19.0,TOR,C,75.0,63.0,33.5,4.4,9.5,0.459,0.1,0.2,0.357,4.3,9.3,0.461,0.463,2.7,3.8,0.701,2.5,4.9,7.4,1.0,0.8,1.4,1.4,2.9,11.5
2004,nba roy,Marquis Daniels,daniema01,23,0.0,1.0,590.0,0.002,False,NBA,Marquis Daniels,23.0,DAL,SG,56.0,15.0,18.6,3.6,7.3,0.494,0.2,0.6,0.306,3.4,6.7,0.512,0.507,1.1,1.4,0.769,1.2,1.4,2.6,2.1,0.9,0.2,0.8,0.9,8.5
2004,nba smoy,Antawn Jamison,jamisan01,27,43.0,338.0,600.0,0.563,True,NBA,Antawn Jamison,27.0,DAL,SF,82.0,2.0,29.0,6.0,11.1,0.535,0.2,0.5,0.4,5.8,10.6,0.541,0.543,2.7,3.6,0.748,2.8,3.5,6.3,0.9,1.0,0.4,1.0,2.1,14.8
2004,nba smoy,Al Harrington,harrial01,23,27.0,275.0,600.0,0.458,False,NBA,Al Harrington,23.0,IND,PF,79.0,15.0,30.9,5.3,11.5,0.463,0.3,1.0,0.273,5.1,10.5,0.481,0.475,2.3,3.2,0.734,2.1,4.4,6.4,1.7,1.0,0.3,2.1,3.2,13.3
2004,nba smoy,Manu Ginóbili,ginobma01,26,33.0,244.0,600.0,0.407,False,NBA,Manu Ginóbili,26.0,SAS,SG,77.0,38.0,29.4,4.3,10.2,0.418,1.1,3.2,0.359,3.1,7.1,0.445,0.474,3.1,3.9,0.802,1.1,3.4,4.5,3.8,1.8,0.2,2.1,2.4,12.8
2004,nba smoy,Bobby Jackson,jacksbo01,30,5.0,70.0,600.0,0.117,False,NBA,Bobby Jackson,30.0,SAC,SG,50.0,0.0,23.7,5.3,11.8,0.444,1.6,4.4,0.37,3.6,7.5,0.488,0.513,1.6,2.2,0.752,1.1,2.4,3.5,2.1,1.0,0.2,1.3,2.1,13.8
2004,nba smoy,Earl Boykins,boykiea01,27,3.0,46.0,600.0,0.077,False,NBA,Earl Boykins,27.0,DEN,SG,82.0,3.0,22.5,3.9,9.3,0.419,0.7,2.1,0.322,3.2,7.3,0.447,0.455,1.7,2.0,0.877,0.5,1.2,1.7,3.6,0.6,0.0,1.2,1.0,10.2
2004,nba smoy,Desmond Mason,masonde01,26,4.0,45.0,600.0,0.075,False,NBA,Desmond Mason,26.0,MIL,SF,82.0,31.0,30.9,5.0,10.6,0.472,0.1,0.5,0.231,4.9,10.1,0.483,0.477,4.3,5.6,0.769,1.1,3.2,4.4,1.9,0.7,0.3,1.8,2.3,14.4
2004,nba smoy,Rafer Alston,alstora01,27,1.0,14.0,600.0,0.023,False,NBA,Rafer Alston,27.0,MIA,PG,82.0,28.0,31.5,3.5,9.3,0.376,2.0,5.3,0.371,1.5,4.0,0.382,0.481,1.3,1.6,0.769,0.3,2.4,2.8,4.5,1.4,0.2,1.6,2.6,10.2
2004,nba smoy,Shane Battier,battish01,25,2.0,10.0,600.0,0.017,False,NBA,Shane Battier,25.0,MEM,SF,79.0,1.0,24.6,3.1,6.9,0.446,0.8,2.4,0.349,2.2,4.5,0.496,0.506,1.5,2.1,0.732,1.3,2.5,3.8,1.3,1.3,0.7,0.7,2.4,8.5
2004,nba smoy,Raja Bell,bellra01,27,1.0,9.0,600.0,0.015,False,NBA,Raja Bell,27.0,UTA,SG,82.0,4.0,24.6,4.0,9.8,0.409,0.8,2.0,0.373,3.3,7.8,0.418,0.447,2.4,3.0,0.786,0.7,2.2,2.9,1.3,0.8,0.2,1.4,3.2,11.2
2004,nba smoy,Maurice Taylor,tayloma01,27,1.0,8.0,600.0,0.013,False,NBA,Maurice Taylor,27.0,HOU,PF,75.0,10.0,27.7,4.9,10.2,0.48,0.0,0.0,0.0,4.9,10.2,0.481,0.48,1.7,2.3,0.736,1.7,3.4,5.1,1.4,0.6,0.6,2.0,3.4,11.5
2004,nba smoy,Corliss Williamson,willico02,30,0.0,8.0,600.0,0.013,False,NBA,Corliss Williamson,30.0,DET,PF,79.0,0.0,19.9,3.8,7.6,0.505,0.0,0.0,,3.8,7.6,0.505,0.505,1.8,2.5,0.731,1.1,2.1,3.2,0.7,0.4,0.3,1.4,2.6,9.5
2004,nba smoy,Bonzi Wells,wellsbo01,27,0.0,5.0,600.0,0.008,False,NBA,Bonzi Wells,27.0,2TM,SG,72.0,27.0,26.0,5.0,11.8,0.427,0.3,1.0,0.319,4.7,10.8,0.437,0.44,1.9,2.5,0.754,1.1,2.5,3.6,1.9,1.3,0.3,2.2,2.7,12.3
2004,nba smoy,Darrell Armstrong,armstda01,35,0.0,4.0,600.0,0.007,False,NBA,Darrell Armstrong,35.0,NOH,PG,79.0,22.0,28.4,3.7,9.3,0.395,1.7,5.4,0.315,2.0,3.9,0.508,0.487,1.6,1.8,0.854,0.8,2.1,2.9,3.9,1.7,0.2,2.0,1.9,10.6
2004,nba smoy,Ricky Davis,davisri01,24,0.0,2.0,600.0,0.003,False,NBA,Ricky Davis,24.0,2TM,SF,79.0,27.0,31.3,5.6,12.0,0.469,0.7,1.8,0.371,5.0,10.3,0.486,0.497,2.5,3.5,0.718,1.0,3.6,4.5,3.3,1.2,0.3,2.4,2.2,14.4
2004,nba smoy,Fred Hoiberg,hoibefr01,31,0.0,1.0,600.0,0.002,False,NBA,Fred Hoiberg,31.0,MIN,SG,79.0,3.0,22.8,2.3,4.8,0.465,1.0,2.2,0.442,1.3,2.7,0.483,0.564,1.2,1.5,0.845,0.3,3.1,3.4,1.4,0.8,0.1,0.6,1.7,6.7
2004,nba smoy,Vladimir Radmanović,radmavl01,23,0.0,1.0,600.0,0.002,False,NBA,Vladimir Radmanović,23.0,SEA,PF,77.0,38.0,30.1,4.5,10.5,0.425,1.8,4.9,0.371,2.7,5.6,0.471,0.511,1.2,1.6,0.748,1.4,3.9,5.3,1.8,1.0,0.5,1.4,2.4,12.0
2003,nba dpoy,Ben Wallace,wallabe01,28,100.0,531.0,585.0,0.908,True,NBA,Ben Wallace,28.0,DET,C,73.0,73.0,39.4,2.9,6.0,0.481,0.0,0.1,0.167,2.9,5.9,0.485,0.482,1.2,2.6,0.45,4.0,11.4,15.4,1.6,1.4,3.2,1.2,2.5,6.9
2003,nba dpoy,Metta World Peace,artesro01,23,2.0,122.0,585.0,0.209,False,NBA,Metta World Peace,23.0,IND,SF,69.0,67.0,33.6,5.2,12.3,0.428,1.0,3.1,0.336,4.2,9.2,0.458,0.47,4.0,5.4,0.736,1.5,3.8,5.2,2.9,2.3,0.7,2.1,3.5,15.5
2003,nba dpoy,Kevin Garnett,garneke01,26,8.0,121.0,585.0,0.207,False,NBA,Kevin Garnett,26.0,MIN,PF,82.0,82.0,40.5,9.1,18.1,0.502,0.2,0.9,0.282,8.8,17.2,0.513,0.508,4.6,6.1,0.751,3.0,10.5,13.4,6.0,1.4,1.6,2.8,2.4,23.0
2003,nba dpoy,Tim Duncan,duncati01,26,2.0,90.0,585.0,0.154,False,NBA,Tim Duncan,26.0,SAS,PF,81.0,81.0,39.3,8.8,17.2,0.513,0.1,0.3,0.273,8.7,16.9,0.517,0.515,5.6,7.8,0.71,3.2,9.7,12.9,3.9,0.7,2.9,3.1,2.9,23.3
2003,nba dpoy,Doug Christie,chrisdo01,32,5.0,85.0,585.0,0.145,False,NBA,Doug Christie,32.0,SAC,SG,80.0,80.0,33.9,3.3,7.0,0.479,0.9,2.3,0.395,2.4,4.7,0.522,0.545,1.8,2.2,0.81,0.8,3.5,4.3,4.7,2.3,0.5,1.8,2.3,9.4
2003,nba dpoy,Allen Iverson,iversal01,27,0.0,29.0,585.0,0.05,False,NBA,Allen Iverson,27.0,PHI,SG,82.0,82.0,42.5,9.8,23.7,0.414,1.0,3.7,0.277,8.8,20.0,0.44,0.436,7.0,9.0,0.774,0.8,3.4,4.2,5.5,2.7,0.2,3.5,1.8,27.6
2003,nba dpoy,Bruce Bowen,bowenbr01,31,0.0,20.0,585.0,0.034,False,NBA,Bruce Bowen,31.0,SAS,SF,82.0,82.0,31.3,2.7,5.8,0.466,1.2,2.8,0.441,1.5,3.0,0.488,0.571,0.4,1.1,0.404,0.7,2.2,2.9,1.4,0.8,0.5,0.9,2.4,7.1
2003,nba dpoy,Kobe Bryant,bryanko01,24,0.0,16.0,585.0,0.027,False,NBA,Kobe Bryant,24.0,LAL,SG,82.0,82.0,41.5,10.6,23.5,0.451,1.5,4.0,0.383,9.1,19.5,0.465,0.483,7.3,8.7,0.843,1.3,5.6,6.9,5.9,2.2,0.8,3.5,2.7,30.0
2003,nba dpoy,Theo Ratliff,ratlith01,29,0.0,15.0,585.0,0.026,False,NBA,Theo Ratliff,29.0,ATL,C,81.0,81.0,31.1,3.4,7.3,0.464,0.0,0.0,,3.4,7.3,0.464,0.464,1.9,2.6,0.72,1.9,5.6,7.5,0.9,0.7,3.2,1.7,3.3,8.7
2003,nba dpoy,Eric Snow,snower01,29,0.0,6.0,585.0,0.01,False,NBA,Eric Snow,29.0,PHI,PG,82.0,82.0,37.9,4.4,9.7,0.452,0.1,0.4,0.219,4.3,9.4,0.462,0.456,4.0,4.6,0.858,0.9,2.8,3.7,6.6,1.6,0.1,2.4,2.9,12.9
2003,nba dpoy,Gary Payton,paytoga01,34,0.0,5.0,585.0,0.009,False,NBA,Gary Payton,34.0,2TM,PG,80.0,80.0,40.1,8.3,18.3,0.454,0.7,2.3,0.297,7.6,16.1,0.476,0.472,3.1,4.4,0.71,1.0,3.2,4.2,8.3,1.7,0.3,2.3,2.3,20.4
2003,nba dpoy,Kenyon Martin,martike01,25,0.0,4.0,585.0,0.007,False,NBA,Kenyon Martin,25.0,NJN,PF,77.0,77.0,34.1,6.6,14.1,0.47,0.1,0.6,0.209,6.5,13.5,0.481,0.475,3.3,5.1,0.653,2.1,6.2,8.3,2.4,1.3,0.9,2.5,3.8,16.7
2003,nba dpoy,Adonal Foyle,foylead01,27,0.0,3.0,585.0,0.005,False,NBA,Adonal Foyle,27.0,GSW,C,82.0,0.0,21.8,2.3,4.2,0.536,0.0,0.0,0.0,2.3,4.2,0.538,0.536,0.9,1.3,0.673,2.1,3.8,6.0,0.5,0.5,2.5,0.9,2.6,5.4
2003,nba dpoy,Shawn Marion,mariosh01,24,0.0,3.0,585.0,0.005,False,NBA,Shawn Marion,24.0,PHO,SF,81.0,81.0,41.6,8.2,18.1,0.452,1.7,4.5,0.387,6.4,13.6,0.473,0.5,3.1,3.6,0.851,2.5,7.1,9.5,2.4,2.3,1.2,1.9,2.6,21.2
2003,nba dpoy,Shaquille O'Neal,onealsh01,30,0.0,3.0,585.0,0.005,False,NBA,Shaquille O'Neal,30.0,LAL,C,67.0,66.0,37.8,10.4,18.1,0.574,0.0,0.0,,10.4,18.1,0.574,0.574,6.7,10.8,0.622,3.9,7.2,11.1,3.1,0.6,2.4,2.9,3.4,27.5
2003,nba mip,Gilbert Arenas,arenagi01,21,41.0,288.0,590.0,0.488,True,NBA,Gilbert Arenas,21.0,GSW,PG,82.0,82.0,35.0,6.2,14.4,0.431,1.3,3.8,0.348,4.9,10.6,0.461,0.478,4.5,5.7,0.791,1.2,3.5,4.7,6.3,1.5,0.2,3.5,3.2,18.3
2003,nba mip,Matt Harpring,harprma01,26,29.0,234.0,590.0,0.397,False,NBA,Matt Harpring,26.0,UTA,SF,78.0,69.0,32.8,6.7,13.1,0.511,0.8,2.1,0.413,5.8,11.0,0.529,0.543,3.4,4.2,0.792,2.4,4.2,6.6,1.7,0.9,0.2,2.1,2.8,17.6
2003,nba mip,Troy Murphy,murphtr01,22,18.0,144.0,590.0,0.244,False,NBA,Troy Murphy,22.0,GSW,PF,79.0,79.0,31.8,4.3,9.5,0.451,0.0,0.2,0.214,4.2,9.3,0.456,0.453,3.1,3.7,0.841,2.9,7.3,10.2,1.3,0.8,0.4,1.4,3.1,11.7
2003,nba mip,Tony Parker,parketo01,20,14.0,143.0,590.0,0.242,False,NBA,Tony Parker,20.0,SAS,PG,82.0,82.0,33.8,5.9,12.7,0.464,1.0,3.0,0.337,4.9,9.8,0.503,0.503,2.7,3.5,0.755,0.4,2.2,2.6,5.3,0.9,0.0,2.4,2.1,15.5
2003,nba mip,Ricky Davis,davisri01,23,2.0,43.0,590.0,0.073,False,NBA,Ricky Davis,23.0,CLE,SG,79.0,76.0,39.6,7.6,18.6,0.41,0.9,2.6,0.363,6.7,16.0,0.417,0.435,4.4,5.9,0.748,1.2,3.7,4.9,5.5,1.6,0.5,3.5,2.3,20.6
2003,nba mip,Chauncey Billups,billuch01,26,3.0,42.0,590.0,0.071,False,NBA,Chauncey Billups,26.0,DET,PG,74.0,74.0,31.4,4.9,11.8,0.421,2.0,5.1,0.392,2.9,6.6,0.443,0.506,4.3,4.9,0.878,0.5,3.2,3.7,3.9,0.9,0.2,1.8,1.8,16.2
2003,nba mip,Jason Williams,willija02,27,3.0,40.0,590.0,0.068,False,NBA,Jason Williams,27.0,MEM,PG,76.0,76.0,31.7,4.4,11.3,0.388,1.9,5.3,0.354,2.5,6.0,0.418,0.471,1.4,1.7,0.84,0.3,2.5,2.8,8.3,1.2,0.1,2.2,1.7,12.1
2003,nba mip,Richard Jefferson,jefferi01,22,2.0,23.0,590.0,0.039,False,NBA,Richard Jefferson,22.0,NJN,SF,80.0,80.0,36.0,5.7,11.4,0.501,0.1,0.3,0.25,5.6,11.1,0.507,0.504,4.1,5.5,0.743,1.9,4.6,6.4,2.5,1.0,0.6,2.0,2.7,15.5
2003,nba mip,Troy Hudson,hudsotr01,26,1.0,14.0,590.0,0.024,False,NBA,Troy Hudson,26.0,MIN,PG,79.0,74.0,32.9,5.2,12.1,0.428,1.2,3.4,0.365,3.9,8.7,0.452,0.479,2.6,2.9,0.9,0.5,1.8,2.3,5.7,0.8,0.1,2.3,2.0,14.2
2003,nba mip,Corey Maggette,maggeco01,23,0.0,12.0,590.0,0.02,False,NBA,Corey Maggette,23.0,LAC,SG,64.0,57.0,31.3,5.4,12.1,0.444,1.0,2.8,0.35,4.4,9.3,0.471,0.484,5.1,6.3,0.802,1.2,3.8,5.0,1.9,0.9,0.3,2.3,3.0,16.8
2003,nba mip,Bobby Jackson,jacksbo01,29,0.0,11.0,590.0,0.019,False,NBA,Bobby Jackson,29.0,SAC,PG,59.0,26.0,28.4,5.8,12.4,0.464,1.5,4.0,0.379,4.3,8.4,0.505,0.525,2.1,2.5,0.846,1.0,2.7,3.7,3.1,1.2,0.1,1.8,2.1,15.2
2003,nba mip,Michael Redd,reddmi01,23,1.0,9.0,590.0,0.015,False,NBA,Michael Redd,23.0,MIL,SG,82.0,14.0,28.2,5.5,11.8,0.469,2.2,5.1,0.438,3.3,6.8,0.492,0.562,1.8,2.3,0.805,1.2,3.3,4.5,1.4,1.2,0.2,0.9,1.7,15.1
2003,nba mip,Metta World Peace,artesro01,23,1.0,7.0,590.0,0.012,False,NBA,Metta World Peace,23.0,IND,SF,69.0,67.0,33.6,5.2,12.3,0.428,1.0,3.1,0.336,4.2,9.2,0.458,0.47,4.0,5.4,0.736,1.5,3.8,5.2,2.9,2.3,0.7,2.1,3.5,15.5
2003,nba mip,Andrei Kirilenko,kirilan01,21,1.0,5.0,590.0,0.008,False,NBA,Andrei Kirilenko,21.0,UTA,SF,80.0,11.0,27.7,3.9,8.0,0.491,0.5,1.4,0.325,3.5,6.6,0.527,0.519,3.7,4.6,0.8,1.8,3.4,5.3,1.7,1.5,2.2,1.7,2.3,12.0
2003,nba mip,Dirk Nowitzki,nowitdi01,24,1.0,5.0,590.0,0.008,False,NBA,Dirk Nowitzki,24.0,DAL,PF,80.0,80.0,39.0,8.6,18.6,0.463,1.9,4.9,0.379,6.8,13.7,0.493,0.513,6.0,6.9,0.881,1.0,8.9,9.9,3.0,1.4,1.0,1.9,2.6,25.1
2003,nba mip,Jermaine O'Neal,onealje01,24,1.0,5.0,590.0,0.008,False,NBA,Jermaine O'Neal,24.0,IND,PF,77.0,76.0,37.2,7.9,16.4,0.484,0.1,0.3,0.333,7.8,16.1,0.487,0.487,4.8,6.6,0.731,2.6,7.7,10.3,2.0,0.9,2.3,2.3,3.6,20.8
2003,nba mip,Stephon Marbury,marbust01,25,0.0,5.0,590.0,0.008,False,NBA,Stephon Marbury,25.0,PHO,PG,81.0,81.0,40.0,8.3,18.9,0.439,1.1,3.7,0.301,7.2,15.2,0.472,0.468,4.6,5.8,0.803,0.7,2.6,3.2,8.1,1.3,0.2,3.2,2.5,22.3
2003,nba mip,Stephen Jackson,jacksst02,24,0.0,4.0,590.0,0.007,False,NBA,Stephen Jackson,24.0,SAS,SG,80.0,58.0,28.2,4.5,10.2,0.435,1.2,3.7,0.32,3.3,6.5,0.501,0.493,1.7,2.3,0.76,0.8,2.8,3.6,2.3,1.6,0.4,2.2,2.5,11.8
2003,nba mip,Tracy McGrady,mcgratr01,23,0.0,4.0,590.0,0.007,False,NBA,Tracy McGrady,23.0,ORL,SG,75.0,74.0,39.4,11.1,24.2,0.457,2.3,6.0,0.386,8.7,18.2,0.481,0.505,7.7,9.7,0.793,1.6,4.9,6.5,5.5,1.7,0.8,2.6,2.1,32.1
2003,nba mip,Brad Miller,millebr01,26,0.0,4.0,590.0,0.007,False,NBA,Brad Miller,26.0,IND,C,73.0,72.0,31.1,4.5,9.1,0.493,0.1,0.2,0.313,4.4,8.9,0.498,0.497,4.0,4.9,0.818,2.5,5.7,8.3,2.6,0.9,0.6,1.6,2.8,13.1
2003,nba mip,Brent Barry,barrybr01,31,0.0,3.0,590.0,0.005,False,NBA,Brent Barry,31.0,SEA,SG,75.0,68.0,33.1,3.5,7.7,0.458,1.6,3.9,0.403,1.9,3.8,0.514,0.56,1.7,2.1,0.795,0.6,3.4,4.0,5.1,1.5,0.2,1.9,2.7,10.3
2003,nba mip,Kevin Garnett,garneke01,26,0.0,3.0,590.0,0.005,False,NBA,Kevin Garnett,26.0,MIN,PF,82.0,82.0,40.5,9.1,18.1,0.502,0.2,0.9,0.282,8.8,17.2,0.513,0.508,4.6,6.1,0.751,3.0,10.5,13.4,6.0,1.4,1.6,2.8,2.4,23.0
2003,nba mip,Zydrunas Ilgauskas,ilgauzy01,27,0.0,3.0,590.0,0.005,False,NBA,Zydrunas Ilgauskas,27.0,CLE,C,81.0,81.0,30.0,6.1,13.9,0.441,0.0,0.1,0.0,6.1,13.8,0.443,0.441,4.9,6.3,0.781,3.0,4.6,7.5,1.6,0.7,1.9,2.6,3.4,17.2
2003,nba mip,Eric Snow,snower01,29,0.0,3.0,590.0,0.005,False,NBA,Eric Snow,29.0,PHI,PG,82.0,82.0,37.9,4.4,9.7,0.452,0.1,0.4,0.219,4.3,9.4,0.462,0.456,4.0,4.6,0.858,0.9,2.8,3.7,6.6,1.6,0.1,2.4,2.9,12.9
2003,nba mip,Earl Boykins,boykiea01,26,0.0,2.0,590.0,0.003,False,NBA,Earl Boykins,26.0,GSW,PG,68.0,0.0,19.4,2.9,6.8,0.429,0.4,1.1,0.377,2.5,5.7,0.439,0.46,2.5,2.9,0.865,0.5,0.8,1.3,3.3,0.6,0.1,1.1,1.1,8.8
2003,nba mip,Dion Glover,glovedi01,24,0.0,1.0,590.0,0.002,False,NBA,Dion Glover,24.0,ATL,SG,76.0,42.0,24.9,3.6,8.5,0.427,0.7,2.1,0.354,2.9,6.4,0.451,0.471,1.7,2.1,0.784,0.8,2.9,3.7,1.9,0.9,0.2,1.4,1.9,9.7
2003,nba mip,Anfernee Hardaway,hardaan01,31,0.0,1.0,590.0,0.002,False,NBA,Anfernee Hardaway,31.0,PHO,SG,58.0,51.0,30.6,4.4,9.9,0.447,0.4,1.3,0.356,4.0,8.6,0.46,0.469,1.3,1.7,0.794,1.1,3.3,4.4,4.1,1.1,0.4,2.5,2.6,10.6
2003,nba mip,Antawn Jamison,jamisan01,26,0.0,1.0,590.0,0.002,False,NBA,Antawn Jamison,26.0,GSW,SF,82.0,82.0,39.3,8.4,17.9,0.47,0.8,2.5,0.311,7.6,15.4,0.496,0.492,4.6,5.8,0.789,2.4,4.7,7.0,1.9,0.9,0.5,2.2,2.4,22.2
2003,nba mip,Steve Nash,nashst01,28,0.0,1.0,590.0,0.002,False,NBA,Steve Nash,28.0,DAL,PG,82.0,82.0,33.1,6.3,13.6,0.465,1.4,3.3,0.413,5.0,10.3,0.482,0.515,3.8,4.1,0.909,0.8,2.1,2.9,7.3,1.0,0.1,2.3,1.6,17.7
2003,nba mip,Rasho Nesterović,nestera01,26,0.0,1.0,590.0,0.002,False,NBA,Rasho Nesterović,26.0,MIN,C,77.0,77.0,30.4,5.2,9.9,0.525,0.0,0.0,0.0,5.2,9.9,0.526,0.525,0.8,1.2,0.642,1.9,4.6,6.5,1.5,0.5,1.5,1.3,3.3,11.2
2003,nba mip,Stromile Swift,swiftst01,23,0.0,1.0,590.0,0.002,False,NBA,Stromile Swift,23.0,MEM,PF,67.0,26.0,22.1,3.5,7.3,0.481,0.0,0.0,0.0,3.5,7.3,0.483,0.481,2.6,3.7,0.722,1.7,4.0,5.7,0.7,0.8,1.6,1.5,2.3,9.7
2003,nba mvp,Tim Duncan,duncati01,26,60.0,962.0,1190.0,0.808,True,NBA,Tim Duncan,26.0,SAS,PF,81.0,81.0,39.3,8.8,17.2,0.513,0.1,0.3,0.273,8.7,16.9,0.517,0.515,5.6,7.8,0.71,3.2,9.7,12.9,3.9,0.7,2.9,3.1,2.9,23.3
2003,nba mvp,Kevin Garnett,garneke01,26,43.0,871.0,1190.0,0.732,False,NBA,Kevin Garnett,26.0,MIN,PF,82.0,82.0,40.5,9.1,18.1,0.502,0.2,0.9,0.282,8.8,17.2,0.513,0.508,4.6,6.1,0.751,3.0,10.5,13.4,6.0,1.4,1.6,2.8,2.4,23.0
2003,nba mvp,Kobe Bryant,bryanko01,24,8.0,496.0,1190.0,0.417,False,NBA,Kobe Bryant,24.0,LAL,SG,82.0,82.0,41.5,10.6,23.5,0.451,1.5,4.0,0.383,9.1,19.5,0.465,0.483,7.3,8.7,0.843,1.3,5.6,6.9,5.9,2.2,0.8,3.5,2.7,30.0
2003,nba mvp,Tracy McGrady,mcgratr01,23,4.0,427.0,1190.0,0.359,False,NBA,Tracy McGrady,23.0,ORL,SG,75.0,74.0,39.4,11.1,24.2,0.457,2.3,6.0,0.386,8.7,18.2,0.481,0.505,7.7,9.7,0.793,1.6,4.9,6.5,5.5,1.7,0.8,2.6,2.1,32.1
2003,nba mvp,Shaquille O'Neal,onealsh01,30,3.0,126.0,1190.0,0.106,False,NBA,Shaquille O'Neal,30.0,LAL,C,67.0,66.0,37.8,10.4,18.1,0.574,0.0,0.0,,10.4,18.1,0.574,0.574,6.7,10.8,0.622,3.9,7.2,11.1,3.1,0.6,2.4,2.9,3.4,27.5
2003,nba mvp,Allen Iverson,iversal01,27,0.0,83.0,1190.0,0.07,False,NBA,Allen Iverson,27.0,PHI,SG,82.0,82.0,42.5,9.8,23.7,0.414,1.0,3.7,0.277,8.8,20.0,0.44,0.436,7.0,9.0,0.774,0.8,3.4,4.2,5.5,2.7,0.2,3.5,1.8,27.6
2003,nba mvp,Dirk Nowitzki,nowitdi01,24,0.0,43.0,1190.0,0.036,False,NBA,Dirk Nowitzki,24.0,DAL,PF,80.0,80.0,39.0,8.6,18.6,0.463,1.9,4.9,0.379,6.8,13.7,0.493,0.513,6.0,6.9,0.881,1.0,8.9,9.9,3.0,1.4,1.0,1.9,2.6,25.1
2003,nba mvp,Ben Wallace,wallabe01,28,1.0,33.0,1190.0,0.028,False,NBA,Ben Wallace,28.0,DET,C,73.0,73.0,39.4,2.9,6.0,0.481,0.0,0.1,0.167,2.9,5.9,0.485,0.482,1.2,2.6,0.45,4.0,11.4,15.4,1.6,1.4,3.2,1.2,2.5,6.9
2003,nba mvp,Jason Kidd,kiddja01,29,0.0,31.0,1190.0,0.026,False,NBA,Jason Kidd,29.0,NJN,PG,80.0,80.0,37.4,6.4,15.6,0.414,1.6,4.6,0.341,4.9,10.9,0.445,0.465,4.2,5.0,0.841,1.4,4.9,6.3,8.9,2.2,0.3,3.7,1.6,18.7
2003,nba mvp,Chris Webber,webbech01,29,0.0,19.0,1190.0,0.016,False,NBA,Chris Webber,29.0,SAC,PF,67.0,67.0,39.1,9.9,21.4,0.461,0.1,0.3,0.238,9.8,21.1,0.465,0.463,3.2,5.3,0.607,2.4,8.1,10.5,5.4,1.6,1.3,3.2,3.0,23.0
2003,nba mvp,Jamal Mashburn,mashbja01,30,0.0,1.0,1190.0,0.001,False,NBA,Jamal Mashburn,30.0,NOH,SF,82.0,81.0,40.5,8.2,19.3,0.422,1.5,3.7,0.389,6.7,15.6,0.43,0.46,3.8,4.5,0.848,0.8,5.3,6.1,5.6,1.0,0.2,2.8,2.4,21.6
2003,nba mvp,Steve Nash,nashst01,28,0.0,1.0,1190.0,0.001,False,NBA,Steve Nash,28.0,DAL,PG,82.0,82.0,33.1,6.3,13.6,0.465,1.4,3.3,0.413,5.0,10.3,0.482,0.515,3.8,4.1,0.909,0.8,2.1,2.9,7.3,1.0,0.1,2.3,1.6,17.7
2003,nba mvp,Paul Pierce,piercpa01,25,0.0,1.0,1190.0,0.001,False,NBA,Paul Pierce,25.0,BOS,SG,79.0,79.0,39.2,8.4,20.2,0.416,1.5,4.9,0.302,6.9,15.2,0.454,0.454,7.6,9.5,0.802,1.3,6.0,7.3,4.4,1.8,0.8,3.6,2.9,25.9
2003,nba roy,Amar'e Stoudemire,stoudam01,20,59.0,458.0,585.0,0.783,True,NBA,Amar'e Stoudemire,20.0,PHO,PF,82.0,71.0,31.3,4.8,10.1,0.472,0.0,0.1,0.2,4.8,10.0,0.476,0.473,3.9,5.9,0.661,3.0,5.7,8.8,1.0,0.8,1.1,2.3,3.3,13.5
2003,nba roy,Yao Ming,mingya01,22,45.0,405.0,585.0,0.692,False,NBA,Yao Ming,22.0,HOU,C,82.0,72.0,29.0,4.9,9.8,0.498,0.0,0.0,0.5,4.9,9.8,0.498,0.499,3.7,4.5,0.811,2.4,5.8,8.2,1.7,0.4,1.8,2.1,2.8,13.5
2003,nba roy,Caron Butler,butleca01,22,13.0,179.0,585.0,0.306,False,NBA,Caron Butler,22.0,MIA,SF,78.0,78.0,36.6,5.5,13.2,0.416,0.4,1.4,0.318,5.1,11.9,0.427,0.432,4.0,4.8,0.824,1.7,3.4,5.1,2.7,1.8,0.4,2.5,2.9,15.4
2003,nba roy,Manu Ginóbili,ginobma01,25,0.0,5.0,585.0,0.009,False,NBA,Manu Ginóbili,25.0,SAS,SG,69.0,5.0,20.7,2.5,5.8,0.438,0.7,2.1,0.345,1.8,3.6,0.494,0.503,1.8,2.5,0.737,0.7,1.7,2.3,2.0,1.4,0.2,1.4,2.5,7.6
2003,nba roy,Drew Gooden,goodedr01,21,0.0,3.0,585.0,0.005,False,NBA,Drew Gooden,21.0,2TM,SF,70.0,47.0,26.8,5.1,11.1,0.457,0.2,0.7,0.292,4.9,10.4,0.468,0.466,2.2,3.0,0.712,2.3,4.2,6.5,1.2,0.8,0.5,2.1,2.5,12.5
2003,nba roy,Nenê,hilarne01,20,0.0,2.0,585.0,0.003,False,NBA,Nenê,20.0,DEN,C,80.0,53.0,28.2,4.0,7.7,0.519,0.0,0.0,0.0,4.0,7.7,0.521,0.519,2.5,4.3,0.578,2.6,3.5,6.1,1.9,1.6,0.8,2.3,3.7,10.5
2003,nba roy,Carlos Boozer,boozeca01,21,0.0,1.0,585.0,0.002,False,NBA,Carlos Boozer,21.0,CLE,PF,81.0,54.0,25.3,4.1,7.6,0.536,0.0,0.0,0.0,4.1,7.6,0.536,0.536,1.8,2.4,0.771,2.5,5.0,7.5,1.3,0.7,0.6,1.3,2.8,10.0
2003,nba smoy,Bobby Jackson,jacksbo01,29,52.0,362.0,590.0,0.614,True,NBA,Bobby Jackson,29.0,SAC,PG,59.0,26.0,28.4,5.8,12.4,0.464,1.5,4.0,0.379,4.3,8.4,0.505,0.525,2.1,2.5,0.846,1.0,2.7,3.7,3.1,1.2,0.1,1.8,2.1,15.2
2003,nba smoy,Michael Redd,reddmi01,23,33.0,257.0,590.0,0.436,False,NBA,Michael Redd,23.0,MIL,SG,82.0,14.0,28.2,5.5,11.8,0.469,2.2,5.1,0.438,3.3,6.8,0.492,0.562,1.8,2.3,0.805,1.2,3.3,4.5,1.4,1.2,0.2,0.9,1.7,15.1
2003,nba smoy,Andrei Kirilenko,kirilan01,21,10.0,127.0,590.0,0.215,False,NBA,Andrei Kirilenko,21.0,UTA,SF,80.0,11.0,27.7,3.9,8.0,0.491,0.5,1.4,0.325,3.5,6.6,0.527,0.519,3.7,4.6,0.8,1.8,3.4,5.3,1.7,1.5,2.2,1.7,2.3,12.0
2003,nba smoy,Nick Van Exel,vanexni01,31,8.0,115.0,590.0,0.195,False,NBA,Nick Van Exel,31.0,DAL,SG,73.0,1.0,27.8,4.7,11.4,0.412,1.6,4.3,0.378,3.1,7.1,0.432,0.483,1.5,2.0,0.764,0.5,2.4,2.8,4.3,0.6,0.1,1.7,1.2,12.5
2003,nba smoy,Corliss Williamson,willico02,29,5.0,87.0,590.0,0.147,False,NBA,Corliss Williamson,29.0,DET,SF,82.0,1.0,25.1,4.6,10.1,0.453,0.0,0.1,0.182,4.5,9.9,0.456,0.454,2.9,3.7,0.79,1.8,2.6,4.4,1.3,0.5,0.3,1.5,2.9,12.0
2003,nba smoy,Malik Rose,rosema01,28,6.0,57.0,590.0,0.097,False,NBA,Malik Rose,28.0,SAS,PF,79.0,13.0,24.5,3.7,8.0,0.459,0.0,0.1,0.4,3.6,7.9,0.459,0.46,3.1,3.9,0.791,1.9,4.5,6.4,1.6,0.7,0.5,2.2,2.6,10.4
2003,nba smoy,Earl Boykins,boykiea01,26,4.0,42.0,590.0,0.071,False,NBA,Earl Boykins,26.0,GSW,PG,68.0,0.0,19.4,2.9,6.8,0.429,0.4,1.1,0.377,2.5,5.7,0.439,0.46,2.5,2.9,0.865,0.5,0.8,1.3,3.3,0.6,0.1,1.1,1.1,8.8
2003,nba smoy,Al Harrington,harrial01,22,0.0,7.0,590.0,0.012,False,NBA,Al Harrington,22.0,IND,SF,82.0,37.0,30.1,4.7,10.9,0.434,0.2,0.6,0.283,4.6,10.4,0.442,0.441,2.6,3.3,0.77,1.9,4.3,6.2,1.5,0.9,0.4,2.0,3.4,12.2
2003,nba smoy,Jon Barry,barryjo01,33,0.0,4.0,590.0,0.007,False,NBA,Jon Barry,33.0,DET,SG,80.0,0.0,18.4,2.4,5.3,0.45,1.1,2.7,0.407,1.3,2.6,0.495,0.553,1.1,1.3,0.86,0.4,1.8,2.3,2.6,0.8,0.2,1.0,1.3,6.9
2003,nba smoy,Toni Kukoč,kukocto01,34,0.0,3.0,590.0,0.005,False,NBA,Toni Kukoč,34.0,MIL,PF,63.0,0.0,27.0,4.0,9.2,0.432,1.5,4.2,0.361,2.4,5.0,0.49,0.514,2.2,3.1,0.706,1.1,3.2,4.2,3.7,1.3,0.5,1.9,2.1,11.6
2003,nba smoy,Keon Clark,clarkke01,27,0.0,1.0,590.0,0.002,False,NBA,Keon Clark,27.0,SAC,C,80.0,11.0,22.3,2.8,5.6,0.501,0.0,0.1,0.0,2.8,5.6,0.506,0.501,1.1,1.6,0.656,1.7,3.9,5.6,1.0,0.5,1.9,1.2,2.8,6.7
2003,nba smoy,Lucious Harris,harrilu01,32,0.0,1.0,590.0,0.002,False,NBA,Lucious Harris,32.0,NJN,SG,77.0,25.0,25.6,3.9,9.4,0.413,0.6,1.8,0.346,3.3,7.6,0.429,0.446,2.0,2.5,0.804,0.8,2.2,3.0,2.0,0.7,0.1,0.9,1.2,10.3
2003,nba smoy,Joe Johnson,johnsjo02,21,0.0,1.0,590.0,0.002,False,NBA,Joe Johnson,21.0,PHO,SG,82.0,34.0,27.5,3.9,9.7,0.397,0.9,2.5,0.366,2.9,7.2,0.408,0.444,1.2,1.5,0.774,0.7,2.5,3.2,2.6,0.8,0.2,1.3,1.7,9.8
2002,nba dpoy,Ben Wallace,wallabe01,27,116.0,116.0,120.0,0.967,True,NBA,Ben Wallace,27.0,DET,C,80.0,80.0,36.5,3.2,6.0,0.531,0.0,0.0,0.0,3.2,6.0,0.535,0.531,1.2,2.9,0.423,4.0,9.0,13.0,1.4,1.7,3.5,0.9,2.2,7.6
2002,nba dpoy,Kevin Garnett,garneke01,25,2.0,2.0,120.0,0.017,False,NBA,Kevin Garnett,25.0,MIN,PF,81.0,81.0,39.2,8.1,17.3,0.47,0.5,1.4,0.319,7.7,15.9,0.484,0.484,4.4,5.5,0.801,3.0,9.1,12.1,5.2,1.2,1.6,2.8,2.3,21.2
2002,nba dpoy,Kobe Bryant,bryanko01,23,1.0,1.0,120.0,0.008,False,NBA,Kobe Bryant,23.0,LAL,SG,80.0,80.0,38.3,9.4,20.0,0.469,0.4,1.7,0.25,9.0,18.3,0.489,0.479,6.1,7.4,0.829,1.4,4.1,5.5,5.5,1.5,0.4,2.8,2.9,25.2
2002,nba dpoy,Dikembe Mutombo,mutomdi01,35,1.0,1.0,120.0,0.008,False,NBA,Dikembe Mutombo,35.0,PHI,C,80.0,80.0,36.3,4.0,8.0,0.501,0.0,0.0,,4.0,8.0,0.501,0.501,3.5,4.6,0.764,3.2,7.6,10.8,1.0,0.4,2.4,2.0,3.0,11.5
2002,nba mip,Jermaine O'Neal,onealje01,23,52.0,52.0,126.0,0.413,True,NBA,Jermaine O'Neal,23.0,IND,PF,72.0,72.0,37.6,7.5,15.7,0.479,0.0,0.2,0.071,7.5,15.5,0.484,0.48,3.9,5.7,0.688,2.6,7.9,10.5,1.6,0.6,2.3,2.4,3.7,19.0
2002,nba mip,Ben Wallace,wallabe01,27,16.0,16.0,126.0,0.127,False,NBA,Ben Wallace,27.0,DET,C,80.0,80.0,36.5,3.2,6.0,0.531,0.0,0.0,0.0,3.2,6.0,0.535,0.531,1.2,2.9,0.423,4.0,9.0,13.0,1.4,1.7,3.5,0.9,2.2,7.6
2002,nba mip,Steve Nash,nashst01,27,9.0,9.0,126.0,0.071,False,NBA,Steve Nash,27.0,DAL,PG,82.0,82.0,34.6,6.4,13.3,0.483,1.9,4.2,0.455,4.5,9.1,0.495,0.554,3.2,3.6,0.887,0.6,2.5,3.1,7.7,0.6,0.0,2.8,2.0,17.9
2002,nba mip,Jerry Stackhouse,stackje01,27,7.0,7.0,126.0,0.056,False,NBA,Jerry Stackhouse,27.0,DET,SF,76.0,76.0,35.3,6.9,17.4,0.397,1.1,3.9,0.287,5.8,13.4,0.43,0.43,6.5,7.6,0.858,1.0,3.1,4.1,5.3,1.0,0.5,3.5,2.1,21.4
2002,nba mip,Brent Barry,barrybr01,30,6.0,6.0,126.0,0.048,False,NBA,Brent Barry,30.0,SEA,SG,81.0,81.0,37.5,5.0,9.8,0.508,2.0,4.8,0.424,2.9,5.0,0.588,0.611,2.4,2.9,0.846,0.7,4.7,5.4,5.3,1.8,0.5,2.0,2.2,14.4
2002,nba mip,Wally Szczerbiak,szczewa02,24,5.0,5.0,126.0,0.04,False,NBA,Wally Szczerbiak,24.0,MIN,SF,82.0,82.0,38.0,7.4,14.6,0.508,1.1,2.3,0.455,6.4,12.3,0.517,0.544,2.8,3.3,0.831,1.5,3.3,4.8,3.1,0.8,0.3,2.2,2.3,18.7
2002,nba mip,Troy Hudson,hudsotr01,25,4.0,4.0,126.0,0.032,False,NBA,Troy Hudson,25.0,ORL,PG,81.0,4.0,22.9,4.4,10.1,0.434,0.8,2.3,0.353,3.6,7.8,0.459,0.475,2.2,2.5,0.876,0.4,1.4,1.8,3.1,0.7,0.1,2.0,1.5,11.7
2002,nba mip,Michael Olowokandi,olowomi01,26,4.0,4.0,126.0,0.032,False,NBA,Michael Olowokandi,26.0,LAC,C,80.0,79.0,32.1,4.8,11.1,0.433,0.0,0.0,,4.8,11.1,0.433,0.433,1.5,2.4,0.622,2.1,6.8,8.9,1.1,0.7,1.8,2.2,2.7,11.1
2002,nba mip,Kenyon Martin,martike01,24,3.0,3.0,126.0,0.024,False,NBA,Kenyon Martin,24.0,NJN,PF,73.0,73.0,34.3,6.1,13.2,0.463,0.2,0.9,0.224,5.9,12.3,0.48,0.47,2.5,3.7,0.678,1.5,3.8,5.3,2.6,1.2,1.7,2.4,3.6,14.9
2002,nba mip,Andre Miller,millean02,25,3.0,3.0,126.0,0.024,False,NBA,Andre Miller,25.0,CLE,PG,81.0,81.0,37.3,5.9,12.9,0.454,0.3,1.1,0.253,5.6,11.8,0.472,0.464,4.5,5.5,0.817,1.3,3.3,4.7,10.9,1.6,0.4,3.0,2.8,16.5
2002,nba mip,Michael Redd,reddmi01,22,3.0,3.0,126.0,0.024,False,NBA,Michael Redd,22.0,MIL,SG,67.0,8.0,21.1,4.4,9.1,0.483,1.3,3.0,0.444,3.1,6.1,0.501,0.555,1.4,1.7,0.791,1.1,2.2,3.3,1.4,0.6,0.1,0.9,1.4,11.4
2002,nba mip,Desmond Mason,masonde01,24,2.0,2.0,126.0,0.016,False,NBA,Desmond Mason,24.0,SEA,SF,75.0,20.0,32.3,4.8,10.3,0.464,0.2,0.8,0.271,4.5,9.5,0.48,0.475,2.7,3.2,0.848,1.2,3.5,4.7,1.4,0.9,0.4,1.4,2.3,12.4
2002,nba mip,Gary Payton,paytoga01,33,2.0,2.0,126.0,0.016,False,NBA,Gary Payton,33.0,SEA,PG,82.0,82.0,40.3,9.0,19.2,0.467,0.9,2.9,0.314,8.1,16.4,0.494,0.49,3.3,4.1,0.797,1.0,3.9,4.8,9.0,1.6,0.3,2.5,2.2,22.1
2002,nba mip,Kenny Thomas,thomake01,24,2.0,2.0,126.0,0.016,False,NBA,Kenny Thomas,24.0,HOU,PF,72.0,71.0,34.5,5.5,11.5,0.478,0.0,0.2,0.0,5.5,11.3,0.487,0.478,3.1,4.7,0.664,2.2,5.0,7.2,1.9,1.2,0.9,2.0,2.7,14.1
2002,nba mip,Hedo Türkoğlu,turkohe01,22,2.0,2.0,126.0,0.016,False,NBA,Hedo Türkoğlu,22.0,SAC,SF,80.0,10.0,24.6,3.6,8.6,0.422,0.8,2.1,0.368,2.8,6.5,0.44,0.468,2.1,2.9,0.726,0.8,3.8,4.5,2.0,0.7,0.4,1.0,2.3,10.1
2002,nba mip,Ricky Davis,davisri01,22,1.0,1.0,126.0,0.008,False,NBA,Ricky Davis,22.0,CLE,SF,82.0,8.0,23.8,4.6,9.5,0.481,0.1,0.4,0.314,4.5,9.1,0.489,0.488,2.4,3.0,0.79,0.8,2.2,3.0,2.2,0.8,0.3,1.8,1.8,11.7
2002,nba mip,Bobby Jackson,jacksbo01,28,1.0,1.0,126.0,0.008,False,NBA,Bobby Jackson,28.0,SAC,PG,81.0,3.0,21.6,4.1,9.3,0.443,1.0,2.7,0.361,3.1,6.6,0.477,0.495,1.8,2.3,0.81,1.0,2.1,3.1,2.0,0.9,0.1,1.1,1.8,11.1
2002,nba mip,Todd MacCulloch,maccuto01,26,1.0,1.0,126.0,0.008,False,NBA,Todd MacCulloch,26.0,NJN,C,62.0,61.0,24.2,4.0,7.5,0.531,0.0,0.0,,4.0,7.5,0.531,0.531,1.8,2.6,0.671,2.5,3.6,6.1,1.3,0.4,1.4,1.1,2.9,9.7
2002,nba mip,Lee Nailon,nailole01,26,1.0,1.0,126.0,0.008,False,NBA,Lee Nailon,26.0,CHH,SF,79.0,41.0,24.2,4.7,9.7,0.483,0.0,0.0,0.5,4.7,9.6,0.483,0.484,1.4,1.9,0.747,1.3,2.4,3.7,1.2,0.7,0.2,1.2,2.2,10.8
2002,nba mip,Wesley Person,persowe01,30,1.0,1.0,126.0,0.008,False,NBA,Wesley Person,30.0,CLE,SG,78.0,78.0,35.8,6.0,12.1,0.495,1.8,4.1,0.444,4.2,8.0,0.521,0.57,1.3,1.6,0.798,0.6,3.1,3.8,2.2,1.0,0.5,0.9,1.2,15.1
2002,nba mip,Jason Terry,terryja01,24,1.0,1.0,126.0,0.008,False,NBA,Jason Terry,24.0,ATL,SG,78.0,78.0,38.0,6.7,15.6,0.43,2.2,5.7,0.387,4.5,9.9,0.454,0.5,3.6,4.4,0.835,0.5,2.9,3.5,5.7,1.8,0.2,2.3,2.0,19.3
2002,nba mvp,Tim Duncan,duncati01,25,57.0,954.0,1260.0,0.757,True,NBA,Tim Duncan,25.0,SAS,PF,82.0,82.0,40.6,9.3,18.3,0.508,0.0,0.1,0.1,9.3,18.2,0.511,0.508,6.8,8.5,0.799,3.3,9.4,12.7,3.7,0.7,2.5,3.2,2.6,25.5
2002,nba mvp,Jason Kidd,kiddja01,28,45.0,897.0,1260.0,0.712,False,NBA,Jason Kidd,28.0,NJN,PG,82.0,82.0,37.3,5.4,13.9,0.391,1.4,4.4,0.321,4.0,9.4,0.424,0.442,2.5,3.0,0.814,1.6,5.7,7.3,9.9,2.1,0.2,3.5,1.7,14.7
2002,nba mvp,Shaquille O'Neal,onealsh01,29,15.0,696.0,1260.0,0.552,False,NBA,Shaquille O'Neal,29.0,LAL,C,67.0,66.0,36.1,10.6,18.3,0.579,0.0,0.0,0.0,10.6,18.3,0.58,0.579,5.9,10.7,0.555,3.5,7.2,10.7,3.0,0.6,2.0,2.6,3.0,27.2
2002,nba mvp,Tracy McGrady,mcgratr01,22,7.0,390.0,1260.0,0.31,False,NBA,Tracy McGrady,22.0,ORL,SG,76.0,76.0,38.3,9.4,20.9,0.451,1.4,3.7,0.364,8.1,17.1,0.47,0.483,5.5,7.3,0.748,2.0,5.9,7.9,5.3,1.6,1.0,2.5,1.8,25.6
2002,nba mvp,Kobe Bryant,bryanko01,23,1.0,98.0,1260.0,0.078,False,NBA,Kobe Bryant,23.0,LAL,SG,80.0,80.0,38.3,9.4,20.0,0.469,0.4,1.7,0.25,9.0,18.3,0.489,0.479,6.1,7.4,0.829,1.4,4.1,5.5,5.5,1.5,0.4,2.8,2.9,25.2
2002,nba mvp,Gary Payton,paytoga01,33,1.0,54.0,1260.0,0.043,False,NBA,Gary Payton,33.0,SEA,PG,82.0,82.0,40.3,9.0,19.2,0.467,0.9,2.9,0.314,8.1,16.4,0.494,0.49,3.3,4.1,0.797,1.0,3.9,4.8,9.0,1.6,0.3,2.5,2.2,22.1
2002,nba mvp,Chris Webber,webbech01,28,0.0,37.0,1260.0,0.029,False,NBA,Chris Webber,28.0,SAC,PF,54.0,54.0,38.4,9.9,19.9,0.495,0.1,0.4,0.263,9.8,19.6,0.499,0.497,4.7,6.3,0.749,2.8,7.3,10.1,4.8,1.7,1.4,2.9,3.4,24.5
2002,nba mvp,Dirk Nowitzki,nowitdi01,23,0.0,31.0,1260.0,0.025,False,NBA,Dirk Nowitzki,23.0,DAL,C,76.0,76.0,38.0,7.9,16.6,0.477,1.8,4.6,0.397,6.1,11.9,0.508,0.532,5.8,6.8,0.853,1.6,8.4,9.9,2.4,1.1,1.0,1.9,2.9,23.4
2002,nba mvp,Allen Iverson,iversal01,26,0.0,29.0,1260.0,0.023,False,NBA,Allen Iverson,26.0,PHI,SG,60.0,59.0,43.7,11.1,27.8,0.398,1.3,4.5,0.291,9.8,23.4,0.419,0.422,7.9,9.8,0.812,0.7,3.8,4.5,5.5,2.8,0.2,4.0,1.7,31.4
2002,nba mvp,Ben Wallace,wallabe01,27,0.0,24.0,1260.0,0.019,False,NBA,Ben Wallace,27.0,DET,C,80.0,80.0,36.5,3.2,6.0,0.531,0.0,0.0,0.0,3.2,6.0,0.535,0.531,1.2,2.9,0.423,4.0,9.0,13.0,1.4,1.7,3.5,0.9,2.2,7.6
2002,nba mvp,Paul Pierce,piercpa01,24,0.0,22.0,1260.0,0.017,False,NBA,Paul Pierce,24.0,BOS,SG,82.0,82.0,40.3,8.6,19.5,0.442,2.6,6.3,0.404,6.1,13.1,0.461,0.508,6.3,7.8,0.809,1.0,5.9,6.9,3.2,1.9,1.0,2.9,2.9,26.1
2002,nba mvp,Kevin Garnett,garneke01,25,0.0,17.0,1260.0,0.013,False,NBA,Kevin Garnett,25.0,MIN,PF,81.0,81.0,39.2,8.1,17.3,0.47,0.5,1.4,0.319,7.7,15.9,0.484,0.484,4.4,5.5,0.801,3.0,9.1,12.1,5.2,1.2,1.6,2.8,2.3,21.2
2002,nba mvp,Michael Jordan,jordami01,38,0.0,16.0,1260.0,0.013,False,NBA,Michael Jordan,38.0,WAS,SF,60.0,53.0,34.9,9.2,22.1,0.416,0.2,0.9,0.189,9.0,21.2,0.426,0.42,4.4,5.6,0.79,0.8,4.8,5.7,5.2,1.4,0.4,2.7,2.0,22.9
2002,nba mvp,Steve Nash,nashst01,27,0.0,5.0,1260.0,0.004,False,NBA,Steve Nash,27.0,DAL,PG,82.0,82.0,34.6,6.4,13.3,0.483,1.9,4.2,0.455,4.5,9.1,0.495,0.554,3.2,3.6,0.887,0.6,2.5,3.1,7.7,0.6,0.0,2.8,2.0,17.9
2002,nba mvp,Jerry Stackhouse,stackje01,27,0.0,3.0,1260.0,0.002,False,NBA,Jerry Stackhouse,27.0,DET,SF,76.0,76.0,35.3,6.9,17.4,0.397,1.1,3.9,0.287,5.8,13.4,0.43,0.43,6.5,7.6,0.858,1.0,3.1,4.1,5.3,1.0,0.5,3.5,2.1,21.4
2002,nba mvp,Mike Bibby,bibbymi01,23,0.0,1.0,1260.0,0.001,False,NBA,Mike Bibby,23.0,SAC,PG,80.0,80.0,33.2,5.6,12.3,0.453,0.6,1.7,0.37,4.9,10.6,0.466,0.479,1.9,2.4,0.803,0.5,2.3,2.8,5.0,1.1,0.2,1.7,1.7,13.7
2002,nba mvp,Elton Brand,brandel01,22,0.0,1.0,1260.0,0.001,False,NBA,Elton Brand,22.0,LAC,PF,80.0,80.0,37.8,6.7,12.6,0.527,0.0,0.0,,6.7,12.6,0.527,0.527,4.9,6.6,0.742,5.0,6.6,11.6,2.4,1.0,2.0,2.2,3.2,18.2
2002,nba mvp,Peja Stojaković,stojape01,24,0.0,1.0,1260.0,0.001,False,NBA,Peja Stojaković,24.0,SAC,SF,71.0,71.0,37.3,7.7,15.9,0.484,1.8,4.4,0.416,5.9,11.5,0.51,0.541,4.0,4.5,0.876,1.0,4.2,5.3,2.5,1.1,0.2,2.0,1.7,21.2
2002,nba roy,Pau Gasol,gasolpa01,21,117.0,117.0,126.0,0.929,True,NBA,Pau Gasol,21.0,MEM,PF,82.0,79.0,36.7,6.7,13.0,0.518,0.0,0.1,0.2,6.7,12.9,0.519,0.518,4.1,5.8,0.709,2.9,6.0,8.9,2.7,0.5,2.1,2.7,2.4,17.6
2002,nba roy,Richard Jefferson,jefferi01,21,3.0,3.0,126.0,0.024,False,NBA,Richard Jefferson,21.0,NJN,SF,79.0,9.0,24.3,3.4,7.5,0.457,0.2,0.7,0.232,3.3,6.8,0.48,0.468,2.4,3.4,0.713,1.1,2.6,3.7,1.8,0.8,0.6,1.4,2.7,9.4
2002,nba roy,Andrei Kirilenko,kirilan01,20,2.0,2.0,126.0,0.016,False,NBA,Andrei Kirilenko,20.0,UTA,SF,82.0,40.0,26.2,3.5,7.7,0.45,0.3,1.2,0.25,3.2,6.5,0.488,0.47,3.5,4.5,0.768,1.8,3.1,4.9,1.1,1.4,1.9,1.3,1.9,10.7
2002,nba roy,Jason Richardson,richaja01,21,2.0,2.0,126.0,0.016,False,NBA,Jason Richardson,21.0,GSW,SG,80.0,75.0,32.9,5.8,13.6,0.426,1.0,3.1,0.333,4.8,10.6,0.453,0.463,1.8,2.6,0.671,1.6,2.7,4.3,3.0,1.3,0.4,2.0,2.4,14.4
2002,nba roy,Jamaal Tinsley,tinslja01,23,2.0,2.0,126.0,0.016,False,NBA,Jamaal Tinsley,23.0,IND,PG,80.0,78.0,30.5,3.6,9.5,0.38,0.5,2.2,0.24,3.1,7.3,0.422,0.408,1.6,2.3,0.704,1.0,2.8,3.7,8.1,1.7,0.5,3.4,3.1,9.4
2002,nba smoy,Corliss Williamson,willico02,28,56.0,56.0,125.0,0.448,True,NBA,Corliss Williamson,28.0,DET,SF,78.0,7.0,21.8,5.3,10.3,0.51,0.0,0.1,0.2,5.3,10.3,0.512,0.511,3.1,3.8,0.805,1.5,2.6,4.1,1.2,0.6,0.3,1.8,2.9,13.6
2002,nba smoy,Bobby Jackson,jacksbo01,28,30.0,30.0,125.0,0.24,False,NBA,Bobby Jackson,28.0,SAC,PG,81.0,3.0,21.6,4.1,9.3,0.443,1.0,2.7,0.361,3.1,6.6,0.477,0.495,1.8,2.3,0.81,1.0,2.1,3.1,2.0,0.9,0.1,1.1,1.8,11.1
2002,nba smoy,Quentin Richardson,richaqu01,21,20.0,20.0,125.0,0.16,False,NBA,Quentin Richardson,21.0,LAC,SG,81.0,0.0,26.6,4.9,11.4,0.432,1.6,4.3,0.381,3.3,7.1,0.463,0.504,1.8,2.3,0.765,1.4,2.7,4.1,1.6,1.0,0.3,1.3,1.8,13.3
2002,nba smoy,Malik Rose,rosema01,27,8.0,8.0,125.0,0.064,False,NBA,Malik Rose,27.0,SAS,PF,82.0,1.0,21.0,3.6,7.7,0.463,0.0,0.1,0.083,3.6,7.6,0.47,0.464,2.3,3.1,0.72,2.1,3.9,6.0,0.7,0.9,0.5,1.7,2.5,9.4
2002,nba smoy,Troy Hudson,hudsotr01,25,3.0,3.0,125.0,0.024,False,NBA,Troy Hudson,25.0,ORL,PG,81.0,4.0,22.9,4.4,10.1,0.434,0.8,2.3,0.353,3.6,7.8,0.459,0.475,2.2,2.5,0.876,0.4,1.4,1.8,3.1,0.7,0.1,2.0,1.5,11.7
2002,nba smoy,Desmond Mason,masonde01,24,3.0,3.0,125.0,0.024,False,NBA,Desmond Mason,24.0,SEA,SF,75.0,20.0,32.3,4.8,10.3,0.464,0.2,0.8,0.271,4.5,9.5,0.48,0.475,2.7,3.2,0.848,1.2,3.5,4.7,1.4,0.9,0.4,1.4,2.3,12.4
2002,nba smoy,Hedo Türkoğlu,turkohe01,22,2.0,2.0,125.0,0.016,False,NBA,Hedo Türkoğlu,22.0,SAC,SF,80.0,10.0,24.6,3.6,8.6,0.422,0.8,2.1,0.368,2.8,6.5,0.44,0.468,2.1,2.9,0.726,0.8,3.8,4.5,2.0,0.7,0.4,1.0,2.3,10.1
2002,nba smoy,Ricky Davis,davisri01,22,1.0,1.0,125.0,0.008,False,NBA,Ricky Davis,22.0,CLE,SF,82.0,8.0,23.8,4.6,9.5,0.481,0.1,0.4,0.314,4.5,9.1,0.489,0.488,2.4,3.0,0.79,0.8,2.2,3.0,2.2,0.8,0.3,1.8,1.8,11.7
2002,nba smoy,Robert Horry,horryro01,31,1.0,1.0,125.0,0.008,False,NBA,Robert Horry,31.0,LAL,PF,81.0,23.0,26.4,2.3,5.7,0.398,0.9,2.5,0.374,1.3,3.2,0.416,0.48,1.3,1.7,0.783,1.6,4.3,5.9,2.9,1.0,1.1,1.1,2.6,6.8
2002,nba smoy,Jacque Vaughn,vaughja01,26,1.0,1.0,125.0,0.008,False,NBA,Jacque Vaughn,26.0,ATL,PG,82.0,16.0,22.6,2.5,5.3,0.47,0.3,0.7,0.444,2.2,4.7,0.474,0.498,1.3,1.5,0.825,0.2,1.8,2.0,4.3,0.8,0.0,1.4,2.2,6.6
2001,nba dpoy,Dikembe Mutombo,mutomdi01,34,48.0,48.0,123.0,0.39,True,NBA,Dikembe Mutombo,34.0,2TM,C,75.0,75.0,34.5,3.6,7.4,0.484,0.0,0.0,,3.6,7.4,0.484,0.484,2.8,3.9,0.725,4.1,9.4,13.5,1.0,0.4,2.7,1.9,2.7,10.0
2001,nba dpoy,Kevin Garnett,garneke01,24,26.0,26.0,123.0,0.211,False,NBA,Kevin Garnett,24.0,MIN,PF,81.0,81.0,39.5,8.7,18.2,0.477,0.2,0.8,0.288,8.5,17.4,0.486,0.484,4.4,5.8,0.764,2.7,8.7,11.4,5.0,1.4,1.8,2.8,2.5,22.0
2001,nba dpoy,Tim Duncan,duncati01,24,14.0,14.0,123.0,0.114,False,NBA,Tim Duncan,24.0,SAS,PF,82.0,82.0,38.7,8.6,17.1,0.499,0.1,0.3,0.259,8.5,16.8,0.504,0.502,5.0,8.1,0.618,3.2,9.0,12.2,3.0,0.9,2.3,3.0,3.0,22.2
2001,nba dpoy,Doug Christie,chrisdo01,30,9.0,9.0,123.0,0.073,False,NBA,Doug Christie,30.0,SAC,SG,81.0,81.0,36.3,3.8,9.7,0.395,1.2,3.1,0.376,2.7,6.6,0.403,0.454,3.5,3.9,0.897,1.2,3.2,4.4,3.6,2.3,0.6,1.9,2.8,12.3
2001,nba dpoy,David Robinson,robinda01,35,6.0,6.0,123.0,0.049,False,NBA,David Robinson,35.0,SAS,C,80.0,80.0,29.6,5.0,10.3,0.486,0.0,0.0,0.0,5.0,10.3,0.487,0.486,4.4,5.9,0.747,2.6,6.0,8.6,1.5,1.0,2.5,1.5,2.7,14.4
2001,nba dpoy,Ben Wallace,wallabe01,26,6.0,6.0,123.0,0.049,False,NBA,Ben Wallace,26.0,DET,C,80.0,80.0,34.5,2.7,5.5,0.49,0.0,0.1,0.25,2.7,5.4,0.492,0.491,1.0,3.0,0.336,3.8,9.4,13.2,1.5,1.3,2.3,1.5,2.4,6.4
2001,nba dpoy,Theo Ratliff,ratlith01,27,4.0,4.0,123.0,0.033,False,NBA,Theo Ratliff,27.0,PHI,C,50.0,50.0,36.0,4.6,9.1,0.499,0.0,0.0,,4.6,9.1,0.499,0.499,3.3,4.3,0.76,2.5,5.8,8.3,1.2,0.6,3.7,2.5,3.3,12.4
2001,nba dpoy,Bruce Bowen,bowenbr01,29,2.0,2.0,123.0,0.016,False,NBA,Bruce Bowen,29.0,MIA,SF,82.0,72.0,32.7,2.6,7.1,0.363,1.3,3.7,0.336,1.3,3.3,0.394,0.452,1.2,2.0,0.609,0.5,2.4,3.0,1.6,1.0,0.6,0.9,3.3,7.6
2001,nba dpoy,Anthony Mason,masonan01,34,2.0,2.0,123.0,0.016,False,NBA,Anthony Mason,34.0,MIA,PF,80.0,80.0,40.7,5.8,11.9,0.482,0.0,0.0,,5.8,11.9,0.482,0.482,4.6,5.9,0.781,2.1,7.5,9.6,3.1,1.0,0.3,2.2,2.9,16.1
2001,nba dpoy,Shaquille O'Neal,onealsh01,28,2.0,2.0,123.0,0.016,False,NBA,Shaquille O'Neal,28.0,LAL,C,74.0,74.0,39.5,11.0,19.2,0.572,0.0,0.0,0.0,11.0,19.2,0.573,0.572,6.7,13.1,0.513,3.9,8.8,12.7,3.7,0.6,2.8,2.9,3.5,28.7
2001,nba dpoy,Kobe Bryant,bryanko01,22,1.0,1.0,123.0,0.008,False,NBA,Kobe Bryant,22.0,LAL,SG,68.0,68.0,40.9,10.3,22.2,0.464,0.9,2.9,0.305,9.4,19.3,0.489,0.484,7.0,8.2,0.853,1.5,4.3,5.9,5.0,1.7,0.6,3.2,3.3,28.5
2001,nba dpoy,Allen Iverson,iversal01,25,1.0,1.0,123.0,0.008,False,NBA,Allen Iverson,25.0,PHI,SG,71.0,71.0,42.0,10.7,25.5,0.42,1.4,4.3,0.32,9.4,21.2,0.441,0.447,8.2,10.1,0.814,0.7,3.1,3.8,4.6,2.5,0.3,3.3,2.1,31.1
2001,nba dpoy,Jason Kidd,kiddja01,27,1.0,1.0,123.0,0.008,False,NBA,Jason Kidd,27.0,PHO,PG,77.0,76.0,39.8,5.9,14.2,0.411,0.9,3.0,0.297,5.0,11.2,0.442,0.443,4.3,5.2,0.814,1.2,5.2,6.4,9.8,2.2,0.3,3.7,2.2,16.9
2001,nba dpoy,Shawn Marion,mariosh01,22,1.0,1.0,123.0,0.008,False,NBA,Shawn Marion,22.0,PHO,SF,79.0,79.0,36.2,7.1,14.7,0.48,0.3,1.0,0.256,6.8,13.6,0.497,0.489,3.0,3.7,0.81,2.8,7.9,10.7,2.0,1.7,1.4,1.6,2.7,17.3
2001,nba mip,Tracy McGrady,mcgratr01,21,74.0,74.0,124.0,0.597,True,NBA,Tracy McGrady,21.0,ORL,SG,77.0,77.0,40.1,10.2,22.4,0.457,0.8,2.2,0.355,9.5,20.2,0.468,0.474,5.6,7.6,0.733,2.5,5.0,7.5,4.6,1.5,1.5,2.6,2.1,26.8
2001,nba mip,Peja Stojaković,stojape01,23,14.0,14.0,124.0,0.113,False,NBA,Peja Stojaković,23.0,SAC,SF,75.0,75.0,38.7,7.5,15.9,0.47,1.9,4.8,0.4,5.5,11.1,0.501,0.531,3.6,4.2,0.856,1.2,4.5,5.8,2.2,1.2,0.2,1.9,1.9,20.4
2001,nba mip,Steve Nash,nashst01,26,12.0,12.0,124.0,0.097,False,NBA,Steve Nash,26.0,DAL,PG,70.0,70.0,34.1,5.5,11.3,0.487,1.3,3.1,0.406,4.2,8.2,0.518,0.544,3.3,3.7,0.895,0.7,2.5,3.2,7.3,1.0,0.1,2.9,2.3,15.6
2001,nba mip,Shawn Marion,mariosh01,22,6.0,6.0,124.0,0.048,False,NBA,Shawn Marion,22.0,PHO,SF,79.0,79.0,36.2,7.1,14.7,0.48,0.3,1.0,0.256,6.8,13.6,0.497,0.489,3.0,3.7,0.81,2.8,7.9,10.7,2.0,1.7,1.4,1.6,2.7,17.3
2001,nba mip,Baron Davis,davisba01,21,4.0,4.0,124.0,0.032,False,NBA,Baron Davis,21.0,CHH,PG,82.0,82.0,38.9,5.0,11.7,0.427,1.0,3.3,0.31,4.0,8.3,0.474,0.472,2.8,4.1,0.677,1.6,3.4,5.0,7.3,2.1,0.4,2.8,3.3,13.8
2001,nba mip,Dirk Nowitzki,nowitdi01,22,4.0,4.0,124.0,0.032,False,NBA,Dirk Nowitzki,22.0,DAL,PF,82.0,82.0,38.1,7.2,15.2,0.474,1.8,4.8,0.387,5.4,10.5,0.513,0.534,5.5,6.6,0.838,1.5,7.7,9.2,2.1,1.0,1.2,1.9,3.0,21.8
2001,nba mip,Travis Best,besttr01,28,2.0,2.0,124.0,0.016,False,NBA,Travis Best,28.0,IND,PG,77.0,21.0,31.9,4.5,10.2,0.44,0.5,1.3,0.381,4.0,9.0,0.449,0.464,2.4,2.9,0.827,0.5,2.4,2.9,6.1,1.4,0.1,1.6,3.2,11.9
2001,nba mip,Jason Terry,terryja01,23,2.0,2.0,124.0,0.016,False,NBA,Jason Terry,23.0,ATL,SG,82.0,77.0,37.7,7.3,16.7,0.436,1.5,3.8,0.395,5.8,12.8,0.448,0.481,3.7,4.4,0.846,0.5,2.8,3.3,4.9,1.3,0.1,2.9,2.5,19.7
2001,nba mip,Richard Hamilton,hamilri01,22,1.0,1.0,124.0,0.008,False,NBA,Richard Hamilton,22.0,WAS,SF,78.0,42.0,32.3,7.0,16.0,0.438,0.5,1.9,0.274,6.5,14.1,0.46,0.454,3.6,4.1,0.868,1.0,2.1,3.1,2.9,1.0,0.1,2.6,2.6,18.1
2001,nba mip,Donyell Marshall,marshdo01,27,1.0,1.0,124.0,0.008,False,NBA,Donyell Marshall,27.0,UTA,SF,81.0,49.0,28.7,5.3,10.5,0.503,0.5,1.6,0.32,4.8,8.9,0.535,0.527,2.5,3.4,0.751,2.1,4.9,7.0,1.6,1.0,1.0,1.6,2.4,13.6
2001,nba mip,Jeff McInnis,mcinnje01,26,1.0,1.0,124.0,0.008,False,NBA,Jeff McInnis,26.0,LAC,PG,81.0,81.0,35.0,5.3,11.5,0.463,0.6,1.8,0.361,4.7,9.7,0.482,0.491,1.6,2.0,0.807,0.5,2.2,2.7,5.5,0.9,0.1,1.4,2.5,12.9
2001,nba mip,Ben Wallace,wallabe01,26,1.0,1.0,124.0,0.008,False,NBA,Ben Wallace,26.0,DET,C,80.0,80.0,34.5,2.7,5.5,0.49,0.0,0.1,0.25,2.7,5.4,0.492,0.491,1.0,3.0,0.336,3.8,9.4,13.2,1.5,1.3,2.3,1.5,2.4,6.4
2001,nba mip,Bonzi Wells,wellsbo01,24,1.0,1.0,124.0,0.008,False,NBA,Bonzi Wells,24.0,POR,SF,75.0,46.0,26.6,5.2,9.7,0.533,0.2,0.7,0.34,4.9,9.0,0.547,0.545,2.1,3.2,0.663,1.6,3.3,4.9,2.8,1.3,0.3,2.3,2.7,12.7
2001,nba mip,Alvin Williams,willial02,26,1.0,1.0,124.0,0.008,False,NBA,Alvin Williams,26.0,TOR,SG,82.0,34.0,29.2,4.0,9.4,0.43,0.4,1.3,0.306,3.6,8.0,0.451,0.452,1.3,1.8,0.752,0.6,2.0,2.6,5.0,1.5,0.3,1.3,2.1,9.8
2001,nba mvp,Allen Iverson,iversal01,25,93.0,1121.0,1240.0,0.904,True,NBA,Allen Iverson,25.0,PHI,SG,71.0,71.0,42.0,10.7,25.5,0.42,1.4,4.3,0.32,9.4,21.2,0.441,0.447,8.2,10.1,0.814,0.7,3.1,3.8,4.6,2.5,0.3,3.3,2.1,31.1
2001,nba mvp,Tim Duncan,duncati01,24,18.0,706.0,1240.0,0.569,False,NBA,Tim Duncan,24.0,SAS,PF,82.0,82.0,38.7,8.6,17.1,0.499,0.1,0.3,0.259,8.5,16.8,0.504,0.502,5.0,8.1,0.618,3.2,9.0,12.2,3.0,0.9,2.3,3.0,3.0,22.2
2001,nba mvp,Shaquille O'Neal,onealsh01,28,7.0,578.0,1240.0,0.466,False,NBA,Shaquille O'Neal,28.0,LAL,C,74.0,74.0,39.5,11.0,19.2,0.572,0.0,0.0,0.0,11.0,19.2,0.573,0.572,6.7,13.1,0.513,3.9,8.8,12.7,3.7,0.6,2.8,2.9,3.5,28.7
2001,nba mvp,Chris Webber,webbech01,27,5.0,521.0,1240.0,0.42,False,NBA,Chris Webber,27.0,SAC,PF,70.0,70.0,40.5,11.2,23.4,0.481,0.0,0.4,0.071,11.2,23.0,0.488,0.481,4.6,6.6,0.703,2.6,8.5,11.1,4.2,1.3,1.7,2.8,3.2,27.1
2001,nba mvp,Kevin Garnett,garneke01,24,1.0,151.0,1240.0,0.122,False,NBA,Kevin Garnett,24.0,MIN,PF,81.0,81.0,39.5,8.7,18.2,0.477,0.2,0.8,0.288,8.5,17.4,0.486,0.484,4.4,5.8,0.764,2.7,8.7,11.4,5.0,1.4,1.8,2.8,2.5,22.0
2001,nba mvp,Tracy McGrady,mcgratr01,21,0.0,64.0,1240.0,0.052,False,NBA,Tracy McGrady,21.0,ORL,SG,77.0,77.0,40.1,10.2,22.4,0.457,0.8,2.2,0.355,9.5,20.2,0.468,0.474,5.6,7.6,0.733,2.5,5.0,7.5,4.6,1.5,1.5,2.6,2.1,26.8
2001,nba mvp,Karl Malone,malonka01,37,0.0,21.0,1240.0,0.017,False,NBA,Karl Malone,37.0,UTA,PF,81.0,81.0,35.7,8.3,16.6,0.498,0.0,0.1,0.4,8.2,16.5,0.499,0.499,6.6,8.3,0.793,1.4,6.9,8.3,4.5,1.1,0.8,3.0,2.7,23.2
2001,nba mvp,Jason Kidd,kiddja01,27,0.0,18.0,1240.0,0.015,False,NBA,Jason Kidd,27.0,PHO,PG,77.0,76.0,39.8,5.9,14.2,0.411,0.9,3.0,0.297,5.0,11.2,0.442,0.443,4.3,5.2,0.814,1.2,5.2,6.4,9.8,2.2,0.3,3.7,2.2,16.9
2001,nba mvp,Kobe Bryant,bryanko01,22,0.0,11.0,1240.0,0.009,False,NBA,Kobe Bryant,22.0,LAL,SG,68.0,68.0,40.9,10.3,22.2,0.464,0.9,2.9,0.305,9.4,19.3,0.489,0.484,7.0,8.2,0.853,1.5,4.3,5.9,5.0,1.7,0.6,3.2,3.3,28.5
2001,nba mvp,David Robinson,robinda01,35,0.0,8.0,1240.0,0.006,False,NBA,David Robinson,35.0,SAS,C,80.0,80.0,29.6,5.0,10.3,0.486,0.0,0.0,0.0,5.0,10.3,0.487,0.486,4.4,5.9,0.747,2.6,6.0,8.6,1.5,1.0,2.5,1.5,2.7,14.4
2001,nba mvp,Ray Allen,allenra02,25,0.0,7.0,1240.0,0.006,False,NBA,Ray Allen,25.0,MIL,SG,82.0,82.0,38.2,7.7,16.0,0.48,2.5,5.7,0.433,5.2,10.3,0.506,0.557,4.2,4.8,0.888,1.2,4.0,5.2,4.6,1.5,0.2,2.5,2.3,22.0
2001,nba mvp,Vince Carter,cartevi01,24,0.0,7.0,1240.0,0.006,False,NBA,Vince Carter,24.0,TOR,SF,75.0,75.0,39.7,10.2,22.1,0.46,2.2,5.3,0.408,8.0,16.8,0.477,0.509,5.1,6.7,0.765,2.3,3.2,5.5,3.9,1.5,1.1,2.2,2.7,27.6
2001,nba mvp,Paul Pierce,piercpa01,23,0.0,5.0,1240.0,0.004,False,NBA,Paul Pierce,23.0,BOS,SF,82.0,82.0,38.0,8.4,18.5,0.454,1.8,4.7,0.383,6.6,13.8,0.478,0.503,6.7,9.0,0.745,1.1,5.2,6.4,3.1,1.7,0.8,3.2,3.1,25.3
2001,nba mvp,Jerry Stackhouse,stackje01,26,0.0,3.0,1240.0,0.002,False,NBA,Jerry Stackhouse,26.0,DET,SG,80.0,80.0,40.2,9.7,24.1,0.402,2.1,5.9,0.351,7.6,18.2,0.418,0.445,8.3,10.1,0.822,1.2,2.7,3.9,5.1,1.2,0.7,4.1,2.0,29.8
2001,nba mvp,Michael Finley,finlemi01,27,0.0,1.0,1240.0,0.001,False,NBA,Michael Finley,27.0,DAL,SF,82.0,82.0,42.0,8.7,18.9,0.458,1.1,3.2,0.346,7.6,15.7,0.481,0.487,3.1,4.0,0.775,1.3,3.9,5.2,4.4,1.4,0.4,2.3,2.1,21.5
2001,nba mvp,Anthony Mason,masonan01,34,0.0,1.0,1240.0,0.001,False,NBA,Anthony Mason,34.0,MIA,PF,80.0,80.0,40.7,5.8,11.9,0.482,0.0,0.0,,5.8,11.9,0.482,0.482,4.6,5.9,0.781,2.1,7.5,9.6,3.1,1.0,0.3,2.2,2.9,16.1
2001,nba mvp,John Stockton,stockjo01,38,0.0,1.0,1240.0,0.001,False,NBA,John Stockton,38.0,UTA,PG,82.0,82.0,29.2,4.0,7.9,0.504,0.7,1.6,0.462,3.3,6.3,0.514,0.551,2.8,3.4,0.817,0.7,2.1,2.8,8.7,1.6,0.3,2.5,2.4,11.5
2001,nba roy,Mike Miller,millemi01,20,75.0,75.0,124.0,0.605,True,NBA,Mike Miller,20.0,ORL,SF,82.0,62.0,29.1,4.5,10.3,0.436,1.8,4.4,0.407,2.7,5.9,0.457,0.523,1.1,1.6,0.711,0.8,3.2,4.0,1.7,0.6,0.2,1.2,2.4,11.9
2001,nba roy,Kenyon Martin,martike01,23,36.0,36.0,124.0,0.29,False,NBA,Kenyon Martin,23.0,NJN,PF,68.0,68.0,33.4,5.1,11.4,0.445,0.0,0.2,0.091,5.1,11.3,0.45,0.446,1.8,2.8,0.63,2.0,5.4,7.4,1.9,1.1,1.7,2.0,4.1,12.0
2001,nba roy,Marc Jackson,jacksma02,26,7.0,7.0,124.0,0.056,False,NBA,Marc Jackson,26.0,GSW,C,48.0,35.0,29.4,4.9,10.6,0.467,0.1,0.5,0.217,4.8,10.1,0.478,0.471,3.2,4.0,0.802,2.5,5.0,7.5,1.2,0.7,0.6,1.9,2.9,13.2
2001,nba roy,Darius Miles,milesda01,19,3.0,3.0,124.0,0.024,False,NBA,Darius Miles,19.0,LAC,SF,81.0,21.0,26.3,3.9,7.8,0.505,0.0,0.2,0.053,3.9,7.5,0.519,0.506,1.5,2.9,0.521,1.6,4.3,5.9,1.2,0.6,1.5,1.8,2.4,9.4
2001,nba roy,Morris Peterson,petermo01,23,3.0,3.0,124.0,0.024,False,NBA,Morris Peterson,23.0,TOR,SG,80.0,49.0,22.6,3.6,8.4,0.431,0.8,2.1,0.382,2.8,6.4,0.447,0.478,1.3,1.8,0.717,1.4,1.8,3.2,1.3,0.8,0.3,1.0,2.1,9.3
2001,nba smoy,Aaron McKie,mckieaa01,28,57.0,57.0,124.0,0.46,True,NBA,Aaron McKie,28.0,PHI,SG,76.0,33.0,31.5,4.4,9.4,0.473,0.7,2.2,0.312,3.8,7.2,0.524,0.511,2.0,2.6,0.768,0.4,3.7,4.1,5.0,1.4,0.1,2.7,2.3,11.6
2001,nba smoy,Tim Thomas,thomati01,23,27.0,27.0,124.0,0.218,False,NBA,Tim Thomas,23.0,MIL,PF,76.0,16.0,27.4,4.3,10.0,0.43,1.4,3.4,0.412,2.9,6.6,0.44,0.501,2.6,3.3,0.771,1.0,3.1,4.1,1.8,1.0,0.6,1.5,2.6,12.6
2001,nba smoy,LaPhonso Ellis,ellisla01,30,10.0,10.0,124.0,0.081,False,NBA,LaPhonso Ellis,30.0,MIN,PF,82.0,5.0,23.8,3.6,7.8,0.464,0.1,0.3,0.318,3.5,7.6,0.469,0.47,2.1,2.6,0.79,2.4,3.6,6.0,1.1,0.8,0.9,1.3,3.5,9.4
2001,nba smoy,Bobby Jackson,jacksbo01,27,9.0,9.0,124.0,0.073,False,NBA,Bobby Jackson,27.0,SAC,PG,79.0,7.0,20.9,2.9,6.7,0.439,0.5,1.3,0.375,2.4,5.3,0.455,0.476,0.8,1.1,0.739,0.9,2.2,3.1,2.0,1.1,0.1,1.3,1.8,7.2
2001,nba smoy,Travis Best,besttr01,28,5.0,5.0,124.0,0.04,False,NBA,Travis Best,28.0,IND,PG,77.0,21.0,31.9,4.5,10.2,0.44,0.5,1.3,0.381,4.0,9.0,0.449,0.464,2.4,2.9,0.827,0.5,2.4,2.9,6.1,1.4,0.1,1.6,3.2,11.9
2001,nba smoy,Ruben Patterson,patteru01,25,4.0,4.0,124.0,0.032,False,NBA,Ruben Patterson,25.0,SEA,SF,76.0,22.0,27.1,4.9,9.9,0.494,0.0,0.5,0.056,4.8,9.4,0.516,0.495,3.2,4.8,0.681,2.4,2.6,5.0,2.1,1.4,0.6,2.0,2.3,13.0
2001,nba smoy,Rodney Rogers,rogerro01,29,4.0,4.0,124.0,0.032,False,NBA,Rodney Rogers,29.0,PHO,SF,82.0,3.0,26.6,4.6,10.7,0.43,0.7,2.3,0.296,3.9,8.4,0.467,0.462,2.3,3.0,0.761,1.1,3.2,4.4,2.2,1.2,0.6,1.9,3.3,12.2
2001,nba smoy,Steve Smith,smithst01,31,4.0,4.0,124.0,0.032,False,NBA,Steve Smith,31.0,POR,SG,81.0,36.0,31.4,4.4,9.7,0.456,1.0,2.8,0.339,3.5,6.9,0.504,0.505,3.8,4.3,0.89,1.1,2.3,3.4,2.6,0.6,0.3,1.7,2.5,13.6
2001,nba smoy,Donyell Marshall,marshdo01,27,2.0,2.0,124.0,0.016,False,NBA,Donyell Marshall,27.0,UTA,SF,81.0,49.0,28.7,5.3,10.5,0.503,0.5,1.6,0.32,4.8,8.9,0.535,0.527,2.5,3.4,0.751,2.1,4.9,7.0,1.6,1.0,1.0,1.6,2.4,13.6
2001,nba smoy,Austin Croshere,croshau01,25,1.0,1.0,124.0,0.008,False,NBA,Austin Croshere,25.0,IND,PF,81.0,23.0,23.1,3.4,8.7,0.394,0.9,2.6,0.338,2.5,6.1,0.417,0.444,2.5,2.9,0.866,1.5,3.3,4.8,1.1,0.4,0.6,1.7,2.2,10.1
2001,nba smoy,Tony Delk,delkto01,27,1.0,1.0,124.0,0.008,False,NBA,Tony Delk,27.0,PHO,SG,82.0,11.0,27.9,4.7,11.3,0.415,0.7,2.0,0.321,4.0,9.2,0.436,0.444,2.3,2.9,0.787,0.9,2.3,3.2,2.0,0.9,0.2,1.2,2.1,12.3
2000,nba dpoy,Alonzo Mourning,mournal01,29,62.0,62.0,121.0,0.512,True,NBA,Alonzo Mourning,29.0,MIA,C,79.0,78.0,34.8,8.3,15.0,0.551,0.0,0.1,0.0,8.3,14.9,0.553,0.551,5.2,7.4,0.711,2.7,6.8,9.5,1.6,0.5,3.7,2.7,3.9,21.7
2000,nba dpoy,Shaquille O'Neal,onealsh01,27,21.0,21.0,121.0,0.174,False,NBA,Shaquille O'Neal,27.0,LAL,C,79.0,79.0,40.0,12.1,21.1,0.574,0.0,0.0,0.0,12.1,21.1,0.575,0.574,5.5,10.4,0.524,4.3,9.4,13.6,3.8,0.5,3.0,2.8,3.2,29.7
2000,nba dpoy,Eddie Jones,jonesed02,28,11.0,11.0,121.0,0.091,False,NBA,Eddie Jones,28.0,CHH,SG,72.0,72.0,39.0,6.6,15.5,0.427,1.8,4.7,0.375,4.9,10.8,0.45,0.484,5.0,5.8,0.864,1.1,3.6,4.8,4.2,2.7,0.7,2.2,2.4,20.1
2000,nba dpoy,Dikembe Mutombo,mutomdi01,33,11.0,11.0,121.0,0.091,False,NBA,Dikembe Mutombo,33.0,ATL,C,82.0,82.0,36.4,3.9,7.0,0.562,0.0,0.0,,3.9,7.0,0.562,0.562,3.6,5.1,0.708,3.7,10.4,14.1,1.3,0.3,3.3,2.1,3.0,11.5
2000,nba dpoy,Kobe Bryant,bryanko01,21,4.0,4.0,121.0,0.033,False,NBA,Kobe Bryant,21.0,LAL,SG,66.0,62.0,38.2,8.4,17.9,0.468,0.7,2.2,0.319,7.7,15.7,0.489,0.488,5.0,6.1,0.821,1.6,4.7,6.3,4.9,1.6,0.9,2.8,3.3,22.5
2000,nba dpoy,Gary Payton,paytoga01,31,4.0,4.0,121.0,0.033,False,NBA,Gary Payton,31.0,SEA,PG,82.0,82.0,41.8,9.1,20.3,0.448,2.2,6.3,0.34,7.0,14.0,0.497,0.502,3.8,5.2,0.735,1.2,5.2,6.5,8.9,1.9,0.2,2.7,2.2,24.2
2000,nba dpoy,Kevin Garnett,garneke01,23,2.0,2.0,121.0,0.017,False,NBA,Kevin Garnett,23.0,MIN,PF,81.0,81.0,40.0,9.4,18.8,0.497,0.4,1.0,0.37,9.0,17.8,0.504,0.507,3.8,5.0,0.765,2.8,9.0,11.8,5.0,1.5,1.6,3.3,2.5,22.9
2000,nba dpoy,Kendall Gill,gillke01,31,1.0,1.0,121.0,0.008,False,NBA,Kendall Gill,31.0,NJN,SF,76.0,75.0,31.0,5.2,12.6,0.414,0.3,1.0,0.256,4.9,11.6,0.428,0.425,2.4,3.4,0.71,1.1,2.6,3.7,2.8,1.8,0.5,1.2,2.8,13.1
2000,nba dpoy,Jason Kidd,kiddja01,26,1.0,1.0,121.0,0.008,False,NBA,Jason Kidd,26.0,PHO,PG,67.0,67.0,39.0,5.2,12.8,0.409,0.8,2.5,0.337,4.4,10.3,0.427,0.442,3.0,3.7,0.829,1.4,5.8,7.2,10.1,2.0,0.4,3.4,2.2,14.3
2000,nba dpoy,Anthony Mason,masonan01,33,1.0,1.0,121.0,0.008,False,NBA,Anthony Mason,33.0,CHH,SF,82.0,81.0,38.2,3.9,8.1,0.48,0.0,0.0,0.0,3.9,8.0,0.48,0.48,3.8,5.1,0.746,1.8,6.8,8.5,4.5,0.9,0.4,2.0,2.7,11.6
2000,nba dpoy,Bo Outlaw,outlabo01,28,1.0,1.0,121.0,0.008,False,NBA,Bo Outlaw,28.0,ORL,PF,82.0,55.0,28.4,2.5,4.1,0.602,0.0,0.0,0.0,2.5,4.1,0.607,0.602,1.0,2.0,0.506,2.5,3.9,6.4,3.0,1.4,1.8,1.6,2.5,6.0
2000,nba dpoy,Scottie Pippen,pippesc01,34,1.0,1.0,121.0,0.008,False,NBA,Scottie Pippen,34.0,POR,SF,82.0,82.0,33.5,4.7,10.5,0.451,1.0,3.2,0.327,3.7,7.3,0.506,0.501,2.0,2.7,0.717,1.4,4.9,6.3,5.0,1.4,0.5,2.5,2.5,12.5
2000,nba dpoy,Clifford Robinson,robincl02,33,1.0,1.0,121.0,0.008,False,NBA,Clifford Robinson,33.0,PHO,SF,80.0,67.0,35.5,6.6,14.3,0.464,1.5,4.1,0.37,5.1,10.2,0.501,0.517,3.7,4.8,0.782,1.3,3.2,4.5,2.8,1.1,0.8,2.1,3.0,18.5
2000,nba mip,Jalen Rose,roseja01,27,32.0,32.0,121.0,0.264,True,NBA,Jalen Rose,27.0,IND,SF,80.0,80.0,37.2,7.0,15.0,0.471,1.0,2.5,0.393,6.1,12.5,0.486,0.503,3.2,3.8,0.827,0.5,4.3,4.8,4.0,1.1,0.6,2.4,2.9,18.2
2000,nba mip,Dirk Nowitzki,nowitdi01,21,25.0,25.0,121.0,0.207,False,NBA,Dirk Nowitzki,21.0,DAL,PF,82.0,81.0,35.8,6.3,13.6,0.461,1.4,3.7,0.379,4.9,9.9,0.491,0.513,3.5,4.2,0.83,1.2,5.2,6.5,2.5,0.8,0.8,1.7,3.1,17.5
2000,nba mip,Jerry Stackhouse,stackje01,25,19.0,19.0,121.0,0.157,False,NBA,Jerry Stackhouse,25.0,DET,SG,82.0,82.0,38.4,7.5,17.6,0.428,1.0,3.5,0.288,6.5,14.1,0.462,0.456,7.5,9.2,0.815,1.4,2.4,3.8,4.5,1.3,0.4,3.8,2.3,23.6
2000,nba mip,Austin Croshere,croshau01,24,17.0,17.0,121.0,0.14,False,NBA,Austin Croshere,24.0,IND,PF,81.0,14.0,23.3,3.6,8.1,0.441,0.8,2.1,0.362,2.8,5.9,0.47,0.489,2.4,2.9,0.848,1.7,4.7,6.4,1.1,0.5,0.7,1.5,2.5,10.3
2000,nba mip,Tracy McGrady,mcgratr01,20,7.0,7.0,121.0,0.058,False,NBA,Tracy McGrady,20.0,TOR,SF,79.0,34.0,31.2,5.8,12.9,0.451,0.2,0.8,0.277,5.6,12.1,0.463,0.46,3.5,5.0,0.707,2.4,4.0,6.3,3.3,1.1,1.9,2.0,2.5,15.4
2000,nba mip,John Amaechi,amaecjo01,29,4.0,4.0,121.0,0.033,False,NBA,John Amaechi,29.0,ORL,C,80.0,53.0,21.1,3.8,8.8,0.437,0.0,0.1,0.167,3.8,8.7,0.439,0.438,2.8,3.6,0.766,0.8,2.6,3.3,1.2,0.4,0.5,1.7,2.0,10.5
2000,nba mip,Ruben Patterson,patteru01,24,4.0,4.0,121.0,0.033,False,NBA,Ruben Patterson,24.0,SEA,SF,81.0,74.0,25.9,4.4,8.2,0.536,0.1,0.3,0.444,4.2,7.8,0.539,0.545,2.7,4.0,0.692,2.7,2.7,5.4,1.6,1.2,0.5,1.8,2.3,11.6
2000,nba mip,Michael Dickerson,dickemi01,24,3.0,3.0,121.0,0.025,False,NBA,Michael Dickerson,24.0,VAN,SG,82.0,82.0,37.8,6.8,15.5,0.436,1.5,3.5,0.409,5.3,11.9,0.444,0.483,3.3,4.0,0.83,1.0,2.5,3.4,2.5,1.4,0.5,2.0,2.8,18.2
2000,nba mip,Rodney Rogers,rogerro01,28,3.0,3.0,121.0,0.025,False,NBA,Rodney Rogers,28.0,PHO,PF,82.0,7.0,27.9,5.2,10.7,0.486,1.4,3.2,0.439,3.8,7.5,0.506,0.551,1.9,3.0,0.639,1.7,3.8,5.5,2.1,1.1,0.6,2.0,3.5,13.8
2000,nba mip,Shaquille O'Neal,onealsh01,27,2.0,2.0,121.0,0.017,False,NBA,Shaquille O'Neal,27.0,LAL,C,79.0,79.0,40.0,12.1,21.1,0.574,0.0,0.0,0.0,12.1,21.1,0.575,0.574,5.5,10.4,0.524,4.3,9.4,13.6,3.8,0.5,3.0,2.8,3.2,29.7
2000,nba mip,Kobe Bryant,bryanko01,21,1.0,1.0,121.0,0.008,False,NBA,Kobe Bryant,21.0,LAL,SG,66.0,62.0,38.2,8.4,17.9,0.468,0.7,2.2,0.319,7.7,15.7,0.489,0.488,5.0,6.1,0.821,1.6,4.7,6.3,4.9,1.6,0.9,2.8,3.3,22.5
2000,nba mip,Derrick Coleman,colemde01,32,1.0,1.0,121.0,0.008,False,NBA,Derrick Coleman,32.0,CHH,PF,74.0,64.0,31.7,6.0,13.2,0.456,0.7,1.9,0.362,5.3,11.3,0.471,0.482,4.0,5.1,0.785,1.7,6.9,8.5,2.4,0.5,1.8,2.3,2.6,16.7
2000,nba mip,Sean Elliott,elliose01,31,1.0,1.0,121.0,0.008,False,NBA,Sean Elliott,31.0,SAS,SF,19.0,19.0,20.6,2.0,5.6,0.358,0.7,1.9,0.351,1.3,3.6,0.362,0.42,1.3,1.7,0.781,0.3,2.2,2.5,1.5,0.6,0.1,1.0,1.8,6.0
2000,nba mip,Rashard Lewis,lewisra02,20,1.0,1.0,121.0,0.008,False,NBA,Rashard Lewis,20.0,SEA,SF,82.0,8.0,19.2,3.4,6.9,0.486,0.5,1.5,0.333,2.9,5.4,0.527,0.521,1.0,1.5,0.683,1.5,2.5,4.1,0.9,0.8,0.4,1.0,2.0,8.2
2000,nba mip,Bob Sura,surabo01,26,1.0,1.0,121.0,0.008,False,NBA,Bob Sura,26.0,CLE,SG,73.0,45.0,30.4,4.9,11.2,0.437,1.7,4.5,0.367,3.2,6.6,0.484,0.512,2.4,3.4,0.697,0.7,3.3,3.9,3.9,1.2,0.3,2.0,2.8,13.8
2000,nba mvp,Shaquille O'Neal,onealsh01,27,120.0,1207.0,1210.0,0.998,True,NBA,Shaquille O'Neal,27.0,LAL,C,79.0,79.0,40.0,12.1,21.1,0.574,0.0,0.0,0.0,12.1,21.1,0.575,0.574,5.5,10.4,0.524,4.3,9.4,13.6,3.8,0.5,3.0,2.8,3.2,29.7
2000,nba mvp,Kevin Garnett,garneke01,23,0.0,408.0,1210.0,0.337,False,NBA,Kevin Garnett,23.0,MIN,PF,81.0,81.0,40.0,9.4,18.8,0.497,0.4,1.0,0.37,9.0,17.8,0.504,0.507,3.8,5.0,0.765,2.8,9.0,11.8,5.0,1.5,1.6,3.3,2.5,22.9
2000,nba mvp,Alonzo Mourning,mournal01,29,0.0,367.0,1210.0,0.303,False,NBA,Alonzo Mourning,29.0,MIA,C,79.0,78.0,34.8,8.3,15.0,0.551,0.0,0.1,0.0,8.3,14.9,0.553,0.551,5.2,7.4,0.711,2.7,6.8,9.5,1.6,0.5,3.7,2.7,3.9,21.7
2000,nba mvp,Karl Malone,malonka01,36,0.0,312.0,1210.0,0.258,False,NBA,Karl Malone,36.0,UTA,PF,82.0,82.0,35.9,9.2,18.0,0.509,0.0,0.1,0.25,9.1,17.9,0.511,0.51,7.2,9.0,0.797,2.1,7.4,9.5,3.7,1.0,0.9,2.8,2.8,25.5
2000,nba mvp,Tim Duncan,duncati01,23,0.0,248.0,1210.0,0.205,False,NBA,Tim Duncan,23.0,SAS,PF,74.0,74.0,38.9,8.5,17.3,0.49,0.0,0.1,0.091,8.5,17.2,0.494,0.491,6.2,8.1,0.761,3.5,8.9,12.4,3.2,0.9,2.2,3.3,2.8,23.2
2000,nba mvp,Gary Payton,paytoga01,31,0.0,180.0,1210.0,0.149,False,NBA,Gary Payton,31.0,SEA,PG,82.0,82.0,41.8,9.1,20.3,0.448,2.2,6.3,0.34,7.0,14.0,0.497,0.502,3.8,5.2,0.735,1.2,5.2,6.5,8.9,1.9,0.2,2.7,2.2,24.2
2000,nba mvp,Allen Iverson,iversal01,24,1.0,132.0,1210.0,0.109,False,NBA,Allen Iverson,24.0,PHI,SG,70.0,70.0,40.8,10.4,24.8,0.421,1.3,3.7,0.341,9.1,21.0,0.435,0.446,6.3,8.9,0.713,1.0,2.8,3.8,4.7,2.1,0.1,3.3,2.3,28.4
2000,nba mvp,Grant Hill,hillgr01,27,0.0,113.0,1210.0,0.093,False,NBA,Grant Hill,27.0,DET,SF,74.0,74.0,37.5,9.4,19.2,0.489,0.5,1.3,0.347,8.9,17.9,0.5,0.501,6.5,8.2,0.795,1.3,5.3,6.6,5.2,1.4,0.6,3.2,2.6,25.8
2000,nba mvp,Chris Webber,webbech01,26,0.0,96.0,1210.0,0.079,False,NBA,Chris Webber,26.0,SAC,PF,75.0,75.0,38.4,10.0,20.6,0.483,0.4,1.3,0.284,9.6,19.4,0.496,0.492,4.1,5.5,0.751,2.5,8.0,10.5,4.6,1.6,1.7,2.9,3.5,24.5
2000,nba mvp,Vince Carter,cartevi01,23,0.0,51.0,1210.0,0.042,False,NBA,Vince Carter,23.0,TOR,SF,82.0,82.0,38.1,9.6,20.7,0.465,1.2,2.9,0.403,8.5,17.8,0.475,0.493,5.3,6.7,0.791,1.8,4.0,5.8,3.9,1.3,1.1,2.2,3.2,25.7
2000,nba mvp,Jason Kidd,kiddja01,26,0.0,25.0,1210.0,0.021,False,NBA,Jason Kidd,26.0,PHO,PG,67.0,67.0,39.0,5.2,12.8,0.409,0.8,2.5,0.337,4.4,10.3,0.427,0.442,3.0,3.7,0.829,1.4,5.8,7.2,10.1,2.0,0.4,3.4,2.2,14.3
2000,nba mvp,Kobe Bryant,bryanko01,21,0.0,3.0,1210.0,0.002,False,NBA,Kobe Bryant,21.0,LAL,SG,66.0,62.0,38.2,8.4,17.9,0.468,0.7,2.2,0.319,7.7,15.7,0.489,0.488,5.0,6.1,0.821,1.6,4.7,6.3,4.9,1.6,0.9,2.8,3.3,22.5
2000,nba mvp,Darrell Armstrong,armstda01,31,0.0,1.0,1210.0,0.001,False,NBA,Darrell Armstrong,31.0,ORL,PG,82.0,82.0,31.6,5.9,13.6,0.433,1.7,4.9,0.34,4.2,8.7,0.485,0.494,2.7,3.0,0.911,0.8,2.5,3.3,6.1,2.1,0.1,3.0,1.7,16.2
2000,nba mvp,Michael Finley,finlemi01,26,0.0,1.0,1210.0,0.001,False,NBA,Michael Finley,26.0,DAL,SF,82.0,82.0,42.2,9.1,20.0,0.457,1.2,3.0,0.401,7.9,16.9,0.467,0.487,3.2,3.9,0.82,1.5,4.8,6.3,5.3,1.3,0.4,2.4,2.1,22.6
2000,nba mvp,Reggie Miller,millere01,34,0.0,1.0,1210.0,0.001,False,NBA,Reggie Miller,34.0,IND,SG,81.0,81.0,36.9,5.8,12.9,0.448,2.0,5.0,0.408,3.7,7.9,0.473,0.527,4.6,5.0,0.919,0.6,2.3,3.0,2.3,1.0,0.3,1.6,1.6,18.1
2000,nba mvp,Jalen Rose,roseja01,27,0.0,1.0,1210.0,0.001,False,NBA,Jalen Rose,27.0,IND,SF,80.0,80.0,37.2,7.0,15.0,0.471,1.0,2.5,0.393,6.1,12.5,0.486,0.503,3.2,3.8,0.827,0.5,4.3,4.8,4.0,1.1,0.6,2.4,2.9,18.2
2000,nba roy,Elton Brand,brandel01,20,58.0,58.0,121.0,0.479,True,NBA,Elton Brand,20.0,CHI,PF,81.0,80.0,37.0,7.8,16.1,0.482,0.0,0.0,0.0,7.8,16.1,0.483,0.482,4.5,6.6,0.685,4.3,5.7,10.0,1.9,0.8,1.6,2.8,3.2,20.1
2000,nba roy,Steve Francis,francst01,22,58.0,58.0,121.0,0.479,True,NBA,Steve Francis,22.0,HOU,PG,77.0,77.0,36.1,6.5,14.5,0.445,1.4,4.0,0.345,5.1,10.5,0.483,0.493,3.7,4.7,0.786,2.0,3.3,5.3,6.6,1.5,0.4,4.0,3.0,18.0
2000,nba roy,Lamar Odom,odomla01,20,3.0,3.0,121.0,0.025,False,NBA,Lamar Odom,20.0,LAC,SF,76.0,70.0,36.4,5.9,13.5,0.438,0.8,2.2,0.36,5.1,11.3,0.453,0.467,4.0,5.5,0.719,2.1,5.7,7.8,4.2,1.2,1.3,3.4,3.8,16.6
2000,nba roy,Andre Miller,millean02,23,2.0,2.0,121.0,0.017,False,NBA,Andre Miller,23.0,CLE,PG,82.0,36.0,25.5,4.1,9.2,0.449,0.1,0.6,0.204,4.0,8.6,0.466,0.456,2.8,3.6,0.774,1.0,2.4,3.4,5.8,1.0,0.2,2.0,2.4,11.1
2000,nba smoy,Rodney Rogers,rogerro01,28,104.0,104.0,121.0,0.86,True,NBA,Rodney Rogers,28.0,PHO,PF,82.0,7.0,27.9,5.2,10.7,0.486,1.4,3.2,0.439,3.8,7.5,0.506,0.551,1.9,3.0,0.639,1.7,3.8,5.5,2.1,1.1,0.6,2.0,3.5,13.8
2000,nba smoy,Cuttino Mobley,moblecu01,24,7.0,7.0,121.0,0.058,False,NBA,Cuttino Mobley,24.0,HOU,SG,81.0,8.0,30.8,5.4,12.5,0.43,1.3,3.6,0.356,4.1,8.9,0.46,0.481,3.7,4.4,0.847,0.7,2.8,3.6,2.6,1.1,0.4,2.3,2.1,15.8
2000,nba smoy,Cedric Ceballos,cebalce01,30,3.0,3.0,121.0,0.025,False,NBA,Cedric Ceballos,30.0,DAL,SF,69.0,25.0,29.9,6.5,14.5,0.446,0.6,1.9,0.328,5.8,12.6,0.464,0.468,3.0,3.6,0.843,2.5,4.2,6.7,1.3,0.8,0.3,1.8,2.4,16.6
2000,nba smoy,Tracy McGrady,mcgratr01,20,3.0,3.0,121.0,0.025,False,NBA,Tracy McGrady,20.0,TOR,SF,79.0,34.0,31.2,5.8,12.9,0.451,0.2,0.8,0.277,5.6,12.1,0.463,0.46,3.5,5.0,0.707,2.4,4.0,6.3,3.3,1.1,1.9,2.0,2.5,15.4
2000,nba smoy,Jerome Williams,willije01,26,2.0,2.0,121.0,0.017,False,NBA,Jerome Williams,26.0,DET,PF,82.0,1.0,25.6,3.1,5.6,0.564,0.0,0.0,0.0,3.1,5.5,0.567,0.564,2.1,3.5,0.616,3.4,6.2,9.6,0.8,1.2,0.3,1.3,2.4,8.4
2000,nba smoy,Marcus Camby,cambyma01,25,1.0,1.0,121.0,0.008,False,NBA,Marcus Camby,25.0,NYK,C,59.0,11.0,26.2,3.8,8.0,0.48,0.0,0.0,0.5,3.8,7.9,0.48,0.481,2.5,3.7,0.67,2.9,4.9,7.8,0.8,0.7,2.0,1.2,3.5,10.2
2000,nba smoy,Peja Stojaković,stojape01,22,1.0,1.0,121.0,0.008,False,NBA,Peja Stojaković,22.0,SAC,SF,74.0,11.0,23.6,4.3,9.7,0.448,1.4,3.6,0.375,3.0,6.1,0.491,0.517,1.8,2.1,0.882,1.0,2.7,3.7,1.4,0.7,0.1,1.2,1.3,11.9
1999,nba dpoy,Alonzo Mourning,mournal01,28,89.0,89.0,118.0,0.754,True,NBA,Alonzo Mourning,28.0,MIA,C,46.0,46.0,38.1,7.0,13.8,0.511,0.0,0.0,0.0,7.0,13.7,0.513,0.511,6.0,9.2,0.652,3.6,7.4,11.0,1.6,0.7,3.9,3.0,3.5,20.1
1999,nba dpoy,Dikembe Mutombo,mutomdi01,32,10.0,10.0,118.0,0.085,False,NBA,Dikembe Mutombo,32.0,ATL,C,50.0,50.0,36.6,3.5,6.8,0.512,0.0,0.0,,3.5,6.8,0.512,0.512,3.9,5.7,0.684,3.8,8.4,12.2,1.1,0.3,2.9,1.9,2.9,10.8
1999,nba dpoy,Gary Payton,paytoga01,30,6.0,6.0,118.0,0.051,False,NBA,Gary Payton,30.0,SEA,PG,50.0,50.0,40.2,8.0,18.5,0.434,1.7,5.6,0.295,6.4,12.8,0.495,0.479,4.0,5.5,0.721,1.2,3.6,4.9,8.7,2.2,0.2,3.1,2.3,21.7
1999,nba dpoy,David Robinson,robinda01,33,3.0,3.0,118.0,0.025,False,NBA,David Robinson,33.0,SAS,C,49.0,49.0,31.7,5.5,10.8,0.509,0.0,0.0,0.0,5.5,10.7,0.51,0.509,4.9,7.4,0.658,3.0,7.0,10.0,2.1,1.4,2.4,2.2,2.9,15.8
1999,nba dpoy,Tim Duncan,duncati01,22,2.0,2.0,118.0,0.017,False,NBA,Tim Duncan,22.0,SAS,PF,50.0,50.0,39.3,8.4,16.9,0.495,0.0,0.1,0.143,8.3,16.8,0.498,0.495,4.9,7.2,0.69,3.2,8.2,11.4,2.4,0.9,2.5,2.9,2.9,21.7
1999,nba dpoy,Theo Ratliff,ratlith01,25,2.0,2.0,118.0,0.017,False,NBA,Theo Ratliff,25.0,PHI,PF,50.0,50.0,32.5,3.9,8.4,0.47,0.0,0.0,,3.9,8.4,0.47,0.47,3.3,4.6,0.725,2.8,5.4,8.1,0.6,0.9,3.0,1.8,3.6,11.2
1999,nba dpoy,Michael Curry,currymi01,30,1.0,1.0,118.0,0.008,False,NBA,Michael Curry,30.0,MIL,SF,50.0,4.0,22.9,1.8,4.1,0.437,0.0,0.3,0.067,1.8,3.8,0.466,0.439,1.3,1.6,0.797,0.4,1.8,2.2,1.6,0.8,0.1,0.7,2.7,4.9
1999,nba dpoy,Kevin Garnett,garneke01,22,1.0,1.0,118.0,0.008,False,NBA,Kevin Garnett,22.0,MIN,PF,47.0,47.0,37.9,8.8,19.1,0.46,0.1,0.3,0.286,8.7,18.9,0.463,0.462,3.1,4.4,0.704,3.5,6.9,10.4,4.3,1.7,1.8,2.9,3.2,20.8
1999,nba dpoy,Eddie Jones,jonesed02,27,1.0,1.0,118.0,0.008,False,NBA,Eddie Jones,27.0,2TM,SF,50.0,50.0,37.6,5.2,11.9,0.437,1.0,2.8,0.338,4.2,9.1,0.468,0.477,4.2,5.4,0.782,1.0,2.9,3.9,3.7,2.5,1.2,1.9,2.6,15.6
1999,nba dpoy,Hakeem Olajuwon,olajuha01,36,1.0,1.0,118.0,0.008,False,NBA,Hakeem Olajuwon,36.0,HOU,C,50.0,50.0,35.7,7.5,14.5,0.514,0.1,0.3,0.308,7.4,14.2,0.518,0.517,3.9,5.4,0.717,2.1,7.4,9.6,1.8,1.6,2.5,2.8,3.2,18.9
1999,nba dpoy,Scottie Pippen,pippesc01,33,1.0,1.0,118.0,0.008,False,NBA,Scottie Pippen,33.0,HOU,SF,50.0,50.0,40.2,5.2,12.1,0.432,1.4,4.2,0.34,3.8,7.8,0.482,0.492,2.6,3.7,0.721,1.3,5.2,6.5,5.9,2.0,0.7,3.2,2.4,14.5
1999,nba dpoy,Clifford Robinson,robincl02,32,1.0,1.0,118.0,0.008,False,NBA,Clifford Robinson,32.0,PHO,SF,50.0,35.0,34.8,6.0,12.6,0.475,1.2,2.8,0.417,4.8,9.8,0.492,0.521,3.3,4.7,0.697,1.4,3.2,4.5,2.6,1.5,1.2,1.8,3.1,16.4
1999,nba mip,Darrell Armstrong,armstda01,30,54.0,54.0,118.0,0.458,True,NBA,Darrell Armstrong,30.0,ORL,PG,50.0,15.0,30.0,4.6,10.4,0.441,1.4,3.8,0.365,3.2,6.7,0.483,0.507,3.2,3.6,0.904,1.1,2.5,3.6,6.7,2.2,0.1,3.2,1.8,13.8
1999,nba mip,Eric Snow,snower01,25,15.0,15.0,118.0,0.127,False,NBA,Eric Snow,25.0,PHI,PG,48.0,48.0,35.8,3.1,7.3,0.428,0.1,0.4,0.238,3.0,6.8,0.44,0.435,2.3,3.1,0.733,0.5,2.9,3.4,6.3,2.1,0.0,2.3,3.1,8.6
1999,nba mip,Gary Trent,trentga01,24,14.0,14.0,118.0,0.119,False,NBA,Gary Trent,24.0,DAL,PF,45.0,23.0,30.3,6.4,13.4,0.477,0.0,0.1,0.0,6.4,13.3,0.481,0.477,3.2,5.2,0.617,2.8,5.0,7.8,1.7,0.6,0.5,1.5,2.7,16.0
1999,nba mip,Joe Smith,smithjo02,23,8.0,8.0,118.0,0.068,False,NBA,Joe Smith,23.0,MIN,C,43.0,42.0,33.0,5.2,12.1,0.427,0.0,0.1,0.0,5.2,12.1,0.43,0.427,3.3,4.4,0.755,3.6,4.7,8.2,1.6,0.7,1.5,1.5,3.4,13.7
1999,nba mip,Danny Fortson,fortsda01,22,7.0,7.0,118.0,0.059,False,NBA,Danny Fortson,22.0,DEN,PF,50.0,38.0,28.3,3.8,7.7,0.495,0.0,0.1,0.0,3.8,7.7,0.499,0.495,3.4,4.6,0.727,4.2,7.4,11.6,0.6,0.6,0.4,1.5,4.2,11.0
1999,nba mip,Theo Ratliff,ratlith01,25,4.0,4.0,118.0,0.034,False,NBA,Theo Ratliff,25.0,PHI,PF,50.0,50.0,32.5,3.9,8.4,0.47,0.0,0.0,,3.9,8.4,0.47,0.47,3.3,4.6,0.725,2.8,5.4,8.1,0.6,0.9,3.0,1.8,3.6,11.2
1999,nba mip,Maurice Taylor,tayloma01,22,3.0,3.0,118.0,0.025,False,NBA,Maurice Taylor,22.0,LAC,PF,46.0,45.0,32.7,6.8,14.7,0.461,0.0,0.1,0.167,6.7,14.5,0.463,0.461,3.3,4.5,0.728,2.2,3.1,5.3,1.5,0.3,0.6,2.6,3.9,16.8
1999,nba mip,Brian Grant,grantbr01,26,2.0,2.0,118.0,0.017,False,NBA,Brian Grant,26.0,POR,PF,48.0,46.0,31.8,3.8,8.0,0.479,0.0,0.0,,3.8,8.0,0.479,0.479,3.8,4.7,0.814,3.6,6.2,9.8,1.4,0.4,0.7,2.0,2.8,11.5
1999,nba mip,Tracy McGrady,mcgratr01,19,2.0,2.0,118.0,0.017,False,NBA,Tracy McGrady,19.0,TOR,SF,49.0,2.0,22.6,3.4,7.9,0.436,0.2,0.7,0.229,3.3,7.1,0.457,0.447,2.3,3.2,0.726,2.4,3.2,5.7,2.3,1.1,1.3,1.6,1.9,9.3
1999,nba mip,Dee Brown,brownde01,30,1.0,1.0,118.0,0.008,False,NBA,Dee Brown,30.0,TOR,PG,49.0,0.0,28.1,3.8,10.1,0.378,2.8,7.1,0.387,1.1,3.0,0.356,0.514,0.8,1.1,0.727,0.3,1.8,2.1,2.9,1.1,0.2,1.6,1.5,11.2
1999,nba mip,Randy Brown,brownra02,30,1.0,1.0,118.0,0.008,False,NBA,Randy Brown,30.0,CHI,PG,39.0,32.0,29.2,3.4,8.2,0.414,0.0,0.3,0.0,3.4,7.9,0.427,0.414,2.0,2.6,0.757,0.7,2.7,3.4,3.8,1.7,0.2,2.1,2.4,8.8
1999,nba mip,Othella Harrington,harriot01,25,1.0,1.0,118.0,0.008,False,NBA,Othella Harrington,25.0,HOU,PF,41.0,10.0,22.0,3.8,7.4,0.513,0.0,0.0,,3.8,7.4,0.513,0.513,2.1,3.0,0.721,1.8,4.2,6.0,0.4,0.1,0.6,1.5,2.5,9.8
1999,nba mip,Antonio McDyess,mcdyean01,24,1.0,1.0,118.0,0.008,False,NBA,Antonio McDyess,24.0,DEN,C,50.0,50.0,38.7,8.3,17.6,0.471,0.0,0.2,0.111,8.3,17.5,0.474,0.471,4.6,6.8,0.68,3.4,7.4,10.7,1.6,1.5,2.3,2.8,3.5,21.2
1999,nba mip,Greg Ostertag,ostergr01,25,1.0,1.0,118.0,0.008,False,NBA,Greg Ostertag,25.0,UTA,C,48.0,48.0,27.9,2.1,4.3,0.476,0.0,0.0,,2.1,4.3,0.476,0.476,1.6,2.5,0.62,2.2,5.1,7.3,0.5,0.3,2.7,0.9,2.9,5.7
1999,nba mip,Clifford Robinson,robincl02,32,1.0,1.0,118.0,0.008,False,NBA,Clifford Robinson,32.0,PHO,SF,50.0,35.0,34.8,6.0,12.6,0.475,1.2,2.8,0.417,4.8,9.8,0.492,0.521,3.3,4.7,0.697,1.4,3.2,4.5,2.6,1.5,1.2,1.8,3.1,16.4
1999,nba mip,Bryon Russell,russebr01,28,1.0,1.0,118.0,0.008,False,NBA,Bryon Russell,28.0,UTA,SF,50.0,50.0,35.4,4.3,9.4,0.464,1.0,2.9,0.354,3.3,6.4,0.514,0.519,2.7,3.4,0.795,1.3,4.0,5.3,1.5,1.5,0.3,1.5,3.1,12.4
1999,nba mip,Latrell Sprewell,sprewla01,28,1.0,1.0,118.0,0.008,False,NBA,Latrell Sprewell,28.0,NYK,SF,37.0,4.0,33.3,5.8,14.0,0.415,0.6,2.1,0.273,5.2,11.9,0.44,0.435,4.2,5.2,0.812,1.1,3.1,4.2,2.5,1.2,0.1,2.1,1.8,16.4
1999,nba mip,Haywoode Workman,workmha01,33,1.0,1.0,118.0,0.008,False,NBA,Haywoode Workman,33.0,MIL,PG,29.0,29.0,28.1,2.5,5.9,0.429,0.6,1.6,0.362,1.9,4.2,0.455,0.479,1.3,1.6,0.787,0.5,3.0,3.5,5.9,1.1,0.0,2.2,1.8,6.9
1999,nba mvp,Karl Malone,malonka01,35,44.0,827.0,1180.0,0.701,True,NBA,Karl Malone,35.0,UTA,PF,49.0,49.0,37.4,8.0,16.3,0.493,0.0,0.0,0.0,8.0,16.2,0.494,0.493,7.7,9.8,0.788,2.2,7.3,9.4,4.1,1.3,0.6,3.3,2.7,23.8
1999,nba mvp,Alonzo Mourning,mournal01,28,36.0,773.0,1180.0,0.655,False,NBA,Alonzo Mourning,28.0,MIA,C,46.0,46.0,38.1,7.0,13.8,0.511,0.0,0.0,0.0,7.0,13.7,0.513,0.511,6.0,9.2,0.652,3.6,7.4,11.0,1.6,0.7,3.9,3.0,3.5,20.1
1999,nba mvp,Tim Duncan,duncati01,22,30.0,740.0,1180.0,0.627,False,NBA,Tim Duncan,22.0,SAS,PF,50.0,50.0,39.3,8.4,16.9,0.495,0.0,0.1,0.143,8.3,16.8,0.498,0.495,4.9,7.2,0.69,3.2,8.2,11.4,2.4,0.9,2.5,2.9,2.9,21.7
1999,nba mvp,Allen Iverson,iversal01,23,5.0,319.0,1180.0,0.27,False,NBA,Allen Iverson,23.0,PHI,SG,48.0,48.0,41.5,9.1,22.0,0.412,1.2,4.1,0.291,7.9,17.9,0.44,0.439,7.4,9.9,0.751,1.4,3.5,4.9,4.6,2.3,0.1,3.5,2.0,26.8
1999,nba mvp,Jason Kidd,kiddja01,25,2.0,159.0,1180.0,0.135,False,NBA,Jason Kidd,25.0,PHO,PG,50.0,50.0,41.2,6.2,14.0,0.444,0.9,2.5,0.366,5.3,11.5,0.461,0.476,3.6,4.8,0.757,1.7,5.0,6.8,10.8,2.3,0.4,3.0,2.2,16.9
1999,nba mvp,Shaquille O'Neal,onealsh01,26,1.0,89.0,1180.0,0.075,False,NBA,Shaquille O'Neal,26.0,LAL,C,49.0,49.0,34.8,10.4,18.1,0.576,0.0,0.0,0.0,10.4,18.0,0.577,0.576,5.5,10.2,0.54,3.8,6.9,10.7,2.3,0.7,1.7,2.5,3.2,26.3
1999,nba mvp,Chris Webber,webbech01,25,0.0,51.0,1180.0,0.043,False,NBA,Chris Webber,25.0,SAC,PF,42.0,42.0,40.9,9.0,18.5,0.486,0.1,0.8,0.118,8.9,17.7,0.503,0.488,1.9,4.1,0.454,3.5,9.4,13.0,4.1,1.4,2.1,3.5,3.5,20.0
1999,nba mvp,Grant Hill,hillgr01,26,0.0,39.0,1180.0,0.033,False,NBA,Grant Hill,26.0,DET,SF,50.0,50.0,37.0,7.7,16.0,0.479,0.0,0.3,0.0,7.7,15.8,0.487,0.479,5.7,7.6,0.752,1.3,5.8,7.1,6.0,1.6,0.5,3.7,2.3,21.1
1999,nba mvp,Gary Payton,paytoga01,30,0.0,35.0,1180.0,0.03,False,NBA,Gary Payton,30.0,SEA,PG,50.0,50.0,40.2,8.0,18.5,0.434,1.7,5.6,0.295,6.4,12.8,0.495,0.479,4.0,5.5,0.721,1.2,3.6,4.9,8.7,2.2,0.2,3.1,2.3,21.7
1999,nba mvp,Kevin Garnett,garneke01,22,0.0,9.0,1180.0,0.008,False,NBA,Kevin Garnett,22.0,MIN,PF,47.0,47.0,37.9,8.8,19.1,0.46,0.1,0.3,0.286,8.7,18.9,0.463,0.462,3.1,4.4,0.704,3.5,6.9,10.4,4.3,1.7,1.8,2.9,3.2,20.8
1999,nba mvp,Shawn Kemp,kempsh01,29,0.0,7.0,1180.0,0.006,False,NBA,Shawn Kemp,29.0,CLE,PF,42.0,42.0,35.1,6.6,13.7,0.482,0.0,0.0,0.5,6.6,13.6,0.482,0.483,7.3,9.3,0.789,3.1,6.1,9.2,2.4,1.1,1.1,3.0,3.8,20.5
1999,nba mvp,David Robinson,robinda01,33,0.0,6.0,1180.0,0.005,False,NBA,David Robinson,33.0,SAS,C,49.0,49.0,31.7,5.5,10.8,0.509,0.0,0.0,0.0,5.5,10.7,0.51,0.509,4.9,7.4,0.658,3.0,7.0,10.0,2.1,1.4,2.4,2.2,2.9,15.8
1999,nba mvp,Hakeem Olajuwon,olajuha01,36,0.0,3.0,1180.0,0.003,False,NBA,Hakeem Olajuwon,36.0,HOU,C,50.0,50.0,35.7,7.5,14.5,0.514,0.1,0.3,0.308,7.4,14.2,0.518,0.517,3.9,5.4,0.717,2.1,7.4,9.6,1.8,1.6,2.5,2.8,3.2,18.9
1999,nba mvp,Arvydas Sabonis,sabonar01,34,0.0,3.0,1180.0,0.003,False,NBA,Arvydas Sabonis,34.0,POR,C,50.0,48.0,27.0,4.6,9.6,0.485,0.1,0.5,0.292,4.5,9.1,0.496,0.493,2.7,3.5,0.771,1.8,6.1,7.9,2.4,0.7,1.3,1.7,2.9,12.1
1999,nba mvp,Darrell Armstrong,armstda01,30,0.0,2.0,1180.0,0.002,False,NBA,Darrell Armstrong,30.0,ORL,PG,50.0,15.0,30.0,4.6,10.4,0.441,1.4,3.8,0.365,3.2,6.7,0.483,0.507,3.2,3.6,0.904,1.1,2.5,3.6,6.7,2.2,0.1,3.2,1.8,13.8
1999,nba mvp,Vince Carter,cartevi01,22,0.0,1.0,1180.0,0.001,False,NBA,Vince Carter,22.0,TOR,SF,50.0,49.0,35.2,6.9,15.3,0.45,0.4,1.3,0.288,6.5,14.0,0.466,0.463,4.1,5.4,0.761,1.9,3.8,5.7,3.0,1.1,1.5,2.2,2.8,18.3
1999,nba mvp,Anfernee Hardaway,hardaan01,27,0.0,1.0,1180.0,0.001,False,NBA,Anfernee Hardaway,27.0,ORL,SG,50.0,50.0,38.9,6.0,14.3,0.42,0.8,2.8,0.286,5.2,11.5,0.452,0.448,3.0,4.2,0.706,1.5,4.2,5.7,5.3,2.2,0.5,3.0,2.2,15.8
1999,nba mvp,Mark Jackson,jacksma01,33,0.0,1.0,1180.0,0.001,False,NBA,Mark Jackson,33.0,IND,PG,49.0,49.0,28.2,2.8,6.7,0.419,0.7,2.1,0.311,2.2,4.6,0.469,0.468,1.3,1.6,0.823,0.7,3.1,3.8,7.9,0.9,0.1,2.0,1.2,7.6
1999,nba mvp,Glenn Robinson,robingl01,26,0.0,1.0,1180.0,0.001,False,NBA,Glenn Robinson,26.0,MIL,SF,47.0,47.0,33.6,7.4,16.1,0.459,0.7,1.7,0.392,6.7,14.4,0.467,0.479,3.0,3.4,0.87,1.6,4.3,5.9,2.1,1.0,0.9,2.3,2.4,18.4
1999,nba mvp,Steve Smith,smithst01,29,0.0,1.0,1180.0,0.001,False,NBA,Steve Smith,29.0,ATL,SG,36.0,36.0,36.5,6.0,15.0,0.402,1.3,3.9,0.338,4.7,11.1,0.424,0.445,5.3,6.3,0.849,1.4,2.8,4.2,3.3,1.0,0.3,2.8,2.8,18.7
1999,nba mvp,Rasheed Wallace,wallara01,24,0.0,1.0,1180.0,0.001,False,NBA,Rasheed Wallace,24.0,POR,PF,49.0,18.0,28.9,4.9,9.7,0.508,0.3,0.6,0.419,4.7,9.1,0.515,0.522,2.7,3.7,0.732,1.2,3.8,4.9,1.2,1.0,1.1,1.6,3.6,12.8
1999,nba roy,Vince Carter,cartevi01,22,113.0,113.0,118.0,0.958,True,NBA,Vince Carter,22.0,TOR,SF,50.0,49.0,35.2,6.9,15.3,0.45,0.4,1.3,0.288,6.5,14.0,0.466,0.463,4.1,5.4,0.761,1.9,3.8,5.7,3.0,1.1,1.5,2.2,2.8,18.3
1999,nba roy,Jason Williams,willija02,23,3.0,3.0,118.0,0.025,False,NBA,Jason Williams,23.0,SAC,PG,50.0,50.0,36.1,4.6,12.3,0.374,2.0,6.5,0.31,2.6,5.9,0.446,0.455,1.6,2.1,0.752,0.3,2.8,3.1,6.0,1.9,0.0,2.9,1.8,12.8
1999,nba roy,Paul Pierce,piercpa01,21,2.0,2.0,118.0,0.017,False,NBA,Paul Pierce,21.0,BOS,SF,48.0,47.0,34.0,5.9,13.5,0.439,1.8,4.3,0.412,4.2,9.2,0.451,0.504,2.9,4.1,0.713,2.4,4.0,6.4,2.4,1.7,1.0,2.4,2.9,16.5
1999,nba smoy,Darrell Armstrong,armstda01,30,85.0,85.0,118.0,0.72,True,NBA,Darrell Armstrong,30.0,ORL,PG,50.0,15.0,30.0,4.6,10.4,0.441,1.4,3.8,0.365,3.2,6.7,0.483,0.507,3.2,3.6,0.904,1.1,2.5,3.6,6.7,2.2,0.1,3.2,1.8,13.8
1999,nba smoy,Rasheed Wallace,wallara01,24,16.0,16.0,118.0,0.136,False,NBA,Rasheed Wallace,24.0,POR,PF,49.0,18.0,28.9,4.9,9.7,0.508,0.3,0.6,0.419,4.7,9.1,0.515,0.522,2.7,3.7,0.732,1.2,3.8,4.9,1.2,1.0,1.1,1.6,3.6,12.8
1999,nba smoy,Antonio Davis,davisan01,30,5.0,5.0,118.0,0.042,False,NBA,Antonio Davis,30.0,IND,PF,49.0,1.0,25.9,3.3,7.1,0.471,0.0,0.0,,3.3,7.1,0.471,0.471,2.8,3.9,0.703,2.4,4.7,7.0,0.7,0.4,0.9,1.0,2.8,9.4
1999,nba smoy,Jalen Rose,roseja01,26,5.0,5.0,118.0,0.042,False,NBA,Jalen Rose,26.0,IND,SF,49.0,1.0,25.3,4.1,10.1,0.403,0.3,1.3,0.262,3.7,8.8,0.425,0.42,2.6,3.2,0.791,0.7,2.4,3.1,1.9,1.0,0.3,1.5,2.6,11.1
1999,nba smoy,Dee Brown,brownde01,30,2.0,2.0,118.0,0.017,False,NBA,Dee Brown,30.0,TOR,PG,49.0,0.0,28.1,3.8,10.1,0.378,2.8,7.1,0.387,1.1,3.0,0.356,0.514,0.8,1.1,0.727,0.3,1.8,2.1,2.9,1.1,0.2,1.6,1.5,11.2
1999,nba smoy,Dell Curry,curryde01,34,2.0,2.0,118.0,0.017,False,NBA,Dell Curry,34.0,MIL,SG,42.0,0.0,20.6,3.9,8.0,0.485,1.6,3.5,0.476,2.2,4.5,0.492,0.588,0.7,0.8,0.824,0.4,1.6,2.0,1.1,0.9,0.1,1.1,1.0,10.1
1999,nba smoy,Terry Porter,portete01,35,2.0,2.0,118.0,0.017,False,NBA,Terry Porter,35.0,MIA,PG,50.0,1.0,27.3,3.4,7.4,0.465,1.2,2.8,0.411,2.3,4.6,0.498,0.543,2.5,3.0,0.831,0.3,2.5,2.8,2.9,1.0,0.2,1.5,1.9,10.5
1999,nba smoy,Howard Eisley,eisleho01,26,1.0,1.0,118.0,0.008,False,NBA,Howard Eisley,26.0,UTA,PG,50.0,0.0,20.8,2.8,6.3,0.446,0.4,1.0,0.42,2.4,5.3,0.451,0.479,1.3,1.6,0.838,0.2,1.6,1.9,3.7,0.6,0.0,2.2,2.4,7.4
1998,nba dpoy,Dikembe Mutombo,mutomdi01,31,39.0,39.0,116.0,0.336,True,NBA,Dikembe Mutombo,31.0,ATL,C,82.0,82.0,35.6,4.9,9.1,0.537,0.0,0.0,,4.9,9.1,0.537,0.537,3.7,5.5,0.67,3.4,8.0,11.4,1.0,0.4,3.4,2.0,3.1,13.4
1998,nba dpoy,Gary Payton,paytoga01,29,37.0,37.0,116.0,0.319,False,NBA,Gary Payton,29.0,SEA,PG,82.0,82.0,38.4,7.1,15.6,0.453,1.6,4.8,0.338,5.4,10.7,0.505,0.505,3.4,4.6,0.744,0.9,3.6,4.6,8.3,2.3,0.2,2.8,2.4,19.2
1998,nba dpoy,David Robinson,robinda01,32,10.0,10.0,116.0,0.086,False,NBA,David Robinson,32.0,SAS,C,73.0,73.0,33.7,7.5,14.6,0.511,0.0,0.1,0.25,7.4,14.5,0.512,0.511,6.6,9.0,0.735,3.3,7.3,10.6,2.7,0.9,2.6,2.8,2.8,21.6
1998,nba dpoy,Michael Jordan,jordami01,34,6.0,6.0,116.0,0.052,False,NBA,Michael Jordan,34.0,CHI,SG,82.0,82.0,38.8,10.7,23.1,0.465,0.4,1.5,0.238,10.4,21.5,0.482,0.473,6.9,8.8,0.784,1.6,4.2,5.8,3.5,1.7,0.5,2.3,1.8,28.7
1998,nba dpoy,Mookie Blaylock,blaylmo01,30,4.0,4.0,116.0,0.034,False,NBA,Mookie Blaylock,30.0,ATL,PG,70.0,69.0,38.6,5.3,13.4,0.392,1.3,4.8,0.269,4.0,8.6,0.46,0.44,1.4,1.9,0.709,1.2,3.7,4.9,6.7,2.6,0.3,2.5,1.7,13.2
1998,nba dpoy,Tim Duncan,duncati01,21,4.0,4.0,116.0,0.034,False,NBA,Tim Duncan,21.0,SAS,PF,82.0,82.0,39.1,8.6,15.7,0.549,0.0,0.1,0.0,8.6,15.6,0.553,0.549,3.9,5.9,0.662,3.3,8.6,11.9,2.7,0.7,2.5,3.4,3.1,21.1
1998,nba dpoy,Bo Outlaw,outlabo01,26,4.0,4.0,116.0,0.034,False,NBA,Bo Outlaw,26.0,ORL,PF,82.0,76.0,36.0,3.7,6.6,0.554,0.0,0.0,0.25,3.7,6.6,0.557,0.555,2.2,3.8,0.575,3.1,4.7,7.8,2.6,1.3,2.2,2.1,3.2,9.5
1998,nba dpoy,Dennis Rodman,rodmade01,36,4.0,4.0,116.0,0.034,False,NBA,Dennis Rodman,36.0,CHI,PF,80.0,66.0,35.7,1.9,4.5,0.431,0.1,0.3,0.174,1.9,4.2,0.448,0.436,0.8,1.4,0.55,5.3,9.8,15.0,2.9,0.6,0.2,1.8,3.0,4.7
1998,nba dpoy,Anthony Mason,masonan01,31,2.0,2.0,116.0,0.017,False,NBA,Anthony Mason,31.0,CHH,PF,81.0,80.0,38.9,4.8,9.4,0.509,0.0,0.0,0.0,4.8,9.4,0.512,0.509,3.2,5.0,0.649,2.2,8.0,10.2,4.2,0.8,0.2,1.8,2.2,12.8
1998,nba dpoy,Scottie Pippen,pippesc01,32,2.0,2.0,116.0,0.017,False,NBA,Scottie Pippen,32.0,CHI,SF,44.0,44.0,37.5,7.2,16.0,0.447,1.4,4.4,0.318,5.8,11.6,0.496,0.491,3.4,4.4,0.777,1.2,4.0,5.2,5.8,1.8,1.0,2.5,2.6,19.1
1998,nba dpoy,Kevin Garnett,garneke01,21,1.0,1.0,116.0,0.009,False,NBA,Kevin Garnett,21.0,MIN,PF,82.0,82.0,39.3,7.7,15.8,0.491,0.0,0.2,0.188,7.7,15.6,0.495,0.492,3.0,4.0,0.738,2.7,6.9,9.6,4.2,1.7,1.8,2.3,2.7,18.5
1998,nba dpoy,Kendall Gill,gillke01,29,1.0,1.0,116.0,0.009,False,NBA,Kendall Gill,29.0,NJN,SF,81.0,81.0,33.7,5.2,12.0,0.429,0.3,1.2,0.257,4.8,10.8,0.449,0.443,2.8,4.0,0.688,1.4,3.4,4.8,2.5,1.9,0.8,1.5,3.3,13.4
1998,nba dpoy,Horace Grant,grantho01,32,1.0,1.0,116.0,0.009,False,NBA,Horace Grant,32.0,ORL,C,76.0,76.0,36.9,5.2,11.3,0.459,0.0,0.1,0.0,5.2,11.2,0.462,0.459,1.8,2.6,0.678,3.0,5.1,8.1,2.3,1.1,1.0,1.2,2.4,12.1
1998,nba dpoy,Brevin Knight,knighbr01,22,1.0,1.0,116.0,0.009,False,NBA,Brevin Knight,22.0,CLE,PG,80.0,76.0,31.0,3.3,7.4,0.441,0.0,0.1,0.0,3.3,7.3,0.446,0.441,2.5,3.1,0.801,0.8,2.3,3.2,8.2,2.5,0.2,2.4,3.4,9.0
1998,nba mip,Alan Henderson,hendeal01,25,33.0,33.0,116.0,0.284,True,NBA,Alan Henderson,25.0,ATL,PF,69.0,33.0,29.0,5.3,10.9,0.485,0.0,0.1,0.5,5.2,10.8,0.485,0.487,3.7,5.6,0.652,2.9,3.5,6.4,1.1,0.6,0.5,1.6,2.5,14.3
1998,nba mip,Corliss Williamson,willico02,24,25.0,25.0,116.0,0.216,False,NBA,Corliss Williamson,24.0,SAC,SF,79.0,75.0,35.7,7.1,14.4,0.495,0.0,0.1,0.0,7.1,14.2,0.499,0.495,3.5,5.6,0.63,2.1,3.6,5.6,2.9,1.0,0.6,2.5,3.2,17.7
1998,nba mip,Donyell Marshall,marshdo01,24,24.0,24.0,116.0,0.207,False,NBA,Donyell Marshall,24.0,GSW,SF,73.0,73.0,35.8,6.2,14.9,0.414,0.9,2.8,0.313,5.3,12.2,0.436,0.443,2.2,3.0,0.731,2.9,5.7,8.6,2.2,1.3,1.0,2.0,3.1,15.4
1998,nba mip,Nick Anderson,anderni01,30,6.0,6.0,116.0,0.052,False,NBA,Nick Anderson,30.0,ORL,SF,58.0,44.0,29.3,5.9,13.0,0.455,1.3,3.7,0.36,4.6,9.3,0.493,0.506,2.2,3.4,0.638,1.7,3.4,5.1,2.1,1.2,0.4,1.5,1.7,15.3
1998,nba mip,Michael Finley,finlemi01,24,6.0,6.0,116.0,0.052,False,NBA,Michael Finley,24.0,DAL,SF,82.0,82.0,41.4,8.2,18.4,0.449,1.1,3.0,0.357,7.2,15.4,0.466,0.477,4.0,5.1,0.784,1.8,3.5,5.3,4.9,1.6,0.4,2.7,2.0,21.5
1998,nba mip,Theo Ratliff,ratlith01,24,5.0,5.0,116.0,0.043,False,NBA,Theo Ratliff,24.0,2TM,C,82.0,67.0,29.8,3.7,7.3,0.513,0.0,0.0,,3.7,7.3,0.513,0.513,2.4,3.4,0.701,2.7,4.0,6.7,0.7,0.6,3.1,1.4,3.6,9.9
1998,nba mip,Kobe Bryant,bryanko01,19,3.0,3.0,116.0,0.026,False,NBA,Kobe Bryant,19.0,LAL,SF,79.0,1.0,26.0,4.9,11.6,0.428,0.9,2.8,0.341,4.0,8.8,0.456,0.469,4.6,5.8,0.794,1.0,2.1,3.1,2.5,0.9,0.5,2.0,2.3,15.4
1998,nba mip,Vin Baker,bakervi01,26,2.0,2.0,116.0,0.017,False,NBA,Vin Baker,26.0,SEA,C,82.0,82.0,35.9,7.7,14.2,0.542,0.0,0.1,0.143,7.7,14.1,0.545,0.543,3.8,6.4,0.591,3.5,4.5,8.0,1.9,1.1,1.0,2.1,3.4,19.2
1998,nba mip,Lamond Murray,murrala01,24,2.0,2.0,116.0,0.017,False,NBA,Lamond Murray,24.0,LAC,SF,79.0,65.0,32.6,6.0,12.5,0.481,0.7,1.9,0.353,5.3,10.5,0.504,0.508,2.8,3.7,0.748,2.2,3.9,6.1,1.8,1.5,0.7,2.2,2.4,15.4
1998,nba mip,Bo Outlaw,outlabo01,26,2.0,2.0,116.0,0.017,False,NBA,Bo Outlaw,26.0,ORL,PF,82.0,76.0,36.0,3.7,6.6,0.554,0.0,0.0,0.25,3.7,6.6,0.557,0.555,2.2,3.8,0.575,3.1,4.7,7.8,2.6,1.3,2.2,2.1,3.2,9.5
1998,nba mip,Antoine Walker,walkean02,21,2.0,2.0,116.0,0.017,False,NBA,Antoine Walker,21.0,BOS,PF,82.0,82.0,39.9,8.8,20.8,0.423,1.1,3.6,0.312,7.7,17.2,0.447,0.45,3.7,5.8,0.645,3.3,6.9,10.2,3.3,1.7,0.7,3.6,3.2,22.4
1998,nba mip,John Wallace,wallajo01,23,2.0,2.0,116.0,0.017,False,NBA,John Wallace,23.0,TOR,SF,82.0,36.0,28.8,5.7,11.9,0.478,0.0,0.0,0.5,5.7,11.9,0.478,0.479,2.6,3.6,0.717,1.4,3.1,4.5,1.3,0.8,1.2,2.1,2.9,14.0
1998,nba mip,Matt Geiger,geigema01,28,1.0,1.0,116.0,0.009,False,NBA,Matt Geiger,28.0,CHH,C,78.0,42.0,23.6,4.6,9.1,0.505,0.0,0.1,0.091,4.6,8.9,0.511,0.506,2.2,3.0,0.712,2.5,4.2,6.7,1.0,0.9,1.1,1.4,2.4,11.3
1998,nba mip,Karl Malone,malonka01,34,1.0,1.0,116.0,0.009,False,NBA,Karl Malone,34.0,UTA,PF,81.0,81.0,37.4,9.6,18.2,0.53,0.0,0.1,0.333,9.6,18.1,0.531,0.531,7.8,10.2,0.761,2.3,8.0,10.3,3.9,1.2,0.9,3.0,2.9,27.0
1998,nba mip,Jalen Rose,roseja01,25,1.0,1.0,116.0,0.009,False,NBA,Jalen Rose,25.0,IND,SF,82.0,0.0,20.8,3.5,7.4,0.478,0.3,0.9,0.342,3.2,6.5,0.496,0.498,2.0,2.8,0.728,0.3,2.0,2.4,1.9,0.7,0.2,1.6,2.1,9.4
1998,nba mip,Rod Strickland,stricro02,31,1.0,1.0,116.0,0.009,False,NBA,Rod Strickland,31.0,WAS,PG,76.0,76.0,39.7,6.4,14.9,0.434,0.2,0.6,0.25,6.3,14.2,0.442,0.439,4.7,6.5,0.726,1.5,3.9,5.3,10.5,1.7,0.3,3.5,2.4,17.8
1998,nba mvp,Michael Jordan,jordami01,34,92.0,1084.0,1160.0,0.934,True,NBA,Michael Jordan,34.0,CHI,SG,82.0,82.0,38.8,10.7,23.1,0.465,0.4,1.5,0.238,10.4,21.5,0.482,0.473,6.9,8.8,0.784,1.6,4.2,5.8,3.5,1.7,0.5,2.3,1.8,28.7
1998,nba mvp,Karl Malone,malonka01,34,20.0,842.0,1160.0,0.726,False,NBA,Karl Malone,34.0,UTA,PF,81.0,81.0,37.4,9.6,18.2,0.53,0.0,0.1,0.333,9.6,18.1,0.531,0.531,7.8,10.2,0.761,2.3,8.0,10.3,3.9,1.2,0.9,3.0,2.9,27.0
1998,nba mvp,Gary Payton,paytoga01,29,3.0,431.0,1160.0,0.372,False,NBA,Gary Payton,29.0,SEA,PG,82.0,82.0,38.4,7.1,15.6,0.453,1.6,4.8,0.338,5.4,10.7,0.505,0.505,3.4,4.6,0.744,0.9,3.6,4.6,8.3,2.3,0.2,2.8,2.4,19.2
1998,nba mvp,Shaquille O'Neal,onealsh01,25,1.0,311.0,1160.0,0.268,False,NBA,Shaquille O'Neal,25.0,LAL,C,60.0,57.0,36.3,11.2,19.1,0.584,0.0,0.0,,11.2,19.1,0.584,0.584,6.0,11.4,0.527,3.5,7.9,11.4,2.4,0.7,2.4,2.9,3.2,28.3
1998,nba mvp,Tim Duncan,duncati01,21,0.0,148.0,1160.0,0.128,False,NBA,Tim Duncan,21.0,SAS,PF,82.0,82.0,39.1,8.6,15.7,0.549,0.0,0.1,0.0,8.6,15.6,0.553,0.549,3.9,5.9,0.662,3.3,8.6,11.9,2.7,0.7,2.5,3.4,3.1,21.1
1998,nba mvp,Tim Hardaway,hardati01,31,0.0,71.0,1160.0,0.061,False,NBA,Tim Hardaway,31.0,MIA,PG,81.0,81.0,37.4,6.9,16.0,0.431,1.9,5.5,0.351,5.0,10.5,0.472,0.49,3.2,4.1,0.781,0.6,3.1,3.7,8.3,1.7,0.2,2.8,2.5,18.9
1998,nba mvp,David Robinson,robinda01,32,0.0,36.0,1160.0,0.031,False,NBA,David Robinson,32.0,SAS,C,73.0,73.0,33.7,7.5,14.6,0.511,0.0,0.1,0.25,7.4,14.5,0.512,0.511,6.6,9.0,0.735,3.3,7.3,10.6,2.7,0.9,2.6,2.8,2.8,21.6
1998,nba mvp,Vin Baker,bakervi01,26,0.0,24.0,1160.0,0.021,False,NBA,Vin Baker,26.0,SEA,C,82.0,82.0,35.9,7.7,14.2,0.542,0.0,0.1,0.143,7.7,14.1,0.545,0.543,3.8,6.4,0.591,3.5,4.5,8.0,1.9,1.1,1.0,2.1,3.4,19.2
1998,nba mvp,Grant Hill,hillgr01,25,0.0,23.0,1160.0,0.02,False,NBA,Grant Hill,25.0,DET,SF,81.0,81.0,40.7,7.6,16.8,0.452,0.0,0.3,0.143,7.6,16.5,0.457,0.453,5.9,8.0,0.74,1.1,6.5,7.7,6.8,1.8,0.7,3.5,2.4,21.1
1998,nba mvp,Scottie Pippen,pippesc01,32,0.0,14.0,1160.0,0.012,False,NBA,Scottie Pippen,32.0,CHI,SF,44.0,44.0,37.5,7.2,16.0,0.447,1.4,4.4,0.318,5.8,11.6,0.496,0.491,3.4,4.4,0.777,1.2,4.0,5.2,5.8,1.8,1.0,2.5,2.6,19.1
1998,nba mvp,Glen Rice,ricegl01,30,0.0,7.0,1160.0,0.006,False,NBA,Glen Rice,30.0,CHH,SF,82.0,82.0,40.2,7.7,16.9,0.457,1.6,3.7,0.433,6.1,13.2,0.464,0.504,5.2,6.1,0.849,1.1,3.2,4.3,2.2,0.9,0.3,2.2,2.4,22.3
1998,nba mvp,Antoine Walker,walkean02,21,0.0,6.0,1160.0,0.005,False,NBA,Antoine Walker,21.0,BOS,PF,82.0,82.0,39.9,8.8,20.8,0.423,1.1,3.6,0.312,7.7,17.2,0.447,0.45,3.7,5.8,0.645,3.3,6.9,10.2,3.3,1.7,0.7,3.6,3.2,22.4
1998,nba mvp,Jason Kidd,kiddja01,24,0.0,5.0,1160.0,0.004,False,NBA,Jason Kidd,24.0,PHO,PG,82.0,82.0,38.0,4.4,10.5,0.416,0.9,2.8,0.313,3.5,7.6,0.454,0.458,2.0,2.5,0.799,1.3,4.9,6.2,9.1,2.0,0.3,3.2,1.7,11.6
1998,nba mvp,John Stockton,stockjo01,35,0.0,5.0,1160.0,0.004,False,NBA,John Stockton,35.0,UTA,PG,64.0,64.0,29.0,4.2,8.0,0.528,0.6,1.4,0.429,3.6,6.6,0.55,0.567,3.0,3.6,0.827,0.5,2.0,2.6,8.5,1.4,0.2,2.5,2.2,12.0
1998,nba mvp,Mitch Richmond,richmmi01,32,0.0,3.0,1160.0,0.003,False,NBA,Mitch Richmond,32.0,SAC,SG,70.0,70.0,36.7,7.8,17.4,0.445,1.9,4.8,0.389,5.9,12.7,0.466,0.498,5.8,6.7,0.864,0.7,2.6,3.3,4.0,1.3,0.2,2.6,2.2,23.2
1998,nba mvp,Reggie Miller,millere01,32,0.0,2.0,1160.0,0.002,False,NBA,Reggie Miller,32.0,IND,SG,81.0,81.0,34.5,6.4,13.3,0.477,2.0,4.7,0.429,4.3,8.6,0.504,0.553,4.7,5.4,0.868,0.6,2.3,2.9,2.1,1.0,0.1,1.6,1.8,19.5
1998,nba mvp,Rik Smits,smitsri01,31,0.0,2.0,1160.0,0.002,False,NBA,Rik Smits,31.0,IND,C,73.0,69.0,28.6,7.0,14.2,0.495,0.0,0.0,0.0,7.0,14.2,0.497,0.495,2.6,3.3,0.783,1.7,5.2,6.9,1.4,0.5,1.2,1.8,3.3,16.7
1998,nba mvp,Michael Finley,finlemi01,24,0.0,1.0,1160.0,0.001,False,NBA,Michael Finley,24.0,DAL,SF,82.0,82.0,41.4,8.2,18.4,0.449,1.1,3.0,0.357,7.2,15.4,0.466,0.477,4.0,5.1,0.784,1.8,3.5,5.3,4.9,1.6,0.4,2.7,2.0,21.5
1998,nba mvp,Rod Strickland,stricro02,31,0.0,1.0,1160.0,0.001,False,NBA,Rod Strickland,31.0,WAS,PG,76.0,76.0,39.7,6.4,14.9,0.434,0.2,0.6,0.25,6.3,14.2,0.442,0.439,4.7,6.5,0.726,1.5,3.9,5.3,10.5,1.7,0.3,3.5,2.4,17.8
1998,nba roy,Tim Duncan,duncati01,21,113.0,113.0,116.0,0.974,True,NBA,Tim Duncan,21.0,SAS,PF,82.0,82.0,39.1,8.6,15.7,0.549,0.0,0.1,0.0,8.6,15.6,0.553,0.549,3.9,5.9,0.662,3.3,8.6,11.9,2.7,0.7,2.5,3.4,3.1,21.1
1998,nba roy,Keith Van Horn,vanhoke01,22,3.0,3.0,116.0,0.026,False,NBA,Keith Van Horn,22.0,NJN,PF,62.0,62.0,37.5,7.2,16.9,0.426,1.1,3.6,0.308,6.1,13.3,0.458,0.459,4.2,4.9,0.846,2.3,4.3,6.6,1.7,1.0,0.4,2.6,3.5,19.7
1998,nba smoy,Danny Manning,mannida01,31,57.0,57.0,116.0,0.491,True,NBA,Danny Manning,31.0,PHO,PF,70.0,11.0,25.6,5.6,10.8,0.516,0.0,0.1,0.0,5.6,10.7,0.521,0.516,2.4,3.2,0.739,1.6,4.0,5.6,2.0,1.0,0.7,1.4,2.9,13.5
1998,nba smoy,Kobe Bryant,bryanko01,19,31.0,31.0,116.0,0.267,False,NBA,Kobe Bryant,19.0,LAL,SF,79.0,1.0,26.0,4.9,11.6,0.428,0.9,2.8,0.341,4.0,8.8,0.456,0.469,4.6,5.8,0.794,1.0,2.1,3.1,2.5,0.9,0.5,2.0,2.3,15.4
1998,nba smoy,Dale Ellis,ellisda01,37,21.0,21.0,116.0,0.181,False,NBA,Dale Ellis,37.0,SEA,SF,79.0,0.0,24.5,4.4,8.9,0.497,1.6,3.5,0.464,2.8,5.4,0.519,0.588,1.4,1.8,0.782,0.6,1.7,2.3,1.1,0.8,0.1,0.9,1.6,11.8
1998,nba smoy,John Starks,starkjo01,32,3.0,3.0,116.0,0.026,False,NBA,John Starks,32.0,NYK,SG,82.0,10.0,26.7,4.5,11.5,0.393,1.6,4.9,0.327,3.0,6.7,0.441,0.461,2.3,2.9,0.787,0.6,2.2,2.8,2.7,1.0,0.1,1.7,2.5,12.9
1998,nba smoy,Jerry Stackhouse,stackje01,23,2.0,2.0,116.0,0.017,False,NBA,Jerry Stackhouse,23.0,2TM,SG,79.0,37.0,32.2,5.4,12.3,0.435,0.6,2.5,0.241,4.8,9.9,0.483,0.459,4.5,5.7,0.787,1.3,2.0,3.4,3.1,1.1,0.7,2.8,2.2,15.8
1998,nba smoy,Michael Curry,currymi01,29,1.0,1.0,116.0,0.009,False,NBA,Michael Curry,29.0,MIL,SG,82.0,27.0,24.1,2.4,5.1,0.469,0.0,0.1,0.444,2.3,5.0,0.469,0.474,1.8,2.1,0.835,0.3,0.9,1.2,1.7,0.7,0.2,0.9,2.7,6.6
1998,nba smoy,Tracy Murray,murratr01,26,1.0,1.0,116.0,0.009,False,NBA,Tracy Murray,26.0,WAS,SF,82.0,12.0,27.2,5.5,12.3,0.446,1.9,4.9,0.392,3.5,7.4,0.482,0.524,2.2,2.5,0.871,0.9,2.5,3.4,1.0,0.8,0.3,1.2,2.0,15.1
1997,nba dpoy,Dikembe Mutombo,mutomdi01,30,60.0,60.0,115.0,0.522,True,NBA,Dikembe Mutombo,30.0,ATL,C,80.0,80.0,37.2,4.8,9.0,0.527,0.0,0.0,,4.8,9.0,0.527,0.527,3.8,5.4,0.705,3.4,8.3,11.6,1.4,0.6,3.3,2.3,3.1,13.3
1997,nba dpoy,Gary Payton,paytoga01,28,25.0,25.0,115.0,0.217,False,NBA,Gary Payton,28.0,SEA,PG,82.0,82.0,39.2,8.6,18.1,0.476,1.5,4.6,0.313,7.2,13.4,0.533,0.517,3.1,4.3,0.715,1.3,3.3,4.6,7.1,2.4,0.2,2.6,2.5,21.8
1997,nba dpoy,Mookie Blaylock,blaylmo01,29,18.0,18.0,115.0,0.157,False,NBA,Mookie Blaylock,29.0,ATL,PG,78.0,78.0,39.2,6.4,14.9,0.432,2.8,7.7,0.366,3.6,7.1,0.505,0.528,1.7,2.2,0.753,1.5,3.8,5.3,5.9,2.7,0.3,2.4,1.8,17.4
1997,nba dpoy,Scottie Pippen,pippesc01,31,4.0,4.0,115.0,0.035,False,NBA,Scottie Pippen,31.0,CHI,SF,82.0,82.0,37.7,7.9,16.7,0.474,1.9,5.2,0.368,6.0,11.5,0.522,0.531,2.5,3.5,0.701,2.0,4.5,6.5,5.7,1.9,0.5,2.6,2.6,20.2
1997,nba dpoy,Michael Jordan,jordami01,33,3.0,3.0,115.0,0.026,False,NBA,Michael Jordan,33.0,CHI,SG,82.0,82.0,37.9,11.2,23.1,0.486,1.4,3.6,0.374,9.9,19.5,0.507,0.516,5.9,7.0,0.833,1.4,4.5,5.9,4.3,1.7,0.5,2.0,1.9,29.6
1997,nba dpoy,Joe Dumars,dumarjo01,33,1.0,1.0,115.0,0.009,False,NBA,Joe Dumars,33.0,DET,SG,79.0,79.0,37.0,4.9,11.1,0.44,2.1,4.9,0.432,2.8,6.2,0.446,0.535,2.8,3.2,0.867,0.5,1.9,2.4,4.0,0.7,0.0,1.6,1.2,14.7
1997,nba dpoy,Mario Elie,eliema01,33,1.0,1.0,115.0,0.009,False,NBA,Mario Elie,33.0,HOU,SF,78.0,77.0,34.4,3.7,7.5,0.497,1.5,3.7,0.42,2.2,3.8,0.572,0.6,2.7,3.0,0.896,0.8,2.2,3.0,4.0,1.2,0.2,1.7,2.6,11.7
1997,nba dpoy,Rick Fox,foxri01,27,1.0,1.0,115.0,0.009,False,NBA,Rick Fox,27.0,BOS,SF,76.0,75.0,34.9,5.7,12.5,0.456,1.3,3.7,0.363,4.4,8.8,0.494,0.509,2.7,3.5,0.787,1.5,3.7,5.2,3.8,2.2,0.5,2.3,3.7,15.4
1997,nba dpoy,Horace Grant,grantho01,31,1.0,1.0,115.0,0.009,False,NBA,Horace Grant,31.0,ORL,PF,67.0,67.0,37.3,5.3,10.4,0.515,0.0,0.1,0.167,5.3,10.3,0.518,0.516,1.9,2.7,0.715,3.1,5.9,9.0,2.4,1.5,1.0,1.5,2.3,12.6
1997,nba dpoy,Shawn Kemp,kempsh01,27,1.0,1.0,115.0,0.009,False,NBA,Shawn Kemp,27.0,SEA,PF,81.0,75.0,34.0,6.5,12.7,0.51,0.1,0.4,0.364,6.3,12.3,0.515,0.516,5.6,7.5,0.742,3.4,6.6,10.0,1.9,1.5,1.0,3.5,4.0,18.7
1997,nba mip,Isaac Austin,austiis01,27,41.0,41.0,115.0,0.357,True,NBA,Isaac Austin,27.0,MIA,C,82.0,17.0,22.9,3.9,7.8,0.502,0.0,0.0,0.0,3.9,7.8,0.505,0.502,1.8,2.8,0.664,1.7,4.2,5.8,1.2,0.5,0.5,2.0,3.0,9.7
1997,nba mip,Doug Christie,chrisdo01,26,17.0,17.0,115.0,0.148,False,NBA,Doug Christie,26.0,TOR,SG,81.0,81.0,38.6,4.9,11.7,0.417,1.8,4.7,0.384,3.1,7.0,0.44,0.495,2.9,3.8,0.775,1.0,4.3,5.3,3.9,2.5,0.6,2.5,3.0,14.5
1997,nba mip,Rasheed Wallace,wallara01,22,13.0,13.0,115.0,0.113,False,NBA,Rasheed Wallace,22.0,POR,PF,62.0,56.0,30.5,6.1,11.0,0.558,0.1,0.5,0.273,6.0,10.5,0.573,0.565,2.7,4.3,0.638,2.0,4.8,6.8,1.2,0.8,1.0,1.8,3.2,15.1
1997,nba mip,Voshon Lenard,lenarvo01,23,9.0,9.0,115.0,0.078,False,NBA,Voshon Lenard,23.0,MIA,SG,73.0,47.0,28.9,4.3,9.4,0.459,2.5,6.1,0.414,1.8,3.3,0.541,0.593,1.2,1.4,0.819,0.5,2.5,3.0,2.2,0.7,0.2,1.5,2.3,12.3
1997,nba mip,Kendall Gill,gillke01,28,7.0,7.0,115.0,0.061,False,NBA,Kendall Gill,28.0,NJN,SF,82.0,81.0,39.0,7.9,17.7,0.443,0.9,2.7,0.336,7.0,15.0,0.462,0.469,5.2,6.5,0.797,2.2,3.9,6.1,4.0,1.9,0.6,2.7,2.7,21.8
1997,nba mip,Glen Rice,ricegl01,29,7.0,7.0,115.0,0.061,False,NBA,Glen Rice,29.0,CHH,SF,79.0,78.0,42.6,9.1,19.2,0.477,2.6,5.6,0.47,6.5,13.6,0.48,0.546,5.9,6.8,0.867,0.8,3.2,4.0,2.0,0.9,0.3,2.2,2.4,26.8
1997,nba mip,Lindsey Hunter,hunteli01,26,5.0,5.0,115.0,0.043,False,NBA,Lindsey Hunter,26.0,DET,PG,82.0,76.0,36.9,5.1,12.7,0.404,2.0,5.7,0.355,3.1,7.0,0.444,0.484,1.9,2.5,0.778,0.7,2.1,2.8,1.9,1.6,0.3,1.2,2.5,14.2
1997,nba mip,Kevin Garnett,garneke01,20,4.0,4.0,115.0,0.035,False,NBA,Kevin Garnett,20.0,MIN,SF,77.0,77.0,38.9,7.1,14.3,0.499,0.1,0.3,0.286,7.1,14.0,0.503,0.502,2.7,3.5,0.754,2.5,5.6,8.0,3.1,1.4,2.1,2.3,2.6,17.0
1997,nba mip,LaPhonso Ellis,ellisla01,26,3.0,3.0,115.0,0.026,False,NBA,LaPhonso Ellis,26.0,DEN,PF,55.0,49.0,36.4,8.1,18.4,0.439,1.7,4.7,0.367,6.4,13.7,0.464,0.486,4.0,5.1,0.773,1.9,5.1,7.0,2.4,0.8,0.7,2.1,3.3,21.9
1997,nba mip,Tom Gugliotta,guglito01,27,3.0,3.0,115.0,0.026,False,NBA,Tom Gugliotta,27.0,MIN,PF,81.0,81.0,38.7,7.3,16.5,0.442,0.3,1.1,0.258,7.0,15.4,0.456,0.451,5.7,7.0,0.82,2.3,6.4,8.7,4.1,1.6,1.1,3.6,2.9,20.6
1997,nba mip,David Wesley,wesleda01,26,2.0,2.0,115.0,0.017,False,NBA,David Wesley,26.0,BOS,PG,74.0,73.0,40.4,6.2,13.2,0.468,1.4,3.9,0.36,4.8,9.3,0.513,0.521,3.0,3.9,0.781,0.9,2.7,3.6,7.3,2.2,0.2,2.9,3.0,16.8
1997,nba mip,Tim Hardaway,hardati01,30,1.0,1.0,115.0,0.009,False,NBA,Tim Hardaway,30.0,MIA,PG,81.0,81.0,38.7,7.1,17.1,0.415,2.5,7.3,0.344,4.6,9.8,0.469,0.489,3.6,4.5,0.799,0.6,2.8,3.4,8.6,1.9,0.1,2.8,2.0,20.3
1997,nba mip,Eddie Jones,jonesed02,25,1.0,1.0,115.0,0.009,False,NBA,Eddie Jones,25.0,LAL,SG,80.0,80.0,37.5,5.9,13.5,0.438,1.9,4.9,0.391,4.0,8.7,0.464,0.508,3.5,4.2,0.819,1.1,3.0,4.1,3.4,2.4,0.6,2.1,2.8,17.2
1997,nba mip,Rony Seikaly,seikaro01,31,1.0,1.0,115.0,0.009,False,NBA,Rony Seikaly,31.0,ORL,C,74.0,68.0,35.3,6.2,12.3,0.507,0.0,0.0,0.0,6.2,12.2,0.509,0.507,4.8,6.8,0.714,3.7,5.8,9.5,1.2,0.7,1.4,2.9,3.7,17.3
1997,nba mip,Monty Williams,willimo01,25,1.0,1.0,115.0,0.009,False,NBA,Monty Williams,25.0,SAS,SF,65.0,26.0,20.7,3.6,7.1,0.509,0.0,0.0,0.0,3.6,7.1,0.51,0.509,1.8,2.9,0.645,1.5,1.7,3.2,1.4,0.8,0.8,1.8,2.5,9.0
1997,nba mvp,Karl Malone,malonka01,33,63.0,986.0,1150.0,0.857,True,NBA,Karl Malone,33.0,UTA,PF,82.0,82.0,36.6,10.5,19.2,0.55,0.0,0.2,0.0,10.5,19.0,0.555,0.55,6.4,8.4,0.755,2.4,7.5,9.9,4.5,1.4,0.6,2.8,2.6,27.4
1997,nba mvp,Michael Jordan,jordami01,33,52.0,957.0,1150.0,0.832,False,NBA,Michael Jordan,33.0,CHI,SG,82.0,82.0,37.9,11.2,23.1,0.486,1.4,3.6,0.374,9.9,19.5,0.507,0.516,5.9,7.0,0.833,1.4,4.5,5.9,4.3,1.7,0.5,2.0,1.9,29.6
1997,nba mvp,Grant Hill,hillgr01,24,0.0,376.0,1150.0,0.327,False,NBA,Grant Hill,24.0,DET,SF,80.0,80.0,39.3,7.8,15.7,0.496,0.1,0.4,0.303,7.7,15.3,0.502,0.5,5.6,7.9,0.711,1.5,7.5,9.0,7.3,1.8,0.6,3.2,2.3,21.4
1997,nba mvp,Tim Hardaway,hardati01,30,0.0,238.0,1150.0,0.207,False,NBA,Tim Hardaway,30.0,MIA,PG,81.0,81.0,38.7,7.1,17.1,0.415,2.5,7.3,0.344,4.6,9.8,0.469,0.489,3.6,4.5,0.799,0.6,2.8,3.4,8.6,1.9,0.1,2.8,2.0,20.3
1997,nba mvp,Glen Rice,ricegl01,29,0.0,134.0,1150.0,0.117,False,NBA,Glen Rice,29.0,CHH,SF,79.0,78.0,42.6,9.1,19.2,0.477,2.6,5.6,0.47,6.5,13.6,0.48,0.546,5.9,6.8,0.867,0.8,3.2,4.0,2.0,0.9,0.3,2.2,2.4,26.8
1997,nba mvp,Gary Payton,paytoga01,28,0.0,105.0,1150.0,0.091,False,NBA,Gary Payton,28.0,SEA,PG,82.0,82.0,39.2,8.6,18.1,0.476,1.5,4.6,0.313,7.2,13.4,0.533,0.517,3.1,4.3,0.715,1.3,3.3,4.6,7.1,2.4,0.2,2.6,2.5,21.8
1997,nba mvp,Hakeem Olajuwon,olajuha01,34,0.0,95.0,1150.0,0.083,False,NBA,Hakeem Olajuwon,34.0,HOU,C,78.0,78.0,36.6,9.3,18.3,0.51,0.1,0.2,0.313,9.3,18.1,0.512,0.512,4.5,5.7,0.787,2.2,7.0,9.2,3.0,1.5,2.2,3.6,3.2,23.2
1997,nba mvp,Patrick Ewing,ewingpa01,34,0.0,57.0,1150.0,0.05,False,NBA,Patrick Ewing,34.0,NYK,C,78.0,78.0,37.0,8.4,17.2,0.488,0.0,0.1,0.222,8.4,17.1,0.49,0.489,5.6,7.5,0.754,2.2,8.4,10.7,2.0,0.9,2.4,3.4,3.2,22.4
1997,nba mvp,Anthony Mason,masonan01,30,0.0,7.0,1150.0,0.006,False,NBA,Anthony Mason,30.0,CHH,PF,73.0,73.0,43.1,5.9,11.3,0.525,0.0,0.0,0.333,5.9,11.3,0.526,0.525,4.4,5.9,0.745,2.5,8.8,11.4,5.7,1.0,0.5,2.3,2.8,16.2
1997,nba mvp,Shaquille O'Neal,onealsh01,24,0.0,7.0,1150.0,0.006,False,NBA,Shaquille O'Neal,24.0,LAL,C,51.0,51.0,38.1,10.8,19.4,0.557,0.0,0.1,0.0,10.8,19.4,0.559,0.557,4.5,9.4,0.484,3.8,8.7,12.5,3.1,0.9,2.9,2.9,3.5,26.2
1997,nba mvp,Scottie Pippen,pippesc01,31,0.0,6.0,1150.0,0.005,False,NBA,Scottie Pippen,31.0,CHI,SF,82.0,82.0,37.7,7.9,16.7,0.474,1.9,5.2,0.368,6.0,11.5,0.522,0.531,2.5,3.5,0.701,2.0,4.5,6.5,5.7,1.9,0.5,2.6,2.6,20.2
1997,nba mvp,Alonzo Mourning,mournal01,26,0.0,5.0,1150.0,0.004,False,NBA,Alonzo Mourning,26.0,MIA,C,66.0,65.0,35.2,7.2,13.4,0.534,0.0,0.1,0.111,7.2,13.3,0.539,0.535,5.5,8.6,0.642,2.9,7.1,9.9,1.6,0.8,2.9,3.4,4.1,19.8
1997,nba mvp,Dikembe Mutombo,mutomdi01,30,0.0,4.0,1150.0,0.003,False,NBA,Dikembe Mutombo,30.0,ATL,C,80.0,80.0,37.2,4.8,9.0,0.527,0.0,0.0,,4.8,9.0,0.527,0.527,3.8,5.4,0.705,3.4,8.3,11.6,1.4,0.6,3.3,2.3,3.1,13.3
1997,nba mvp,Mitch Richmond,richmmi01,31,0.0,4.0,1150.0,0.003,False,NBA,Mitch Richmond,31.0,SAC,SG,81.0,81.0,38.6,8.9,19.5,0.454,2.5,5.9,0.428,6.3,13.6,0.466,0.519,5.6,6.6,0.861,0.7,3.2,3.9,4.2,1.5,0.3,2.9,2.6,25.9
1997,nba mvp,John Stockton,stockjo01,34,0.0,3.0,1150.0,0.003,False,NBA,John Stockton,34.0,UTA,PG,82.0,82.0,35.3,5.1,9.3,0.548,0.9,2.2,0.422,4.1,7.1,0.587,0.598,3.4,4.0,0.846,0.5,2.2,2.8,10.5,2.0,0.2,3.0,2.4,14.4
1997,nba mvp,Charles Barkley,barklch01,33,0.0,2.0,1150.0,0.002,False,NBA,Charles Barkley,33.0,HOU,PF,53.0,53.0,37.9,6.3,13.1,0.484,1.1,3.9,0.283,5.2,9.2,0.569,0.526,5.4,7.8,0.694,4.0,9.5,13.5,4.7,1.3,0.5,2.8,2.9,19.2
1997,nba mvp,Tom Gugliotta,guglito01,27,0.0,1.0,1150.0,0.001,False,NBA,Tom Gugliotta,27.0,MIN,PF,81.0,81.0,38.7,7.3,16.5,0.442,0.3,1.1,0.258,7.0,15.4,0.456,0.451,5.7,7.0,0.82,2.3,6.4,8.7,4.1,1.6,1.1,3.6,2.9,20.6
1997,nba mvp,Allen Iverson,iversal01,21,0.0,1.0,1150.0,0.001,False,NBA,Allen Iverson,21.0,PHI,PG,76.0,74.0,40.1,8.2,19.8,0.416,2.0,6.0,0.341,6.2,13.8,0.448,0.467,5.0,7.2,0.702,1.5,2.6,4.1,7.5,2.1,0.3,4.4,3.1,23.5
1997,nba mvp,Kevin Johnson,johnske02,30,0.0,1.0,1150.0,0.001,False,NBA,Kevin Johnson,30.0,PHO,PG,70.0,70.0,38.0,6.3,12.7,0.496,1.3,2.9,0.441,5.0,9.8,0.512,0.546,6.3,7.4,0.852,0.8,2.8,3.6,9.3,1.5,0.2,3.1,2.0,20.1
1997,nba mvp,Steve Smith,smithst01,27,0.0,1.0,1150.0,0.001,False,NBA,Steve Smith,27.0,ATL,SG,72.0,72.0,39.1,6.8,15.9,0.429,1.8,5.4,0.335,5.0,10.5,0.477,0.486,4.6,5.5,0.847,1.3,2.1,3.3,4.2,0.9,0.3,2.4,2.4,20.1
1997,nba roy,Allen Iverson,iversal01,21,44.0,44.0,115.0,0.383,True,NBA,Allen Iverson,21.0,PHI,PG,76.0,74.0,40.1,8.2,19.8,0.416,2.0,6.0,0.341,6.2,13.8,0.448,0.467,5.0,7.2,0.702,1.5,2.6,4.1,7.5,2.1,0.3,4.4,3.1,23.5
1997,nba roy,Stephon Marbury,marbust01,19,35.0,35.0,115.0,0.304,False,NBA,Stephon Marbury,19.0,MIN,PG,67.0,64.0,34.7,5.3,13.0,0.408,1.5,4.3,0.354,3.8,8.7,0.434,0.466,3.7,5.0,0.727,0.8,1.9,2.7,7.8,1.0,0.3,3.1,2.4,15.8
1997,nba roy,Shareef Abdur-Rahim,abdursh01,20,25.0,25.0,115.0,0.217,False,NBA,Shareef Abdur-Rahim,20.0,VAN,PF,80.0,71.0,35.0,6.9,15.2,0.453,0.1,0.3,0.259,6.8,14.8,0.457,0.456,4.8,6.5,0.746,2.7,4.2,6.9,2.2,1.0,1.0,2.8,2.5,18.7
1997,nba roy,Antoine Walker,walkean02,20,6.0,6.0,115.0,0.052,False,NBA,Antoine Walker,20.0,BOS,PF,82.0,68.0,36.2,7.0,16.5,0.425,0.6,1.9,0.327,6.4,14.6,0.438,0.445,2.8,4.5,0.631,3.5,5.5,9.0,3.2,1.3,0.6,2.8,3.3,17.5
1997,nba roy,Kerry Kittles,kittlke01,22,5.0,5.0,115.0,0.043,False,NBA,Kerry Kittles,22.0,NJN,SG,82.0,57.0,36.7,6.2,14.5,0.426,1.9,5.1,0.377,4.3,9.4,0.453,0.493,2.1,2.8,0.771,1.3,2.6,3.9,3.0,1.9,0.4,1.5,2.0,16.4
1997,nba smoy,John Starks,starkjo01,31,84.0,84.0,115.0,0.73,True,NBA,John Starks,31.0,NYK,SG,77.0,1.0,26.5,4.8,11.1,0.431,1.9,5.3,0.369,2.8,5.8,0.488,0.519,2.2,2.9,0.769,0.5,2.2,2.7,2.8,1.2,0.1,2.1,2.5,13.8
1997,nba smoy,Toni Kukoč,kukocto01,28,7.0,7.0,115.0,0.061,False,NBA,Toni Kukoč,28.0,CHI,SF,57.0,15.0,28.2,5.0,10.6,0.471,0.9,2.6,0.331,4.1,8.0,0.518,0.512,2.4,3.1,0.77,1.6,2.9,4.6,4.5,1.1,0.5,1.6,1.7,13.2
1997,nba smoy,Chris Gatling,gatlich01,29,6.0,6.0,115.0,0.052,False,NBA,Chris Gatling,29.0,2TM,PF,47.0,1.0,27.3,7.0,13.3,0.525,0.0,0.1,0.167,6.9,13.1,0.528,0.526,5.0,7.0,0.717,2.9,5.0,7.9,0.6,0.8,0.7,2.6,2.9,19.0
1997,nba smoy,Terry Mills,millste01,29,5.0,5.0,115.0,0.043,False,NBA,Terry Mills,29.0,DET,PF,79.0,5.0,25.3,3.9,8.9,0.444,2.2,5.3,0.422,1.7,3.6,0.477,0.569,0.7,0.9,0.829,0.9,3.9,4.8,1.3,0.4,0.3,1.1,2.0,10.8
1997,nba smoy,Dell Curry,curryde01,32,4.0,4.0,115.0,0.035,False,NBA,Dell Curry,32.0,CHH,SG,68.0,20.0,30.6,5.6,12.3,0.459,1.9,4.4,0.426,3.8,7.9,0.478,0.535,1.7,2.1,0.803,0.6,2.5,3.1,1.7,0.9,0.2,1.4,2.2,14.8
1997,nba smoy,Sam Perkins,perkisa01,35,4.0,4.0,115.0,0.035,False,NBA,Sam Perkins,35.0,SEA,C,81.0,4.0,24.4,3.6,8.2,0.439,1.5,3.8,0.395,2.1,4.3,0.477,0.531,2.3,2.8,0.817,0.9,2.8,3.7,1.3,0.9,0.6,1.0,1.7,11.0
1997,nba smoy,Isaac Austin,austiis01,27,1.0,1.0,115.0,0.009,False,NBA,Isaac Austin,27.0,MIA,C,82.0,17.0,22.9,3.9,7.8,0.502,0.0,0.0,0.0,3.9,7.8,0.505,0.502,1.8,2.8,0.664,1.7,4.2,5.8,1.2,0.5,0.5,2.0,3.0,9.7
1997,nba smoy,Mark Davis,davisma02,23,1.0,1.0,115.0,0.009,False,NBA,Mark Davis,23.0,PHI,SF,75.0,17.0,22.7,3.3,7.1,0.469,0.3,1.2,0.258,3.0,5.9,0.514,0.492,1.5,2.2,0.673,1.8,2.5,4.3,1.8,1.1,0.4,1.6,3.1,8.5
1997,nba smoy,Danny Manning,mannida01,30,1.0,1.0,115.0,0.009,False,NBA,Danny Manning,30.0,PHO,PF,77.0,17.0,27.7,5.5,10.3,0.536,0.1,0.5,0.194,5.4,9.9,0.552,0.54,2.4,3.3,0.721,1.8,4.3,6.1,2.2,1.1,1.0,2.1,3.5,13.5
1997,nba smoy,Bo Outlaw,outlabo01,25,1.0,1.0,115.0,0.009,False,NBA,Bo Outlaw,25.0,LAC,PF,82.0,25.0,26.8,3.1,5.1,0.609,0.0,0.1,0.0,3.1,5.0,0.621,0.609,1.4,2.8,0.504,2.1,3.4,5.5,1.9,1.1,1.7,1.3,2.8,7.6
1997,nba smoy,Dominique Wilkins,wilkido01,37,1.0,1.0,115.0,0.009,False,NBA,Dominique Wilkins,37.0,SAS,SF,63.0,26.0,30.9,6.3,15.1,0.417,1.1,3.8,0.293,5.2,11.3,0.458,0.453,4.5,5.6,0.803,2.7,3.7,6.4,1.9,0.6,0.5,2.1,1.6,18.2
1996,nba dpoy,Gary Payton,paytoga01,27,56.0,56.0,113.0,0.496,True,NBA,Gary Payton,27.0,SEA,PG,81.0,81.0,39.0,7.6,15.8,0.484,1.2,3.7,0.328,6.4,12.1,0.532,0.523,2.8,3.8,0.748,1.3,2.9,4.2,7.5,2.9,0.2,3.2,2.7,19.3
1996,nba dpoy,Scottie Pippen,pippesc01,30,15.0,15.0,113.0,0.133,False,NBA,Scottie Pippen,30.0,CHI,SF,77.0,77.0,36.7,7.3,15.8,0.463,1.9,5.2,0.374,5.4,10.6,0.507,0.525,2.9,4.2,0.679,2.0,4.5,6.4,5.9,1.7,0.7,2.7,2.6,19.4
1996,nba dpoy,Dikembe Mutombo,mutomdi01,29,11.0,11.0,113.0,0.097,False,NBA,Dikembe Mutombo,29.0,DEN,C,74.0,74.0,36.7,3.8,7.7,0.499,0.0,0.0,0.0,3.8,7.7,0.5,0.499,3.3,4.8,0.695,3.4,8.4,11.8,1.5,0.5,4.5,2.0,3.5,11.0
1996,nba dpoy,David Robinson,robinda01,30,9.0,9.0,113.0,0.08,False,NBA,David Robinson,30.0,SAS,C,82.0,82.0,36.8,8.7,16.8,0.516,0.0,0.1,0.333,8.6,16.7,0.517,0.517,7.6,10.0,0.761,3.9,8.3,12.2,3.0,1.4,3.3,2.3,3.2,25.0
1996,nba dpoy,Hakeem Olajuwon,olajuha01,33,8.0,8.0,113.0,0.071,False,NBA,Hakeem Olajuwon,33.0,HOU,C,72.0,72.0,38.8,10.7,20.8,0.514,0.0,0.2,0.214,10.6,20.6,0.517,0.515,5.5,7.6,0.724,2.4,8.4,10.9,3.6,1.6,2.9,3.4,3.4,26.9
1996,nba dpoy,Michael Jordan,jordami01,32,7.0,7.0,113.0,0.062,False,NBA,Michael Jordan,32.0,CHI,SG,82.0,82.0,37.7,11.2,22.6,0.495,1.4,3.2,0.427,9.8,19.4,0.506,0.525,6.7,8.0,0.834,1.8,4.8,6.6,4.3,2.2,0.5,2.4,2.4,30.4
1996,nba dpoy,Dennis Rodman,rodmade01,34,4.0,4.0,113.0,0.035,False,NBA,Dennis Rodman,34.0,CHI,PF,64.0,57.0,32.6,2.3,4.8,0.48,0.0,0.4,0.111,2.2,4.3,0.516,0.485,0.9,1.7,0.528,5.6,9.3,14.9,2.5,0.6,0.4,2.2,3.1,5.5
1996,nba dpoy,Horace Grant,grantho01,30,1.0,1.0,113.0,0.009,False,NBA,Horace Grant,30.0,ORL,PF,63.0,62.0,36.3,5.5,10.7,0.513,0.0,0.1,0.167,5.5,10.7,0.516,0.513,2.4,3.3,0.734,2.8,6.4,9.2,2.7,1.0,1.2,1.0,2.3,13.4
1996,nba dpoy,Bo Outlaw,outlabo01,24,1.0,1.0,113.0,0.009,False,NBA,Bo Outlaw,24.0,LAC,PF,80.0,3.0,12.3,1.3,2.3,0.575,0.0,0.0,0.0,1.3,2.3,0.585,0.575,0.9,2.0,0.444,1.1,1.4,2.5,0.6,0.6,1.1,0.6,1.6,3.6
1996,nba dpoy,Latrell Sprewell,sprewla01,25,1.0,1.0,113.0,0.009,False,NBA,Latrell Sprewell,25.0,GSW,SG,78.0,78.0,39.3,6.6,15.4,0.428,1.2,3.6,0.323,5.4,11.8,0.461,0.466,4.5,5.7,0.789,1.6,3.3,4.9,4.2,1.6,0.6,2.8,1.9,18.9
1996,nba mip,Gheorghe Mureșan,muresgh01,24,50.0,50.0,113.0,0.442,True,NBA,Gheorghe Mureșan,24.0,WSB,C,76.0,76.0,29.5,6.1,10.5,0.584,0.0,0.0,0.0,6.1,10.5,0.585,0.584,2.3,3.7,0.619,3.3,6.3,9.6,0.7,0.7,2.3,1.9,3.9,14.5
1996,nba mip,George McCloud,mccloge01,28,23.0,23.0,113.0,0.204,False,NBA,George McCloud,28.0,DAL,SF,79.0,63.0,36.0,6.7,16.2,0.414,3.3,8.6,0.379,3.5,7.6,0.453,0.514,2.3,2.8,0.804,1.5,3.3,4.8,2.7,1.4,0.5,2.1,2.7,18.9
1996,nba mip,Terrell Brandon,brandte01,25,6.0,6.0,113.0,0.053,False,NBA,Terrell Brandon,25.0,CLE,PG,75.0,75.0,34.3,6.8,14.6,0.465,1.2,3.1,0.387,5.6,11.5,0.487,0.507,4.5,5.1,0.887,0.6,2.7,3.3,6.5,1.8,0.4,1.9,1.9,19.3
1996,nba mip,Danny Ferry,ferryda01,29,6.0,6.0,113.0,0.053,False,NBA,Danny Ferry,29.0,CLE,PF,82.0,79.0,32.7,5.1,11.2,0.459,1.7,4.4,0.394,3.4,6.8,0.502,0.537,1.3,1.6,0.769,0.9,2.9,3.8,2.3,0.7,0.5,1.5,2.8,13.3
1996,nba mip,Bison Dele,delebi01,26,4.0,4.0,113.0,0.035,False,NBA,Bison Dele,26.0,LAC,C,65.0,65.0,33.2,6.4,11.8,0.543,0.0,0.1,0.167,6.4,11.7,0.546,0.544,3.0,4.1,0.734,2.3,5.3,7.6,1.9,1.1,0.8,2.9,3.5,15.8
1996,nba mip,Tracy Murray,murratr01,24,4.0,4.0,113.0,0.035,False,NBA,Tracy Murray,24.0,TOR,SF,82.0,37.0,30.0,6.0,13.3,0.454,1.8,4.4,0.422,4.2,9.0,0.47,0.523,2.2,2.7,0.831,1.4,2.9,4.3,1.6,1.1,0.5,1.6,2.5,16.2
1996,nba mip,Elden Campbell,campbel01,27,3.0,3.0,113.0,0.027,False,NBA,Elden Campbell,27.0,LAL,PF,82.0,82.0,32.9,5.5,10.8,0.503,0.0,0.1,0.0,5.5,10.8,0.506,0.503,3.0,4.3,0.713,2.0,5.6,7.6,2.2,1.1,2.6,1.7,3.7,13.9
1996,nba mip,Shawn Bradley,bradlsh01,23,2.0,2.0,113.0,0.018,False,NBA,Shawn Bradley,23.0,2TM,C,79.0,68.0,29.5,4.9,11.1,0.443,0.0,0.1,0.25,4.9,11.0,0.444,0.444,2.1,3.1,0.687,2.8,5.3,8.1,0.8,0.6,3.6,2.3,3.6,11.9
1996,nba mip,Chris Childs,childch01,28,2.0,2.0,113.0,0.018,False,NBA,Chris Childs,28.0,NJN,PG,78.0,54.0,30.9,4.2,10.0,0.416,1.2,3.3,0.367,2.9,6.7,0.441,0.478,3.3,3.9,0.852,0.7,2.5,3.1,7.0,1.4,0.1,2.9,3.2,12.8
1996,nba mip,Allan Houston,houstal01,24,2.0,2.0,113.0,0.018,False,NBA,Allan Houston,24.0,DET,SG,82.0,75.0,37.5,6.9,15.2,0.453,2.3,5.5,0.427,4.5,9.7,0.468,0.53,3.6,4.4,0.823,0.7,3.0,3.7,3.0,0.7,0.2,2.8,2.8,19.7
1996,nba mip,Bobby Phills,phillbo01,26,2.0,2.0,113.0,0.018,False,NBA,Bobby Phills,26.0,CLE,SG,72.0,69.0,35.1,5.4,11.5,0.467,1.3,2.9,0.441,4.1,8.5,0.476,0.524,2.6,3.3,0.775,0.9,2.8,3.6,3.8,1.4,0.4,1.8,2.7,14.6
1996,nba mip,Dennis Scott,scottde01,27,2.0,2.0,113.0,0.018,False,NBA,Dennis Scott,27.0,ORL,SF,82.0,82.0,37.1,6.0,13.6,0.44,3.3,7.7,0.425,2.7,6.0,0.458,0.559,2.2,2.7,0.82,0.8,3.0,3.8,3.0,1.1,0.4,1.5,2.1,17.5
1996,nba mip,David Wesley,wesleda01,25,2.0,2.0,113.0,0.018,False,NBA,David Wesley,25.0,BOS,PG,82.0,53.0,25.7,4.1,9.0,0.459,1.4,3.3,0.426,2.7,5.7,0.478,0.538,2.6,3.5,0.753,0.8,2.4,3.2,4.8,1.2,0.1,1.9,2.5,12.3
1996,nba mip,Greg Anthony,anthogr01,28,1.0,1.0,113.0,0.009,False,NBA,Greg Anthony,28.0,VAN,PG,69.0,68.0,30.4,4.7,11.3,0.415,1.3,3.9,0.332,3.4,7.4,0.459,0.472,3.3,4.3,0.771,0.4,2.1,2.5,6.9,1.7,0.2,2.3,2.0,14.0
1996,nba mip,Vinny Del Negro,delnevi01,29,1.0,1.0,113.0,0.009,False,NBA,Vinny Del Negro,29.0,SAS,SG,82.0,82.0,33.7,5.8,11.7,0.497,0.7,1.8,0.38,5.1,9.9,0.518,0.527,2.2,2.6,0.832,0.4,2.9,3.3,3.8,1.0,0.1,1.2,2.0,14.5
1996,nba mip,Matt Geiger,geigema01,26,1.0,1.0,113.0,0.009,False,NBA,Matt Geiger,26.0,CHH,C,77.0,50.0,30.5,4.6,8.6,0.536,0.0,0.1,0.375,4.6,8.5,0.538,0.538,1.9,2.7,0.727,2.6,5.8,8.4,0.8,0.6,0.8,1.8,3.8,11.2
1996,nba mip,Juwan Howard,howarju01,22,1.0,1.0,113.0,0.009,False,NBA,Juwan Howard,22.0,WSB,PF,81.0,81.0,40.7,9.0,18.5,0.489,0.0,0.2,0.308,9.0,18.4,0.49,0.49,3.9,5.3,0.749,2.3,5.8,8.1,4.4,0.8,0.5,3.7,3.3,22.1
1996,nba mip,Jayson Williams,willija01,27,1.0,1.0,113.0,0.009,False,NBA,Jayson Williams,27.0,NJN,PF,80.0,6.0,23.2,3.5,8.3,0.423,0.0,0.1,0.286,3.5,8.2,0.424,0.424,2.0,3.4,0.592,4.3,5.8,10.0,0.6,0.4,0.7,1.3,3.0,9.0
1996,nba mvp,Michael Jordan,jordami01,32,109.0,1114.0,1130.0,0.986,True,NBA,Michael Jordan,32.0,CHI,SG,82.0,82.0,37.7,11.2,22.6,0.495,1.4,3.2,0.427,9.8,19.4,0.506,0.525,6.7,8.0,0.834,1.8,4.8,6.6,4.3,2.2,0.5,2.4,2.4,30.4
1996,nba mvp,David Robinson,robinda01,30,0.0,574.0,1130.0,0.508,False,NBA,David Robinson,30.0,SAS,C,82.0,82.0,36.8,8.7,16.8,0.516,0.0,0.1,0.333,8.6,16.7,0.517,0.517,7.6,10.0,0.761,3.9,8.3,12.2,3.0,1.4,3.3,2.3,3.2,25.0
1996,nba mvp,Anfernee Hardaway,hardaan01,24,2.0,360.0,1130.0,0.319,False,NBA,Anfernee Hardaway,24.0,ORL,PG,82.0,82.0,36.8,7.6,14.8,0.513,1.1,3.5,0.314,6.5,11.4,0.573,0.549,5.4,7.1,0.767,1.6,2.7,4.3,7.1,2.0,0.5,2.8,2.0,21.7
1996,nba mvp,Hakeem Olajuwon,olajuha01,33,1.0,238.0,1130.0,0.211,False,NBA,Hakeem Olajuwon,33.0,HOU,C,72.0,72.0,38.8,10.7,20.8,0.514,0.0,0.2,0.214,10.6,20.6,0.517,0.515,5.5,7.6,0.724,2.4,8.4,10.9,3.6,1.6,2.9,3.4,3.4,26.9
1996,nba mvp,Scottie Pippen,pippesc01,30,0.0,226.0,1130.0,0.2,False,NBA,Scottie Pippen,30.0,CHI,SF,77.0,77.0,36.7,7.3,15.8,0.463,1.9,5.2,0.374,5.4,10.6,0.507,0.525,2.9,4.2,0.679,2.0,4.5,6.4,5.9,1.7,0.7,2.7,2.6,19.4
1996,nba mvp,Gary Payton,paytoga01,27,0.0,98.0,1130.0,0.087,False,NBA,Gary Payton,27.0,SEA,PG,81.0,81.0,39.0,7.6,15.8,0.484,1.2,3.7,0.328,6.4,12.1,0.532,0.523,2.8,3.8,0.748,1.3,2.9,4.2,7.5,2.9,0.2,3.2,2.7,19.3
1996,nba mvp,Karl Malone,malonka01,32,1.0,85.0,1130.0,0.075,False,NBA,Karl Malone,32.0,UTA,PF,82.0,82.0,38.0,9.6,18.5,0.519,0.2,0.5,0.4,9.4,18.0,0.522,0.524,6.2,8.6,0.723,2.1,7.7,9.8,4.2,1.7,0.7,2.4,3.0,25.7
1996,nba mvp,Shawn Kemp,kempsh01,26,0.0,73.0,1130.0,0.065,False,NBA,Shawn Kemp,26.0,SEA,PF,79.0,76.0,33.3,6.7,11.9,0.561,0.1,0.2,0.417,6.6,11.7,0.563,0.564,6.2,8.4,0.742,3.5,7.9,11.4,2.2,1.2,1.6,4.0,3.8,19.6
1996,nba mvp,Grant Hill,hillgr01,23,0.0,63.0,1130.0,0.056,False,NBA,Grant Hill,23.0,DET,SF,80.0,80.0,40.8,7.1,15.3,0.462,0.1,0.3,0.192,7.0,14.9,0.468,0.464,6.1,8.1,0.751,1.6,8.2,9.8,6.9,1.3,0.6,3.3,3.0,20.2
1996,nba mvp,Shaquille O'Neal,onealsh01,23,0.0,63.0,1130.0,0.056,False,NBA,Shaquille O'Neal,23.0,ORL,C,54.0,52.0,36.0,11.0,19.1,0.573,0.0,0.0,0.5,10.9,19.1,0.573,0.574,4.6,9.5,0.487,3.4,7.7,11.0,2.9,0.6,2.1,2.9,3.6,26.6
1996,nba mvp,John Stockton,stockjo01,33,0.0,12.0,1130.0,0.011,False,NBA,John Stockton,33.0,UTA,PG,82.0,82.0,35.5,5.4,10.0,0.538,1.2,2.7,0.422,4.2,7.2,0.582,0.596,2.9,3.4,0.83,0.7,2.1,2.8,11.2,1.7,0.2,3.0,2.5,14.7
1996,nba mvp,Charles Barkley,barklch01,32,0.0,8.0,1130.0,0.007,False,NBA,Charles Barkley,32.0,PHO,PF,71.0,71.0,37.1,8.2,16.3,0.5,0.7,2.5,0.28,7.5,13.9,0.539,0.521,6.2,8.0,0.777,3.4,8.1,11.6,3.7,1.6,0.8,3.1,2.9,23.2
1996,nba mvp,Magic Johnson,johnsma02,36,0.0,8.0,1130.0,0.007,False,NBA,Magic Johnson,36.0,LAL,PF,32.0,9.0,29.9,4.3,9.2,0.466,0.7,1.8,0.379,3.6,7.4,0.487,0.503,5.4,6.3,0.856,1.3,4.5,5.7,6.9,0.8,0.4,3.2,1.5,14.6
1996,nba mvp,Alonzo Mourning,mournal01,25,0.0,6.0,1130.0,0.005,False,NBA,Alonzo Mourning,25.0,MIA,C,70.0,70.0,38.2,8.0,15.4,0.523,0.1,0.4,0.3,7.9,14.9,0.53,0.527,7.0,10.2,0.685,3.1,7.3,10.4,2.3,1.0,2.7,3.7,3.5,23.2
1996,nba mvp,Dennis Rodman,rodmade01,34,0.0,4.0,1130.0,0.004,False,NBA,Dennis Rodman,34.0,CHI,PF,64.0,57.0,32.6,2.3,4.8,0.48,0.0,0.4,0.111,2.2,4.3,0.516,0.485,0.9,1.7,0.528,5.6,9.3,14.9,2.5,0.6,0.4,2.2,3.1,5.5
1996,nba mvp,Terrell Brandon,brandte01,25,0.0,3.0,1130.0,0.003,False,NBA,Terrell Brandon,25.0,CLE,PG,75.0,75.0,34.3,6.8,14.6,0.465,1.2,3.1,0.387,5.6,11.5,0.487,0.507,4.5,5.1,0.887,0.6,2.7,3.3,6.5,1.8,0.4,1.9,1.9,19.3
1996,nba mvp,Mitch Richmond,richmmi01,30,0.0,3.0,1130.0,0.003,False,NBA,Mitch Richmond,30.0,SAC,SG,81.0,81.0,36.4,7.5,16.9,0.447,2.8,6.4,0.437,4.8,10.5,0.453,0.529,5.2,6.1,0.866,0.7,2.7,3.3,3.1,1.5,0.2,2.7,2.9,23.1
1996,nba roy,Damon Stoudamire,stoudda01,22,76.0,76.0,113.0,0.673,True,NBA,Damon Stoudamire,22.0,TOR,PG,70.0,70.0,40.9,6.9,16.1,0.426,1.9,4.8,0.395,5.0,11.3,0.439,0.485,3.4,4.2,0.797,0.8,3.2,4.0,9.3,1.4,0.3,3.8,2.4,19.0
1996,nba roy,Arvydas Sabonis,sabonar01,31,17.0,17.0,113.0,0.15,False,NBA,Arvydas Sabonis,31.0,POR,C,73.0,21.0,23.8,5.4,9.9,0.545,0.5,1.4,0.375,4.9,8.5,0.574,0.572,3.2,4.2,0.757,2.0,6.0,8.1,1.8,0.9,1.1,2.1,2.9,14.5
1996,nba roy,Joe Smith,smithjo02,20,15.0,15.0,113.0,0.133,False,NBA,Joe Smith,20.0,GSW,PF,82.0,82.0,34.4,5.7,12.5,0.458,0.1,0.3,0.357,5.6,12.1,0.461,0.463,3.7,4.8,0.773,3.7,5.1,8.7,1.0,1.0,1.6,1.7,2.7,15.3
1996,nba roy,Michael Finley,finlemi01,22,2.0,2.0,113.0,0.018,False,NBA,Michael Finley,22.0,PHO,SF,82.0,72.0,39.2,5.7,11.9,0.476,0.7,2.3,0.328,4.9,9.6,0.511,0.508,3.0,3.9,0.749,1.7,2.9,4.6,3.5,1.0,0.4,1.6,2.4,15.0
1996,nba roy,Jerry Stackhouse,stackje01,21,2.0,2.0,113.0,0.018,False,NBA,Jerry Stackhouse,21.0,PHI,SG,72.0,71.0,37.5,6.3,15.2,0.414,1.3,4.1,0.318,5.0,11.1,0.449,0.457,5.4,7.2,0.747,1.3,2.4,3.7,3.9,1.1,1.1,3.5,2.5,19.2
1996,nba roy,Kevin Garnett,garneke01,19,1.0,1.0,113.0,0.009,False,NBA,Kevin Garnett,19.0,MIN,SF,80.0,43.0,28.7,4.5,9.2,0.491,0.1,0.4,0.286,4.4,8.8,0.499,0.497,1.3,1.9,0.705,2.2,4.1,6.3,1.8,1.1,1.6,1.4,2.4,10.4
1996,nba smoy,Toni Kukoč,kukocto01,27,45.0,45.0,113.0,0.398,True,NBA,Toni Kukoč,27.0,CHI,SF,81.0,20.0,26.0,4.8,9.7,0.49,1.1,2.7,0.403,3.7,7.0,0.524,0.546,2.5,3.3,0.772,1.4,2.6,4.0,3.5,0.8,0.3,1.4,1.9,13.1
1996,nba smoy,Arvydas Sabonis,sabonar01,31,24.0,24.0,113.0,0.212,False,NBA,Arvydas Sabonis,31.0,POR,C,73.0,21.0,23.8,5.4,9.9,0.545,0.5,1.4,0.375,4.9,8.5,0.574,0.572,3.2,4.2,0.757,2.0,6.0,8.1,1.8,0.9,1.1,2.1,2.9,14.5
1996,nba smoy,Jayson Williams,willija01,27,14.0,14.0,113.0,0.124,False,NBA,Jayson Williams,27.0,NJN,PF,80.0,6.0,23.2,3.5,8.3,0.423,0.0,0.1,0.286,3.5,8.2,0.424,0.424,2.0,3.4,0.592,4.3,5.8,10.0,0.6,0.4,0.7,1.3,3.0,9.0
1996,nba smoy,Sam Cassell,cassesa01,26,11.0,11.0,113.0,0.097,False,NBA,Sam Cassell,26.0,HOU,PG,61.0,0.0,27.6,4.7,10.8,0.439,1.2,3.4,0.348,3.5,7.3,0.482,0.495,3.9,4.7,0.825,0.8,2.2,3.1,4.6,0.9,0.1,2.6,2.7,14.5
1996,nba smoy,Magic Johnson,johnsma02,36,9.0,9.0,113.0,0.08,False,NBA,Magic Johnson,36.0,LAL,PF,32.0,9.0,29.9,4.3,9.2,0.466,0.7,1.8,0.379,3.6,7.4,0.487,0.503,5.4,6.3,0.856,1.3,4.5,5.7,6.9,0.8,0.4,3.2,1.5,14.6
1996,nba smoy,Chuck Person,persoch01,31,5.0,5.0,113.0,0.044,False,NBA,Chuck Person,31.0,SAS,SF,80.0,16.0,26.6,3.9,8.8,0.437,2.4,5.8,0.41,1.5,3.0,0.488,0.572,0.8,1.3,0.644,1.0,4.2,5.2,1.3,0.6,0.3,1.1,2.5,10.9
1996,nba smoy,Dell Curry,curryde01,31,2.0,2.0,113.0,0.018,False,NBA,Dell Curry,31.0,CHH,SG,82.0,29.0,28.9,5.4,11.9,0.453,2.0,5.0,0.404,3.4,6.9,0.488,0.537,1.8,2.1,0.854,0.8,2.4,3.2,2.1,1.3,0.3,1.6,2.1,14.5
1996,nba smoy,Chris Gatling,gatlich01,28,2.0,2.0,113.0,0.018,False,NBA,Chris Gatling,28.0,2TM,PF,71.0,2.0,20.1,4.6,8.0,0.575,0.0,0.0,0.0,4.6,8.0,0.576,0.575,2.0,2.9,0.671,1.8,4.1,5.9,0.6,0.5,0.6,1.3,3.1,11.1
1996,nba smoy,Steve Kerr,kerrst01,30,1.0,1.0,113.0,0.009,False,NBA,Steve Kerr,30.0,CHI,PG,82.0,0.0,23.4,3.0,5.9,0.506,1.5,2.9,0.515,1.5,3.0,0.498,0.633,1.0,1.0,0.929,0.3,1.0,1.3,2.3,0.8,0.0,0.5,1.3,8.4
1995,nba dpoy,Dikembe Mutombo,mutomdi01,28,45.0,45.0,105.0,0.429,True,NBA,Dikembe Mutombo,28.0,DEN,C,82.0,82.0,37.8,4.3,7.7,0.556,0.0,0.0,,4.3,7.7,0.556,0.556,3.0,4.6,0.654,3.9,8.7,12.5,1.4,0.5,3.9,2.3,3.5,11.5
1995,nba dpoy,Scottie Pippen,pippesc01,29,16.0,16.0,105.0,0.152,False,NBA,Scottie Pippen,29.0,CHI,SF,79.0,79.0,38.2,8.0,16.7,0.48,1.4,4.0,0.345,6.6,12.7,0.523,0.522,4.0,5.6,0.716,2.2,5.9,8.1,5.2,2.9,1.1,3.4,3.0,21.4
1995,nba dpoy,Hakeem Olajuwon,olajuha01,32,13.0,13.0,105.0,0.124,False,NBA,Hakeem Olajuwon,32.0,HOU,C,72.0,72.0,39.6,11.1,21.5,0.517,0.0,0.2,0.188,11.0,21.2,0.52,0.517,5.6,7.5,0.756,2.4,8.4,10.8,3.5,1.8,3.4,3.3,3.5,27.8
1995,nba dpoy,David Robinson,robinda01,29,12.0,12.0,105.0,0.114,False,NBA,David Robinson,29.0,SAS,C,81.0,81.0,38.0,9.7,18.4,0.53,0.1,0.2,0.3,9.7,18.1,0.533,0.532,8.1,10.5,0.774,2.9,7.9,10.8,2.9,1.7,3.2,2.9,2.8,27.6
1995,nba dpoy,Dennis Rodman,rodmade01,33,11.0,11.0,105.0,0.105,False,NBA,Dennis Rodman,33.0,SAS,PF,49.0,26.0,32.0,2.8,4.9,0.571,0.0,0.0,0.0,2.8,4.9,0.576,0.571,1.5,2.3,0.676,5.6,11.2,16.8,2.0,0.6,0.5,2.0,3.2,7.1
1995,nba dpoy,Derrick McKey,mckeyde01,28,2.0,2.0,105.0,0.019,False,NBA,Derrick McKey,28.0,IND,SF,81.0,81.0,34.6,5.1,10.3,0.493,0.4,1.1,0.36,4.7,9.2,0.509,0.513,2.7,3.7,0.744,1.5,3.3,4.9,3.4,1.5,0.6,2.1,3.2,13.3
1995,nba dpoy,Nate McMillan,mcmilna01,30,2.0,2.0,105.0,0.019,False,NBA,Nate McMillan,30.0,SEA,PG,80.0,18.0,25.9,2.1,5.0,0.418,0.7,1.9,0.342,1.4,3.0,0.467,0.485,0.4,0.7,0.586,0.8,3.0,3.8,5.3,2.1,0.7,1.6,3.4,5.2
1995,nba dpoy,Alonzo Mourning,mournal01,24,2.0,2.0,105.0,0.019,False,NBA,Alonzo Mourning,24.0,CHH,C,77.0,77.0,38.2,7.4,14.3,0.519,0.1,0.4,0.324,7.3,13.9,0.525,0.524,6.4,8.4,0.761,2.6,7.3,9.9,1.4,0.6,2.9,3.1,3.6,21.3
1995,nba dpoy,Gary Payton,paytoga01,26,2.0,2.0,105.0,0.019,False,NBA,Gary Payton,26.0,SEA,PG,82.0,82.0,36.8,8.4,16.4,0.509,0.9,2.8,0.302,7.5,13.6,0.553,0.535,3.0,4.2,0.716,1.3,2.1,3.4,7.1,2.5,0.2,2.5,2.5,20.6
1995,nba mip,Dana Barros,barroda01,27,50.0,50.0,105.0,0.476,True,NBA,Dana Barros,27.0,PHI,PG,82.0,82.0,40.5,7.0,14.2,0.49,2.4,5.2,0.464,4.6,9.0,0.505,0.575,4.2,4.7,0.899,0.3,3.0,3.3,7.5,1.8,0.0,3.0,1.9,20.6
1995,nba mip,Elliot Perry,perryel01,25,15.0,15.0,105.0,0.143,False,NBA,Elliot Perry,25.0,PHO,PG,82.0,51.0,24.1,3.7,7.2,0.52,0.3,0.7,0.417,3.4,6.4,0.532,0.542,1.9,2.4,0.81,0.6,1.2,1.8,4.8,1.9,0.0,2.0,1.7,9.7
1995,nba mip,Scott Burrell,burresc01,24,8.0,8.0,105.0,0.076,False,NBA,Scott Burrell,24.0,CHH,SF,65.0,62.0,31.0,4.3,9.1,0.467,1.5,3.6,0.409,2.8,5.5,0.506,0.548,1.5,2.2,0.694,1.5,4.2,5.7,2.5,1.2,0.6,1.3,2.9,11.5
1995,nba mip,Gheorghe Mureșan,muresgh01,23,8.0,8.0,105.0,0.076,False,NBA,Gheorghe Mureșan,23.0,WSB,C,73.0,58.0,23.6,4.2,7.4,0.56,0.0,0.0,,4.2,7.4,0.56,0.56,1.7,2.4,0.709,2.5,4.2,6.7,0.5,0.7,1.7,1.6,3.5,10.0
1995,nba mip,Allan Houston,houstal01,23,6.0,6.0,105.0,0.057,False,NBA,Allan Houston,23.0,DET,SG,76.0,39.0,26.3,5.2,11.3,0.463,2.1,4.9,0.424,3.2,6.4,0.494,0.555,1.9,2.3,0.86,0.4,1.8,2.2,2.2,0.8,0.2,1.5,2.4,14.5
1995,nba mip,Avery Johnson,johnsav01,29,4.0,4.0,105.0,0.038,False,NBA,Avery Johnson,29.0,SAS,PG,82.0,82.0,36.7,5.5,10.5,0.519,0.0,0.3,0.136,5.4,10.3,0.529,0.521,2.5,3.6,0.685,0.6,1.9,2.5,8.2,1.4,0.2,2.5,1.9,13.4
1995,nba mip,Tyrone Hill,hillty01,26,3.0,3.0,105.0,0.029,False,NBA,Tyrone Hill,26.0,CLE,C,70.0,67.0,34.2,5.0,9.9,0.504,0.0,0.0,0.0,5.0,9.9,0.505,0.504,3.8,5.7,0.662,3.8,7.1,10.9,0.8,0.8,0.6,2.2,3.5,13.8
1995,nba mip,Popeye Jones,jonespo01,24,3.0,3.0,105.0,0.029,False,NBA,Popeye Jones,24.0,DAL,PF,80.0,80.0,29.8,4.7,10.5,0.443,0.0,0.2,0.083,4.6,10.3,0.449,0.444,1.0,1.6,0.645,4.1,6.4,10.6,2.0,0.4,0.3,1.6,3.3,10.3
1995,nba mip,Cedric Ceballos,cebalce01,25,1.0,1.0,105.0,0.01,False,NBA,Cedric Ceballos,25.0,LAL,SF,58.0,54.0,35.0,8.6,16.8,0.509,1.0,2.5,0.397,7.6,14.3,0.528,0.538,3.6,5.0,0.716,2.9,5.1,8.0,1.8,1.0,0.3,2.5,2.3,21.7
1995,nba mip,Vlade Divac,divacvl01,26,1.0,1.0,105.0,0.01,False,NBA,Vlade Divac,26.0,LAL,C,80.0,80.0,35.1,6.1,12.0,0.507,0.1,0.7,0.189,5.9,11.3,0.525,0.512,3.7,4.8,0.777,3.3,7.1,10.4,4.1,1.4,2.2,2.6,3.8,16.0
1995,nba mip,Chris Gatling,gatlich01,27,1.0,1.0,105.0,0.01,False,NBA,Chris Gatling,27.0,GSW,PF,58.0,22.0,25.3,5.6,8.8,0.633,0.0,0.0,0.0,5.6,8.8,0.634,0.633,2.6,4.3,0.592,2.5,5.2,7.6,0.9,0.7,0.9,2.0,3.2,13.7
1995,nba mip,Jim Jackson,jacksji01,24,1.0,1.0,105.0,0.01,False,NBA,Jim Jackson,24.0,DAL,SG,51.0,51.0,38.9,9.5,20.1,0.472,0.7,2.2,0.318,8.8,18.0,0.49,0.489,6.0,7.5,0.805,2.4,2.7,5.1,3.7,0.5,0.2,3.1,1.8,25.7
1995,nba mip,Rodney Rogers,rogerro01,23,1.0,1.0,105.0,0.01,False,NBA,Rodney Rogers,23.0,DEN,PF,80.0,77.0,26.8,4.7,9.6,0.488,0.6,1.9,0.338,4.1,7.8,0.523,0.52,2.2,3.4,0.651,1.7,3.2,4.8,2.0,1.2,0.6,2.2,3.5,12.2
1995,nba mip,Rik Smits,smitsri01,28,1.0,1.0,105.0,0.01,False,NBA,Rik Smits,28.0,IND,C,78.0,78.0,30.5,7.2,13.6,0.526,0.0,0.0,0.0,7.2,13.6,0.527,0.526,3.6,4.8,0.753,2.5,5.2,7.7,1.4,0.5,1.0,2.4,3.6,17.9
1995,nba mip,Nick Van Exel,vanexni01,23,1.0,1.0,105.0,0.01,False,NBA,Nick Van Exel,23.0,LAL,PG,80.0,80.0,36.8,5.8,13.8,0.42,2.3,6.4,0.358,3.5,7.5,0.473,0.503,2.9,3.8,0.783,0.3,2.5,2.8,8.3,1.2,0.1,2.8,2.0,16.9
1995,nba mip,Walt Williams,williwa02,24,1.0,1.0,105.0,0.01,False,NBA,Walt Williams,24.0,SAC,SF,77.0,77.0,35.6,5.8,13.0,0.446,1.3,3.8,0.348,4.4,9.1,0.487,0.497,3.5,4.7,0.731,1.3,3.2,4.5,4.1,1.6,0.8,3.2,3.4,16.4
1995,nba mvp,David Robinson,robinda01,29,73.0,901.0,1050.0,0.858,True,NBA,David Robinson,29.0,SAS,C,81.0,81.0,38.0,9.7,18.4,0.53,0.1,0.2,0.3,9.7,18.1,0.533,0.532,8.1,10.5,0.774,2.9,7.9,10.8,2.9,1.7,3.2,2.9,2.8,27.6
1995,nba mvp,Shaquille O'Neal,onealsh01,22,12.0,605.0,1050.0,0.576,False,NBA,Shaquille O'Neal,22.0,ORL,C,79.0,79.0,37.0,11.8,20.2,0.583,0.0,0.1,0.0,11.8,20.1,0.585,0.583,5.8,10.8,0.533,4.2,7.3,11.4,2.7,0.9,2.4,2.6,3.3,29.3
1995,nba mvp,Karl Malone,malonka01,31,14.0,532.0,1050.0,0.507,False,NBA,Karl Malone,31.0,UTA,PF,82.0,82.0,38.1,10.1,18.9,0.536,0.1,0.5,0.268,10.0,18.4,0.543,0.54,6.3,8.5,0.742,1.9,8.7,10.6,3.5,1.6,1.0,2.9,3.3,26.7
1995,nba mvp,Patrick Ewing,ewingpa01,32,2.0,230.0,1050.0,0.219,False,NBA,Patrick Ewing,32.0,NYK,C,79.0,79.0,37.0,9.2,18.4,0.503,0.1,0.3,0.286,9.2,18.1,0.506,0.505,5.3,7.1,0.75,2.0,9.0,11.0,2.7,0.9,2.0,3.2,3.4,23.9
1995,nba mvp,Hakeem Olajuwon,olajuha01,32,1.0,147.0,1050.0,0.14,False,NBA,Hakeem Olajuwon,32.0,HOU,C,72.0,72.0,39.6,11.1,21.5,0.517,0.0,0.2,0.188,11.0,21.2,0.52,0.517,5.6,7.5,0.756,2.4,8.4,10.8,3.5,1.8,3.4,3.3,3.5,27.8
1995,nba mvp,Charles Barkley,barklch01,31,1.0,96.0,1050.0,0.091,False,NBA,Charles Barkley,31.0,PHO,PF,68.0,66.0,35.0,8.1,16.8,0.486,1.1,3.2,0.338,7.1,13.6,0.521,0.518,5.6,7.5,0.748,3.0,8.1,11.1,4.1,1.6,0.7,2.2,3.0,23.0
1995,nba mvp,Scottie Pippen,pippesc01,29,1.0,83.0,1050.0,0.079,False,NBA,Scottie Pippen,29.0,CHI,SF,79.0,79.0,38.2,8.0,16.7,0.48,1.4,4.0,0.345,6.6,12.7,0.523,0.522,4.0,5.6,0.716,2.2,5.9,8.1,5.2,2.9,1.1,3.4,3.0,21.4
1995,nba mvp,John Stockton,stockjo01,32,1.0,47.0,1050.0,0.045,False,NBA,John Stockton,32.0,UTA,PG,82.0,82.0,35.0,5.2,9.6,0.542,1.2,2.8,0.449,4.0,6.9,0.58,0.607,3.0,3.7,0.804,0.7,2.4,3.1,12.3,2.4,0.3,3.3,2.6,14.7
1995,nba mvp,Gary Payton,paytoga01,26,0.0,34.0,1050.0,0.032,False,NBA,Gary Payton,26.0,SEA,PG,82.0,82.0,36.8,8.4,16.4,0.509,0.9,2.8,0.302,7.5,13.6,0.553,0.535,3.0,4.2,0.716,1.3,2.1,3.4,7.1,2.5,0.2,2.5,2.5,20.6
1995,nba mvp,Anfernee Hardaway,hardaan01,23,0.0,23.0,1050.0,0.022,False,NBA,Anfernee Hardaway,23.0,ORL,PG,77.0,77.0,37.7,7.6,14.8,0.512,1.1,3.2,0.349,6.5,11.6,0.558,0.55,4.6,6.0,0.769,1.8,2.6,4.4,7.2,1.7,0.3,3.4,2.1,20.9
1995,nba mvp,Michael Jordan,jordami01,31,0.0,12.0,1050.0,0.011,False,NBA,Michael Jordan,31.0,CHI,SG,17.0,17.0,39.3,9.8,23.8,0.411,0.9,1.9,0.5,8.8,21.9,0.403,0.431,6.4,8.0,0.801,1.5,5.4,6.9,5.3,1.8,0.8,2.1,2.8,26.9
1995,nba mvp,Dennis Rodman,rodmade01,33,0.0,9.0,1050.0,0.009,False,NBA,Dennis Rodman,33.0,SAS,PF,49.0,26.0,32.0,2.8,4.9,0.571,0.0,0.0,0.0,2.8,4.9,0.576,0.571,1.5,2.3,0.676,5.6,11.2,16.8,2.0,0.6,0.5,2.0,3.2,7.1
1995,nba mvp,Jason Kidd,kiddja01,21,0.0,7.0,1050.0,0.007,False,NBA,Jason Kidd,21.0,DAL,PG,79.0,79.0,33.8,4.2,10.8,0.385,0.9,3.3,0.272,3.3,7.6,0.433,0.426,2.4,3.5,0.698,1.9,3.5,5.4,7.7,1.9,0.3,3.2,1.8,11.7
1995,nba mvp,Clyde Drexler,drexlcl01,32,0.0,3.0,1050.0,0.003,False,NBA,Clyde Drexler,32.0,2TM,SG,76.0,75.0,35.9,7.5,16.3,0.461,1.9,5.4,0.36,5.6,10.9,0.511,0.521,4.8,5.8,0.824,2.0,4.3,6.3,4.8,1.8,0.6,2.4,2.7,21.8
1995,nba mvp,Cedric Ceballos,cebalce01,25,0.0,1.0,1050.0,0.001,False,NBA,Cedric Ceballos,25.0,LAL,SF,58.0,54.0,35.0,8.6,16.8,0.509,1.0,2.5,0.397,7.6,14.3,0.528,0.538,3.6,5.0,0.716,2.9,5.1,8.0,1.8,1.0,0.3,2.5,2.3,21.7
1995,nba roy,Grant Hill,hillgr01,22,43.0,43.0,105.0,0.41,True,NBA,Grant Hill,22.0,DET,SF,70.0,69.0,38.3,7.3,15.2,0.477,0.1,0.4,0.148,7.2,14.8,0.486,0.479,5.3,7.3,0.732,1.8,4.6,6.4,5.0,1.8,0.9,2.9,2.9,19.9
1995,nba roy,Jason Kidd,kiddja01,21,43.0,43.0,105.0,0.41,True,NBA,Jason Kidd,21.0,DAL,PG,79.0,79.0,33.8,4.2,10.8,0.385,0.9,3.3,0.272,3.3,7.6,0.433,0.426,2.4,3.5,0.698,1.9,3.5,5.4,7.7,1.9,0.3,3.2,1.8,11.7
1995,nba roy,Glenn Robinson,robingl01,22,15.0,15.0,105.0,0.143,False,NBA,Glenn Robinson,22.0,MIL,SF,80.0,76.0,37.0,8.0,17.6,0.451,1.1,3.4,0.321,6.9,14.3,0.482,0.482,5.0,6.2,0.796,2.1,4.3,6.4,2.5,1.4,0.3,3.9,2.9,21.9
1995,nba roy,Eddie Jones,jonesed02,23,2.0,2.0,105.0,0.019,False,NBA,Eddie Jones,23.0,LAL,SG,64.0,58.0,31.0,5.3,11.6,0.46,1.4,3.8,0.37,3.9,7.8,0.504,0.521,1.9,2.6,0.722,1.2,2.7,3.9,2.0,2.0,0.6,1.2,2.7,14.0
1995,nba roy,Brian Grant,grantbr01,22,1.0,1.0,105.0,0.01,False,NBA,Brian Grant,22.0,SAC,PF,80.0,59.0,28.6,5.2,10.1,0.511,0.0,0.1,0.25,5.2,10.1,0.512,0.511,2.9,4.5,0.636,2.6,4.9,7.5,1.2,0.6,1.5,2.0,3.5,13.2
1995,nba roy,Juwan Howard,howarju01,21,1.0,1.0,105.0,0.01,False,NBA,Juwan Howard,21.0,WSB,PF,65.0,52.0,36.1,7.0,14.3,0.489,0.0,0.1,0.0,7.0,14.2,0.492,0.489,3.0,4.5,0.664,2.8,5.6,8.4,2.5,0.8,0.2,2.6,3.6,17.0
1995,nba smoy,Anthony Mason,masonan01,28,47.0,47.0,105.0,0.448,True,NBA,Anthony Mason,28.0,NYK,PF,77.0,11.0,32.4,3.7,6.6,0.566,0.0,0.0,0.0,3.7,6.6,0.567,0.566,2.5,3.9,0.641,2.4,6.1,8.4,3.1,0.9,0.3,1.6,3.3,9.9
1995,nba smoy,Dell Curry,curryde01,30,18.0,18.0,105.0,0.171,False,NBA,Dell Curry,30.0,CHH,SG,69.0,0.0,24.9,5.0,11.3,0.441,2.2,5.2,0.427,2.7,6.0,0.453,0.54,1.4,1.6,0.856,0.6,1.8,2.4,1.6,0.8,0.3,1.4,2.1,13.6
1995,nba smoy,Chuck Person,persoch01,30,12.0,12.0,105.0,0.114,False,NBA,Chuck Person,30.0,SAS,SF,81.0,1.0,25.1,3.9,9.3,0.423,2.1,5.5,0.387,1.8,3.8,0.475,0.537,0.8,1.3,0.647,0.6,2.6,3.2,1.3,0.6,0.1,1.3,2.4,10.8
1995,nba smoy,Nate McMillan,mcmilna01,30,9.0,9.0,105.0,0.086,False,NBA,Nate McMillan,30.0,SEA,PG,80.0,18.0,25.9,2.1,5.0,0.418,0.7,1.9,0.342,1.4,3.0,0.467,0.485,0.4,0.7,0.586,0.8,3.0,3.8,5.3,2.1,0.7,1.6,3.4,5.2
1995,nba smoy,Dennis Scott,scottde01,26,7.0,7.0,105.0,0.067,False,NBA,Dennis Scott,26.0,ORL,SF,62.0,10.0,24.2,4.6,10.4,0.439,2.4,5.7,0.426,2.1,4.7,0.454,0.555,1.4,1.8,0.754,0.4,2.0,2.4,2.1,0.7,0.2,0.9,1.9,12.9
1995,nba smoy,Byron Scott,scottby01,33,6.0,6.0,105.0,0.057,False,NBA,Byron Scott,33.0,IND,PG,80.0,1.0,19.1,3.3,7.3,0.455,1.0,2.5,0.389,2.3,4.8,0.489,0.522,2.4,2.8,0.85,0.2,1.7,1.9,1.4,0.8,0.2,1.5,1.5,10.0
1995,nba smoy,Antoine Carr,carran01,33,3.0,3.0,105.0,0.029,False,NBA,Antoine Carr,33.0,UTA,C,78.0,4.0,21.5,3.7,7.0,0.531,0.0,0.1,0.25,3.7,6.9,0.533,0.532,2.1,2.6,0.821,1.0,2.4,3.4,0.9,0.3,0.9,1.1,3.2,9.6
1995,nba smoy,Chris Gatling,gatlich01,27,2.0,2.0,105.0,0.019,False,NBA,Chris Gatling,27.0,GSW,PF,58.0,22.0,25.3,5.6,8.8,0.633,0.0,0.0,0.0,5.6,8.8,0.634,0.633,2.6,4.3,0.592,2.5,5.2,7.6,0.9,0.7,0.9,2.0,3.2,13.7
1995,nba smoy,Armen Gilliam,gilliar01,30,1.0,1.0,105.0,0.01,False,NBA,Armen Gilliam,30.0,NJN,PF,82.0,30.0,30.1,5.5,11.0,0.503,0.0,0.0,0.0,5.5,11.0,0.504,0.503,3.7,4.8,0.77,2.3,5.1,7.5,1.2,0.8,1.1,1.9,2.1,14.8
1994,nba dpoy,Hakeem Olajuwon,olajuha01,31,23.0,23.0,101.0,0.228,True,NBA,Hakeem Olajuwon,31.0,HOU,C,80.0,80.0,41.0,11.2,21.2,0.528,0.1,0.2,0.421,11.1,20.9,0.529,0.53,4.9,6.8,0.716,2.9,9.1,11.9,3.6,1.6,3.7,3.4,3.6,27.3
1994,nba dpoy,David Robinson,robinda01,28,22.0,22.0,101.0,0.218,False,NBA,David Robinson,28.0,SAS,C,80.0,80.0,40.5,10.5,20.7,0.507,0.1,0.4,0.345,10.4,20.4,0.51,0.51,8.7,11.6,0.749,3.0,7.7,10.7,4.8,1.7,3.3,3.2,2.9,29.8
1994,nba dpoy,Dikembe Mutombo,mutomdi01,27,19.0,19.0,101.0,0.188,False,NBA,Dikembe Mutombo,27.0,DEN,C,82.0,82.0,34.8,4.5,7.8,0.569,0.0,0.0,0.0,4.5,7.8,0.569,0.569,3.1,5.4,0.583,3.5,8.4,11.8,1.5,0.7,4.1,2.5,3.2,12.0
1994,nba dpoy,Scottie Pippen,pippesc01,28,11.0,11.0,101.0,0.109,False,NBA,Scottie Pippen,28.0,CHI,SF,72.0,72.0,38.3,8.7,17.8,0.491,0.9,2.7,0.32,7.8,15.0,0.522,0.515,3.8,5.7,0.66,2.4,6.3,8.7,5.6,2.9,0.8,3.2,3.2,22.0
1994,nba dpoy,Gary Payton,paytoga01,25,9.0,9.0,101.0,0.089,False,NBA,Gary Payton,25.0,SEA,PG,82.0,82.0,35.1,7.1,14.1,0.504,0.2,0.7,0.278,6.9,13.5,0.515,0.51,2.0,3.4,0.595,1.3,2.0,3.3,6.0,2.3,0.2,2.1,2.8,16.5
1994,nba dpoy,Dennis Rodman,rodmade01,32,8.0,8.0,101.0,0.079,False,NBA,Dennis Rodman,32.0,SAS,PF,79.0,51.0,37.8,2.0,3.7,0.534,0.1,0.3,0.208,1.9,3.4,0.563,0.543,0.7,1.3,0.52,5.7,11.6,17.3,2.3,0.7,0.4,1.7,2.9,4.7
1994,nba dpoy,Mookie Blaylock,blaylmo01,26,3.0,3.0,101.0,0.03,False,NBA,Mookie Blaylock,26.0,ATL,PG,81.0,81.0,36.0,5.5,13.3,0.411,1.4,4.2,0.334,4.1,9.1,0.447,0.464,1.4,2.0,0.73,1.4,3.8,5.2,9.7,2.6,0.5,2.4,1.8,13.8
1994,nba dpoy,Nate McMillan,mcmilna01,29,3.0,3.0,101.0,0.03,False,NBA,Nate McMillan,29.0,SEA,PG,73.0,8.0,25.8,2.4,5.4,0.447,0.7,1.8,0.391,1.7,3.6,0.475,0.513,0.4,0.8,0.564,0.7,3.2,3.9,5.3,3.0,0.3,1.7,2.8,6.0
1994,nba dpoy,Charles Oakley,oaklech01,30,2.0,2.0,101.0,0.02,False,NBA,Charles Oakley,30.0,NYK,PF,82.0,82.0,35.8,4.4,9.3,0.478,0.0,0.0,0.0,4.4,9.2,0.48,0.478,3.0,3.8,0.776,4.3,7.5,11.8,2.7,1.3,0.2,2.4,3.6,11.8
1994,nba dpoy,Horace Grant,grantho01,28,1.0,1.0,101.0,0.01,False,NBA,Horace Grant,28.0,CHI,PF,70.0,69.0,36.7,6.6,12.5,0.524,0.0,0.1,0.0,6.6,12.5,0.528,0.524,2.0,3.3,0.596,4.4,6.6,11.0,3.4,1.1,1.2,1.6,2.3,15.1
1994,nba mip,Don MacLean,macledo01,24,55.0,55.0,101.0,0.545,True,NBA,Don MacLean,24.0,WSB,SF,75.0,69.0,33.2,6.9,13.7,0.502,0.0,0.3,0.143,6.9,13.5,0.509,0.503,4.4,5.3,0.824,1.9,4.4,6.2,2.1,0.6,0.3,2.0,2.3,18.2
1994,nba mip,Latrell Sprewell,sprewla01,23,29.0,29.0,101.0,0.287,False,NBA,Latrell Sprewell,23.0,GSW,SG,82.0,82.0,43.1,7.5,17.3,0.433,1.7,4.8,0.361,5.8,12.5,0.46,0.482,4.3,5.6,0.774,1.0,3.9,4.9,4.7,2.2,0.9,2.8,1.9,21.0
1994,nba mip,Gary Payton,paytoga01,25,5.0,5.0,101.0,0.05,False,NBA,Gary Payton,25.0,SEA,PG,82.0,82.0,35.1,7.1,14.1,0.504,0.2,0.7,0.278,6.9,13.5,0.515,0.51,2.0,3.4,0.595,1.3,2.0,3.3,6.0,2.3,0.2,2.1,2.8,16.5
1994,nba mip,Mookie Blaylock,blaylmo01,26,2.0,2.0,101.0,0.02,False,NBA,Mookie Blaylock,26.0,ATL,PG,81.0,81.0,36.0,5.5,13.3,0.411,1.4,4.2,0.334,4.1,9.1,0.447,0.464,1.4,2.0,0.73,1.4,3.8,5.2,9.7,2.6,0.5,2.4,1.8,13.8
1994,nba mip,Dale Davis,davisda01,24,2.0,2.0,101.0,0.02,False,NBA,Dale Davis,24.0,IND,PF,66.0,64.0,34.7,4.7,8.8,0.529,0.0,0.0,0.0,4.7,8.8,0.53,0.529,2.3,4.5,0.527,4.2,6.6,10.9,1.5,0.7,1.6,1.5,3.2,11.7
1994,nba mip,Rod Strickland,stricro02,27,2.0,2.0,101.0,0.02,False,NBA,Rod Strickland,27.0,POR,PG,82.0,58.0,35.2,6.4,13.3,0.483,0.0,0.1,0.2,6.4,13.2,0.486,0.484,4.3,5.7,0.749,1.5,3.0,4.5,9.0,1.8,0.3,3.1,2.1,17.2
1994,nba mip,Vincent Askew,askewvi01,27,1.0,1.0,101.0,0.01,False,NBA,Vincent Askew,27.0,SEA,SG,80.0,3.0,21.1,3.4,7.1,0.481,0.1,0.4,0.194,3.3,6.7,0.498,0.487,2.2,2.6,0.829,0.8,1.6,2.3,2.4,0.9,0.2,0.9,1.8,9.1
1994,nba mip,Dana Barros,barroda01,26,1.0,1.0,101.0,0.01,False,NBA,Dana Barros,26.0,PHI,PG,81.0,70.0,31.1,5.1,10.8,0.469,1.7,4.4,0.381,3.4,6.5,0.529,0.546,1.4,1.8,0.8,0.3,2.1,2.4,5.2,1.3,0.1,2.1,1.2,13.3
1994,nba mip,Rex Chapman,chapmre01,26,1.0,1.0,101.0,0.01,False,NBA,Rex Chapman,26.0,WSB,SG,60.0,59.0,33.8,7.2,14.4,0.498,1.1,2.8,0.388,6.1,11.7,0.524,0.535,2.8,3.4,0.816,1.0,1.5,2.4,3.1,1.0,0.1,2.0,1.4,18.2
1994,nba mip,Bison Dele,delebi01,24,1.0,1.0,101.0,0.01,False,NBA,Bison Dele,24.0,DEN,C,80.0,1.0,18.8,3.1,5.8,0.541,0.0,0.0,0.0,3.1,5.8,0.544,0.541,1.7,2.6,0.649,1.7,3.9,5.6,0.6,0.6,1.1,1.3,2.8,8.0
1994,nba mip,Pete Myers,myerspe01,30,1.0,1.0,101.0,0.01,False,NBA,Pete Myers,30.0,CHI,SG,82.0,81.0,24.8,3.1,6.8,0.455,0.1,0.4,0.276,3.0,6.4,0.465,0.462,1.7,2.4,0.701,0.7,1.5,2.2,3.0,1.0,0.2,1.7,2.4,7.9
1994,nba mip,Olden Polynice,polynol01,29,1.0,1.0,101.0,0.01,False,NBA,Olden Polynice,29.0,2TM,C,68.0,65.0,35.3,5.1,9.7,0.523,0.0,0.0,0.0,5.1,9.7,0.524,0.523,1.4,2.8,0.508,4.4,7.5,11.9,0.6,0.6,1.0,1.1,2.8,11.6
1994,nba mvp,Hakeem Olajuwon,olajuha01,31,66.0,889.0,1010.0,0.88,True,NBA,Hakeem Olajuwon,31.0,HOU,C,80.0,80.0,41.0,11.2,21.2,0.528,0.1,0.2,0.421,11.1,20.9,0.529,0.53,4.9,6.8,0.716,2.9,9.1,11.9,3.6,1.6,3.7,3.4,3.6,27.3
1994,nba mvp,David Robinson,robinda01,28,24.0,730.0,1010.0,0.723,False,NBA,David Robinson,28.0,SAS,C,80.0,80.0,40.5,10.5,20.7,0.507,0.1,0.4,0.345,10.4,20.4,0.51,0.51,8.7,11.6,0.749,3.0,7.7,10.7,4.8,1.7,3.3,3.2,2.9,29.8
1994,nba mvp,Scottie Pippen,pippesc01,28,7.0,390.0,1010.0,0.386,False,NBA,Scottie Pippen,28.0,CHI,SF,72.0,72.0,38.3,8.7,17.8,0.491,0.9,2.7,0.32,7.8,15.0,0.522,0.515,3.8,5.7,0.66,2.4,6.3,8.7,5.6,2.9,0.8,3.2,3.2,22.0
1994,nba mvp,Shaquille O'Neal,onealsh01,21,3.0,289.0,1010.0,0.286,False,NBA,Shaquille O'Neal,21.0,ORL,C,81.0,81.0,39.8,11.8,19.6,0.599,0.0,0.0,0.0,11.8,19.6,0.6,0.599,5.8,10.5,0.554,4.7,8.5,13.2,2.4,0.9,2.9,2.7,3.5,29.3
1994,nba mvp,Patrick Ewing,ewingpa01,31,1.0,255.0,1010.0,0.252,False,NBA,Patrick Ewing,31.0,NYK,C,79.0,79.0,37.6,9.4,19.0,0.496,0.1,0.2,0.286,9.4,18.8,0.498,0.497,5.6,7.4,0.765,2.8,8.4,11.2,2.3,1.1,2.7,3.3,3.5,24.5
1994,nba mvp,Gary Payton,paytoga01,25,0.0,20.0,1010.0,0.02,False,NBA,Gary Payton,25.0,SEA,PG,82.0,82.0,35.1,7.1,14.1,0.504,0.2,0.7,0.278,6.9,13.5,0.515,0.51,2.0,3.4,0.595,1.3,2.0,3.3,6.0,2.3,0.2,2.1,2.8,16.5
1994,nba mvp,Shawn Kemp,kempsh01,24,0.0,17.0,1010.0,0.017,False,NBA,Shawn Kemp,24.0,SEA,PF,79.0,73.0,32.9,6.7,12.5,0.538,0.0,0.1,0.25,6.7,12.5,0.54,0.539,4.6,6.2,0.741,3.9,6.8,10.8,2.6,1.8,2.1,3.3,3.9,18.1
1994,nba mvp,Karl Malone,malonka01,30,0.0,17.0,1010.0,0.017,False,NBA,Karl Malone,30.0,UTA,PF,82.0,82.0,40.6,9.4,18.9,0.497,0.1,0.4,0.25,9.3,18.5,0.503,0.5,6.2,9.0,0.694,2.9,8.6,11.5,4.0,1.5,1.5,2.9,3.3,25.2
1994,nba mvp,Mark Price,pricema01,29,0.0,7.0,1010.0,0.007,False,NBA,Mark Price,29.0,CLE,PG,76.0,73.0,31.4,6.3,13.2,0.478,1.6,3.9,0.397,4.8,9.3,0.511,0.536,3.1,3.5,0.888,0.5,2.5,3.0,7.8,1.4,0.1,2.5,1.2,17.3
1994,nba mvp,Charles Barkley,barklch01,30,0.0,5.0,1010.0,0.005,False,NBA,Charles Barkley,30.0,PHO,PF,65.0,65.0,35.4,8.0,16.1,0.495,0.7,2.7,0.27,7.2,13.4,0.541,0.518,4.9,7.0,0.704,3.0,8.1,11.2,4.6,1.6,0.6,3.2,2.5,21.6
1994,nba mvp,Mookie Blaylock,blaylmo01,26,0.0,1.0,1010.0,0.001,False,NBA,Mookie Blaylock,26.0,ATL,PG,81.0,81.0,36.0,5.5,13.3,0.411,1.4,4.2,0.334,4.1,9.1,0.447,0.464,1.4,2.0,0.73,1.4,3.8,5.2,9.7,2.6,0.5,2.4,1.8,13.8
1994,nba mvp,Kevin Johnson,johnske02,27,0.0,1.0,1010.0,0.001,False,NBA,Kevin Johnson,27.0,PHO,PG,67.0,67.0,36.6,7.1,14.6,0.487,0.1,0.4,0.222,7.0,14.2,0.494,0.49,5.7,6.9,0.819,0.8,1.7,2.5,9.5,1.9,0.1,3.5,1.9,20.0
1994,nba mvp,Dennis Rodman,rodmade01,32,0.0,1.0,1010.0,0.001,False,NBA,Dennis Rodman,32.0,SAS,PF,79.0,51.0,37.8,2.0,3.7,0.534,0.1,0.3,0.208,1.9,3.4,0.563,0.543,0.7,1.3,0.52,5.7,11.6,17.3,2.3,0.7,0.4,1.7,2.9,4.7
1994,nba mvp,Latrell Sprewell,sprewla01,23,0.0,1.0,1010.0,0.001,False,NBA,Latrell Sprewell,23.0,GSW,SG,82.0,82.0,43.1,7.5,17.3,0.433,1.7,4.8,0.361,5.8,12.5,0.46,0.482,4.3,5.6,0.774,1.0,3.9,4.9,4.7,2.2,0.9,2.8,1.9,21.0
1994,nba mvp,John Stockton,stockjo01,31,0.0,1.0,1010.0,0.001,False,NBA,John Stockton,31.0,UTA,PG,82.0,82.0,36.2,5.6,10.6,0.528,0.6,1.8,0.322,5.0,8.8,0.57,0.555,3.3,4.1,0.805,0.9,2.3,3.1,12.6,2.4,0.3,3.2,2.9,15.1
1994,nba mvp,Dominique Wilkins,wilkido01,34,0.0,1.0,1010.0,0.001,False,NBA,Dominique Wilkins,34.0,2TM,SF,74.0,74.0,35.6,9.4,21.5,0.44,1.1,4.0,0.288,8.3,17.5,0.474,0.466,6.0,7.1,0.847,2.5,4.0,6.5,2.3,1.2,0.4,2.3,1.7,26.0
1994,nba mvp,Kevin Willis,willike02,31,0.0,1.0,1010.0,0.001,False,NBA,Kevin Willis,31.0,ATL,PF,80.0,80.0,35.8,7.8,15.7,0.499,0.1,0.3,0.375,7.7,15.4,0.501,0.502,3.4,4.7,0.713,4.2,7.9,12.0,1.9,1.0,0.5,2.4,3.1,19.1
1994,nba roy,Chris Webber,webbech01,20,53.0,53.0,101.0,0.525,True,NBA,Chris Webber,20.0,GSW,C,76.0,76.0,32.1,7.5,13.6,0.552,0.0,0.2,0.0,7.5,13.5,0.559,0.552,2.5,4.7,0.532,4.0,5.1,9.1,3.6,1.2,2.2,2.7,3.3,17.5
1994,nba roy,Anfernee Hardaway,hardaan01,22,47.0,47.0,101.0,0.465,False,NBA,Anfernee Hardaway,22.0,ORL,PG,82.0,82.0,36.8,6.2,13.3,0.466,0.6,2.3,0.267,5.6,11.0,0.507,0.489,3.0,4.0,0.742,2.3,3.0,5.4,6.6,2.3,0.6,3.6,2.5,16.0
1994,nba roy,Jamal Mashburn,mashbja01,21,1.0,1.0,101.0,0.01,False,NBA,Jamal Mashburn,21.0,DAL,SF,79.0,73.0,36.7,7.1,17.5,0.406,1.1,3.8,0.284,6.0,13.7,0.44,0.437,3.9,5.5,0.699,1.4,3.1,4.5,3.4,1.1,0.2,3.1,2.6,19.2
1994,nba smoy,Dell Curry,curryde01,29,46.0,46.0,101.0,0.455,True,NBA,Dell Curry,29.0,CHH,SG,82.0,0.0,26.5,6.5,14.3,0.455,1.9,4.6,0.402,4.6,9.7,0.48,0.52,1.4,1.6,0.873,0.9,2.3,3.2,2.7,1.2,0.3,1.5,2.0,16.3
1994,nba smoy,Nate McMillan,mcmilna01,29,37.0,37.0,101.0,0.366,False,NBA,Nate McMillan,29.0,SEA,PG,73.0,8.0,25.8,2.4,5.4,0.447,0.7,1.8,0.391,1.7,3.6,0.475,0.513,0.4,0.8,0.564,0.7,3.2,3.9,5.3,3.0,0.3,1.7,2.8,6.0
1994,nba smoy,Craig Ehlo,ehlocr01,32,7.0,7.0,101.0,0.069,False,NBA,Craig Ehlo,32.0,ATL,SG,82.0,0.0,26.2,3.9,8.6,0.446,0.9,2.7,0.348,2.9,5.9,0.491,0.501,1.4,1.9,0.727,0.9,2.5,3.4,3.3,1.7,0.3,1.6,2.0,10.0
1994,nba smoy,Ricky Pierce,piercri01,34,3.0,3.0,101.0,0.03,False,NBA,Ricky Pierce,34.0,SEA,SG,51.0,0.0,20.0,5.3,11.3,0.471,0.1,0.6,0.188,5.2,10.7,0.488,0.477,3.7,4.1,0.896,0.6,1.1,1.6,1.8,0.8,0.1,1.3,1.6,14.5
1994,nba smoy,Armen Gilliam,gilliar01,29,2.0,2.0,101.0,0.02,False,NBA,Armen Gilliam,29.0,NJN,PF,82.0,5.0,24.0,4.2,8.3,0.51,0.0,0.0,0.0,4.2,8.3,0.511,0.51,3.3,4.4,0.759,2.4,3.7,6.1,0.8,0.5,0.7,1.3,1.6,11.8
1994,nba smoy,Mario Elie,eliema01,30,1.0,1.0,101.0,0.01,False,NBA,Mario Elie,30.0,HOU,SF,67.0,8.0,24.0,3.1,7.0,0.446,0.8,2.5,0.335,2.3,4.5,0.508,0.506,2.3,2.7,0.86,0.4,2.3,2.7,3.1,0.7,0.1,1.6,1.9,9.3
1994,nba smoy,Steve Kerr,kerrst01,28,1.0,1.0,101.0,0.01,False,NBA,Steve Kerr,28.0,CHI,PG,82.0,0.0,24.8,3.5,7.0,0.497,0.6,1.5,0.419,2.9,5.5,0.519,0.542,1.0,1.2,0.856,0.3,1.3,1.6,2.6,0.9,0.0,0.7,1.2,8.6
1994,nba smoy,Anthony Mason,masonan01,27,1.0,1.0,101.0,0.01,False,NBA,Anthony Mason,27.0,NYK,PF,73.0,12.0,26.1,2.8,5.9,0.476,0.0,0.0,0.0,2.8,5.9,0.477,0.476,1.6,2.2,0.72,2.2,3.7,5.8,2.1,0.4,0.1,1.5,2.6,7.2
1994,nba smoy,Johnny Newman,newmajo01,30,1.0,1.0,101.0,0.01,False,NBA,Johnny Newman,30.0,2TM,SF,81.0,18.0,21.0,3.9,8.2,0.471,0.3,1.1,0.267,3.6,7.1,0.503,0.489,2.2,2.8,0.809,1.1,1.2,2.2,0.9,0.9,0.3,1.1,2.4,10.3
1994,nba smoy,Dennis Rodman,rodmade01,32,1.0,1.0,101.0,0.01,False,NBA,Dennis Rodman,32.0,SAS,PF,79.0,51.0,37.8,2.0,3.7,0.534,0.1,0.3,0.208,1.9,3.4,0.563,0.543,0.7,1.3,0.52,5.7,11.6,17.3,2.3,0.7,0.4,1.7,2.9,4.7
1994,nba smoy,Orlando Woolridge,woolror01,34,1.0,1.0,101.0,0.01,False,NBA,Orlando Woolridge,34.0,PHI,SF,74.0,1.0,26.4,4.9,10.4,0.471,0.0,0.2,0.071,4.9,10.3,0.478,0.472,2.8,4.1,0.689,1.4,2.6,4.0,1.9,0.6,0.8,1.9,2.5,12.7
1993,nba dpoy,Hakeem Olajuwon,olajuha01,30,73.0,73.0,98.0,0.745,True,NBA,Hakeem Olajuwon,30.0,HOU,C,82.0,82.0,39.5,10.3,19.5,0.529,0.0,0.1,0.0,10.3,19.5,0.532,0.529,5.4,7.0,0.779,3.5,9.6,13.0,3.5,1.8,4.2,3.2,3.7,26.1
1993,nba dpoy,Michael Jordan,jordami01,29,9.0,9.0,98.0,0.092,False,NBA,Michael Jordan,29.0,CHI,SG,78.0,78.0,39.3,12.7,25.7,0.495,1.0,2.9,0.352,11.7,22.7,0.514,0.515,6.1,7.3,0.837,1.7,5.0,6.7,5.5,2.8,0.8,2.7,2.4,32.6
1993,nba dpoy,David Robinson,robinda01,27,9.0,9.0,98.0,0.092,False,NBA,David Robinson,27.0,SAS,C,82.0,82.0,39.2,8.2,16.4,0.501,0.0,0.2,0.176,8.2,16.2,0.506,0.503,6.8,9.3,0.732,2.8,8.9,11.7,3.7,1.5,3.2,2.9,2.9,23.4
1993,nba dpoy,Dennis Rodman,rodmade01,31,3.0,3.0,98.0,0.031,False,NBA,Dennis Rodman,31.0,DET,PF,62.0,55.0,38.9,3.0,6.9,0.427,0.2,1.2,0.205,2.7,5.7,0.472,0.444,1.4,2.6,0.534,5.9,12.3,18.3,1.6,0.8,0.7,1.7,3.2,7.5
1993,nba dpoy,Patrick Ewing,ewingpa01,30,1.0,1.0,98.0,0.01,False,NBA,Patrick Ewing,30.0,NYK,C,81.0,81.0,37.1,9.6,19.1,0.503,0.0,0.1,0.143,9.6,19.0,0.504,0.503,4.9,6.9,0.719,2.4,9.7,12.1,1.9,0.9,2.0,3.3,3.5,24.2
1993,nba dpoy,Dan Majerle,majerda01,27,1.0,1.0,98.0,0.01,False,NBA,Dan Majerle,27.0,PHO,SG,82.0,82.0,39.0,6.2,13.4,0.464,2.0,5.3,0.381,4.2,8.0,0.52,0.541,2.5,3.2,0.778,1.5,3.2,4.7,3.8,1.7,0.4,1.6,2.2,16.9
1993,nba dpoy,Charles Oakley,oaklech01,29,1.0,1.0,98.0,0.01,False,NBA,Charles Oakley,29.0,NYK,PF,82.0,82.0,27.2,2.7,5.3,0.508,0.0,0.0,0.0,2.7,5.2,0.509,0.508,1.5,2.1,0.722,3.5,5.1,8.6,1.5,1.0,0.2,1.5,3.5,6.9
1993,nba dpoy,John Starks,starkjo01,27,1.0,1.0,98.0,0.01,False,NBA,John Starks,27.0,NYK,SG,80.0,51.0,31.0,6.4,15.0,0.428,1.4,4.2,0.321,5.1,10.8,0.469,0.473,3.3,4.1,0.795,0.7,1.9,2.6,5.1,1.1,0.2,2.2,2.9,17.5
1993,nba mip,Mahmoud Abdul-Rauf,abdulma02,23,25.0,25.0,98.0,0.255,True,NBA,Mahmoud Abdul-Rauf,23.0,DEN,PG,81.0,81.0,33.5,7.8,17.4,0.45,0.9,2.4,0.355,7.0,14.9,0.465,0.475,2.7,2.9,0.935,0.6,2.1,2.8,4.2,1.0,0.1,2.3,2.2,19.2
1993,nba mip,Eric Murdock,murdoer01,24,14.0,14.0,98.0,0.143,False,NBA,Eric Murdock,24.0,MIL,PG,79.0,78.0,30.8,5.5,11.8,0.468,0.4,1.5,0.261,5.2,10.3,0.498,0.485,2.9,3.7,0.78,1.2,2.4,3.6,7.6,2.2,0.1,2.6,2.2,14.4
1993,nba mip,Kenny Anderson,anderke01,22,13.0,13.0,98.0,0.133,False,NBA,Kenny Anderson,22.0,NJN,PG,55.0,55.0,36.5,6.7,15.5,0.435,0.1,0.5,0.28,6.6,15.0,0.44,0.439,3.3,4.2,0.776,0.9,3.2,4.1,8.2,1.7,0.2,2.8,2.5,16.9
1993,nba mip,John Starks,starkjo01,27,11.0,11.0,98.0,0.112,False,NBA,John Starks,27.0,NYK,SG,80.0,51.0,31.0,6.4,15.0,0.428,1.4,4.2,0.321,5.1,10.8,0.469,0.473,3.3,4.1,0.795,0.7,1.9,2.6,5.1,1.1,0.2,2.2,2.9,17.5
1993,nba mip,Clifford Robinson,robincl02,26,9.0,9.0,98.0,0.092,False,NBA,Clifford Robinson,26.0,POR,PF,82.0,12.0,31.4,7.7,16.3,0.473,0.2,0.9,0.247,7.5,15.4,0.487,0.48,3.5,5.1,0.69,2.0,4.6,6.6,2.2,1.2,2.0,2.1,3.5,19.1
1993,nba mip,Gary Payton,paytoga01,24,8.0,8.0,98.0,0.082,False,NBA,Gary Payton,24.0,SEA,PG,82.0,78.0,31.1,5.8,11.7,0.494,0.1,0.4,0.206,5.7,11.3,0.505,0.498,1.8,2.4,0.77,1.2,2.3,3.4,4.9,2.2,0.3,1.8,3.0,13.5
1993,nba mip,Derrick Coleman,colemde01,25,3.0,3.0,98.0,0.031,False,NBA,Derrick Coleman,25.0,NJN,PF,76.0,73.0,36.3,7.4,16.1,0.46,0.3,1.3,0.232,7.1,14.8,0.48,0.469,5.5,6.9,0.808,3.3,8.0,11.2,3.6,1.2,1.7,3.2,2.8,20.7
1993,nba mip,Blue Edwards,edwarbl01,27,2.0,2.0,98.0,0.02,False,NBA,Blue Edwards,27.0,MIL,SF,82.0,81.0,33.3,6.8,13.2,0.512,0.5,1.3,0.349,6.3,11.9,0.529,0.529,2.9,3.7,0.79,1.5,3.2,4.7,2.6,1.6,0.5,2.1,3.0,16.9
1993,nba mip,Doug West,westdo01,25,2.0,2.0,98.0,0.02,False,NBA,Doug West,25.0,MIN,SG,80.0,80.0,38.8,8.1,15.6,0.517,0.0,0.3,0.087,8.1,15.3,0.525,0.518,3.1,3.7,0.841,1.1,2.0,3.1,2.9,1.1,0.3,2.1,3.5,19.3
1993,nba mip,Alaa Abdelnaby,abdelal01,24,1.0,1.0,98.0,0.01,False,NBA,Alaa Abdelnaby,24.0,2TM,PF,75.0,52.0,17.5,3.3,6.3,0.518,0.0,0.0,0.0,3.3,6.3,0.519,0.518,1.2,1.5,0.759,1.7,2.8,4.5,0.4,0.3,0.3,1.3,2.5,7.7
1993,nba mip,Mookie Blaylock,blaylmo01,25,1.0,1.0,98.0,0.01,False,NBA,Mookie Blaylock,25.0,ATL,PG,80.0,78.0,35.3,5.2,12.1,0.429,1.5,3.9,0.375,3.7,8.1,0.456,0.491,1.5,2.1,0.728,1.1,2.4,3.5,8.4,2.5,0.3,2.3,2.0,13.4
1993,nba mip,Cedric Ceballos,cebalce01,23,1.0,1.0,98.0,0.01,False,NBA,Cedric Ceballos,23.0,PHO,SF,74.0,46.0,21.7,5.1,8.9,0.576,0.0,0.0,0.0,5.1,8.9,0.577,0.576,2.5,3.5,0.725,2.3,3.2,5.5,1.0,0.7,0.4,1.4,1.4,12.8
1993,nba mip,Shawn Kemp,kempsh01,23,1.0,1.0,98.0,0.01,False,NBA,Shawn Kemp,23.0,SEA,PF,78.0,68.0,33.1,6.6,13.4,0.492,0.0,0.1,0.0,6.6,13.4,0.494,0.492,4.6,6.4,0.712,3.7,7.0,10.7,2.0,1.5,1.9,2.8,4.2,17.8
1993,nba mip,Terry Mills,millste01,25,1.0,1.0,98.0,0.01,False,NBA,Terry Mills,25.0,DET,PF,81.0,46.0,27.0,6.1,13.2,0.461,0.1,0.4,0.278,6.0,12.8,0.467,0.465,2.5,3.1,0.791,2.2,3.7,5.8,1.4,0.5,0.6,1.8,3.5,14.8
1993,nba mip,Dražen Petrović,petrodr01,28,1.0,1.0,98.0,0.01,False,NBA,Dražen Petrović,28.0,NJN,SG,70.0,67.0,38.0,8.4,16.2,0.518,1.1,2.4,0.449,7.3,13.8,0.529,0.551,4.5,5.2,0.87,0.6,2.1,2.7,3.5,1.3,0.2,2.9,3.4,22.3
1993,nba mvp,Charles Barkley,barklch01,29,59.0,835.0,980.0,0.852,True,NBA,Charles Barkley,29.0,PHO,PF,76.0,76.0,37.6,9.4,18.1,0.52,0.9,2.9,0.305,8.5,15.2,0.561,0.545,5.9,7.7,0.765,3.1,9.1,12.2,5.1,1.6,1.0,3.1,2.6,25.6
1993,nba mvp,Hakeem Olajuwon,olajuha01,30,22.0,647.0,980.0,0.66,False,NBA,Hakeem Olajuwon,30.0,HOU,C,82.0,82.0,39.5,10.3,19.5,0.529,0.0,0.1,0.0,10.3,19.5,0.532,0.529,5.4,7.0,0.779,3.5,9.6,13.0,3.5,1.8,4.2,3.2,3.7,26.1
1993,nba mvp,Michael Jordan,jordami01,29,13.0,565.0,980.0,0.577,False,NBA,Michael Jordan,29.0,CHI,SG,78.0,78.0,39.3,12.7,25.7,0.495,1.0,2.9,0.352,11.7,22.7,0.514,0.515,6.1,7.3,0.837,1.7,5.0,6.7,5.5,2.8,0.8,2.7,2.4,32.6
1993,nba mvp,Patrick Ewing,ewingpa01,30,4.0,359.0,980.0,0.366,False,NBA,Patrick Ewing,30.0,NYK,C,81.0,81.0,37.1,9.6,19.1,0.503,0.0,0.1,0.143,9.6,19.0,0.504,0.503,4.9,6.9,0.719,2.4,9.7,12.1,1.9,0.9,2.0,3.3,3.5,24.2
1993,nba mvp,Dominique Wilkins,wilkido01,33,0.0,54.0,980.0,0.055,False,NBA,Dominique Wilkins,33.0,ATL,SF,71.0,70.0,37.3,10.4,22.3,0.468,1.7,4.5,0.38,8.7,17.9,0.49,0.506,7.3,8.8,0.828,2.6,4.2,6.8,3.2,1.0,0.4,2.6,1.6,29.9
1993,nba mvp,David Robinson,robinda01,27,0.0,33.0,980.0,0.034,False,NBA,David Robinson,27.0,SAS,C,82.0,82.0,39.2,8.2,16.4,0.501,0.0,0.2,0.176,8.2,16.2,0.506,0.503,6.8,9.3,0.732,2.8,8.9,11.7,3.7,1.5,3.2,2.9,2.9,23.4
1993,nba mvp,Shaquille O'Neal,onealsh01,20,0.0,30.0,980.0,0.031,False,NBA,Shaquille O'Neal,20.0,ORL,C,81.0,81.0,37.9,9.0,16.1,0.562,0.0,0.0,0.0,9.0,16.1,0.563,0.562,5.3,8.9,0.592,4.2,9.6,13.9,1.9,0.7,3.5,3.8,4.0,23.4
1993,nba mvp,Karl Malone,malonka01,29,0.0,10.0,980.0,0.01,False,NBA,Karl Malone,29.0,UTA,PF,82.0,82.0,37.8,9.7,17.6,0.552,0.0,0.2,0.2,9.7,17.4,0.557,0.554,7.5,10.2,0.74,2.8,8.4,11.2,3.8,1.5,1.0,2.9,3.2,27.0
1993,nba mvp,Mark Price,pricema01,28,0.0,10.0,980.0,0.01,False,NBA,Mark Price,28.0,CLE,PG,75.0,74.0,31.7,6.4,13.1,0.484,1.6,3.9,0.416,4.7,9.2,0.512,0.546,3.9,4.1,0.948,0.5,2.2,2.7,8.0,1.2,0.1,2.6,1.4,18.2
1993,nba mvp,Brad Daugherty,daughbr01,27,0.0,1.0,980.0,0.001,False,NBA,Brad Daugherty,27.0,CLE,C,71.0,71.0,37.9,7.3,12.8,0.571,0.0,0.0,0.5,7.3,12.8,0.571,0.571,5.5,6.9,0.795,2.3,7.9,10.2,4.4,0.7,0.8,2.1,2.5,20.2
1993,nba mvp,Clyde Drexler,drexlcl01,30,0.0,1.0,980.0,0.001,False,NBA,Clyde Drexler,30.0,POR,SG,49.0,49.0,34.1,7.1,16.7,0.429,0.6,2.7,0.233,6.5,13.9,0.467,0.448,5.0,6.0,0.839,2.6,3.7,6.3,5.7,1.9,0.8,2.3,3.2,19.9
1993,nba mvp,Joe Dumars,dumarjo01,29,0.0,1.0,980.0,0.001,False,NBA,Joe Dumars,29.0,DET,SG,77.0,77.0,40.2,8.8,18.9,0.466,1.5,3.9,0.375,7.3,15.0,0.489,0.504,4.5,5.2,0.864,0.8,1.1,1.9,4.0,1.0,0.1,1.8,1.8,23.5
1993,nba mvp,Shawn Kemp,kempsh01,23,0.0,1.0,980.0,0.001,False,NBA,Shawn Kemp,23.0,SEA,PF,78.0,68.0,33.1,6.6,13.4,0.492,0.0,0.1,0.0,6.6,13.4,0.494,0.492,4.6,6.4,0.712,3.7,7.0,10.7,2.0,1.5,1.9,2.8,4.2,17.8
1993,nba mvp,John Stockton,stockjo01,30,0.0,1.0,980.0,0.001,False,NBA,John Stockton,30.0,UTA,PG,82.0,82.0,34.9,5.3,11.0,0.486,0.9,2.3,0.385,4.5,8.7,0.513,0.526,3.6,4.5,0.798,0.8,2.1,2.9,12.0,2.4,0.3,3.2,2.7,15.1
1993,nba roy,Shaquille O'Neal,onealsh01,20,96.0,96.0,98.0,0.98,True,NBA,Shaquille O'Neal,20.0,ORL,C,81.0,81.0,37.9,9.0,16.1,0.562,0.0,0.0,0.0,9.0,16.1,0.563,0.562,5.3,8.9,0.592,4.2,9.6,13.9,1.9,0.7,3.5,3.8,4.0,23.4
1993,nba roy,Alonzo Mourning,mournal01,22,2.0,2.0,98.0,0.02,False,NBA,Alonzo Mourning,22.0,CHH,C,78.0,78.0,33.9,7.3,14.3,0.511,0.0,0.0,0.0,7.3,14.3,0.513,0.511,6.3,8.1,0.781,3.4,6.9,10.3,1.0,0.3,3.5,3.0,3.7,21.0
1993,nba smoy,Clifford Robinson,robincl02,26,89.0,89.0,98.0,0.908,True,NBA,Clifford Robinson,26.0,POR,PF,82.0,12.0,31.4,7.7,16.3,0.473,0.2,0.9,0.247,7.5,15.4,0.487,0.48,3.5,5.1,0.69,2.0,4.6,6.6,2.2,1.2,2.0,2.1,3.5,19.1
1993,nba smoy,Danny Ainge,aingeda01,33,3.0,3.0,98.0,0.031,False,NBA,Danny Ainge,33.0,PHO,SG,80.0,0.0,27.0,4.2,9.1,0.462,1.9,4.7,0.403,2.3,4.5,0.522,0.564,1.5,1.8,0.848,0.6,2.1,2.7,3.3,0.9,0.1,1.4,2.2,11.8
1993,nba smoy,Anthony Mason,masonan01,26,3.0,3.0,98.0,0.031,False,NBA,Anthony Mason,26.0,NYK,PF,81.0,0.0,30.6,3.9,7.8,0.502,0.0,0.0,,3.9,7.8,0.502,0.502,2.5,3.6,0.682,2.9,5.0,7.9,2.1,0.5,0.2,1.7,3.0,10.3
1993,nba smoy,Dell Curry,curryde01,28,2.0,2.0,98.0,0.02,False,NBA,Dell Curry,28.0,CHH,SG,80.0,0.0,26.2,6.2,13.8,0.452,1.2,3.0,0.401,5.0,10.8,0.466,0.495,1.7,2.0,0.866,0.6,2.9,3.6,2.3,1.1,0.3,1.6,1.9,15.3
1993,nba smoy,Tom Chambers,chambto01,33,1.0,1.0,98.0,0.01,False,NBA,Tom Chambers,33.0,PHO,PF,73.0,0.0,23.6,4.4,9.8,0.447,0.2,0.4,0.393,4.2,9.4,0.449,0.455,3.3,3.9,0.837,1.3,3.4,4.7,1.4,0.6,0.3,1.3,2.9,12.2
1992,nba dpoy,David Robinson,robinda01,26,46.0,46.0,96.0,0.479,True,NBA,David Robinson,26.0,SAS,C,68.0,68.0,37.7,8.7,15.8,0.551,0.0,0.1,0.125,8.7,15.7,0.554,0.552,5.8,8.3,0.701,3.8,8.4,12.2,2.7,2.3,4.5,2.7,3.2,23.2
1992,nba dpoy,Dennis Rodman,rodmade01,30,39.0,39.0,96.0,0.406,False,NBA,Dennis Rodman,30.0,DET,PF,82.0,80.0,40.3,4.2,7.7,0.539,0.4,1.2,0.317,3.8,6.5,0.581,0.564,1.0,1.7,0.6,6.4,12.3,18.7,2.3,0.8,0.9,1.7,3.0,9.8
1992,nba dpoy,Michael Jordan,jordami01,28,3.0,3.0,96.0,0.031,False,NBA,Michael Jordan,28.0,CHI,SG,80.0,80.0,38.8,11.8,22.7,0.519,0.3,1.3,0.27,11.5,21.5,0.533,0.526,6.1,7.4,0.832,1.1,5.3,6.4,6.1,2.3,0.9,2.5,2.5,30.1
1992,nba dpoy,Scottie Pippen,pippesc01,26,3.0,3.0,96.0,0.031,False,NBA,Scottie Pippen,26.0,CHI,SF,82.0,82.0,38.6,8.4,16.6,0.506,0.2,1.0,0.2,8.2,15.6,0.525,0.511,4.0,5.3,0.76,2.3,5.4,7.7,7.0,1.9,1.1,3.1,3.0,21.0
1992,nba dpoy,Joe Dumars,dumarjo01,28,2.0,2.0,96.0,0.021,False,NBA,Joe Dumars,28.0,DET,SG,82.0,82.0,38.9,7.2,16.0,0.448,0.6,1.5,0.408,6.6,14.5,0.452,0.466,5.0,5.8,0.867,1.0,1.3,2.3,4.6,0.9,0.1,2.4,1.8,19.9
1992,nba dpoy,Karl Malone,malonka01,28,1.0,1.0,96.0,0.01,False,NBA,Karl Malone,28.0,UTA,PF,81.0,81.0,37.7,9.9,18.7,0.526,0.0,0.2,0.176,9.8,18.5,0.53,0.527,8.3,10.7,0.778,2.8,8.4,11.2,3.0,1.3,0.6,3.1,2.8,28.0
1992,nba dpoy,Hakeem Olajuwon,olajuha01,29,1.0,1.0,96.0,0.01,False,NBA,Hakeem Olajuwon,29.0,HOU,C,70.0,69.0,37.7,8.4,16.8,0.502,0.0,0.0,0.0,8.4,16.8,0.503,0.502,4.7,6.1,0.766,3.5,8.6,12.1,2.2,1.8,4.3,2.7,3.8,21.6
1992,nba dpoy,Buck Williams,willibu01,31,1.0,1.0,96.0,0.01,False,NBA,Buck Williams,31.0,POR,PF,80.0,80.0,31.5,4.3,7.0,0.604,0.0,0.0,0.0,4.3,7.0,0.605,0.604,2.8,3.7,0.754,3.3,5.6,8.8,1.4,0.8,0.5,1.6,3.1,11.3
1992,nba mip,Pervis Ellison,ellispe01,24,40.0,40.0,96.0,0.417,True,NBA,Pervis Ellison,24.0,WSB,C,66.0,64.0,38.0,8.3,15.4,0.539,0.0,0.0,0.333,8.3,15.3,0.54,0.54,3.4,4.7,0.728,3.3,7.9,11.2,2.9,0.9,2.7,3.0,3.4,20.0
1992,nba mip,Dražen Petrović,petrodr01,27,22.0,22.0,96.0,0.229,False,NBA,Dražen Petrović,27.0,NJN,SG,82.0,82.0,36.9,8.1,16.0,0.508,1.5,3.4,0.444,6.6,12.7,0.525,0.555,2.8,3.5,0.808,1.2,2.0,3.1,3.1,1.3,0.1,2.6,3.0,20.6
1992,nba mip,Kevin Willis,willike02,29,12.0,12.0,96.0,0.125,False,NBA,Kevin Willis,29.0,ATL,PF,81.0,80.0,36.6,7.3,15.1,0.483,0.1,0.5,0.162,7.2,14.7,0.493,0.485,3.6,4.5,0.804,5.2,10.4,15.5,2.1,0.9,0.7,2.4,2.8,18.3
1992,nba mip,Glen Rice,ricegl01,24,4.0,4.0,96.0,0.042,False,NBA,Glen Rice,24.0,MIA,SF,79.0,79.0,38.1,8.5,18.1,0.469,2.0,5.0,0.391,6.5,13.1,0.499,0.523,3.4,4.0,0.836,1.1,3.9,5.0,2.3,1.1,0.4,1.8,2.2,22.3
1992,nba mip,Reggie Williams,willire01,27,4.0,4.0,96.0,0.042,False,NBA,Reggie Williams,27.0,DEN,SF,81.0,80.0,32.4,7.4,15.8,0.471,0.7,1.9,0.359,6.7,13.8,0.486,0.493,2.7,3.3,0.803,1.8,3.2,5.0,2.9,1.8,0.8,2.1,3.3,18.2
1992,nba mip,Tim Perry,perryti01,26,3.0,3.0,96.0,0.031,False,NBA,Tim Perry,26.0,PHO,PF,80.0,69.0,31.0,5.2,9.9,0.523,0.0,0.1,0.375,5.1,9.8,0.525,0.525,1.9,2.7,0.712,2.6,4.3,6.9,1.7,0.6,1.5,1.8,3.0,12.3
1992,nba mip,John Starks,starkjo01,26,3.0,3.0,96.0,0.031,False,NBA,John Starks,26.0,NYK,SG,82.0,0.0,25.8,4.9,11.0,0.449,1.1,3.3,0.348,3.8,7.7,0.492,0.501,2.9,3.7,0.778,0.5,1.8,2.3,3.4,1.3,0.2,1.8,2.8,13.9
1992,nba mip,Kendall Gill,gillke01,23,2.0,2.0,96.0,0.021,False,NBA,Kendall Gill,23.0,CHH,SG,79.0,79.0,36.8,8.4,18.1,0.467,0.1,0.3,0.24,8.4,17.7,0.471,0.469,3.6,4.8,0.745,2.1,3.0,5.1,4.2,1.9,0.6,2.3,3.0,20.5
1992,nba mip,Grant Long,longgr01,25,2.0,2.0,96.0,0.021,False,NBA,Grant Long,25.0,MIA,PF,82.0,82.0,37.4,5.4,10.9,0.494,0.1,0.3,0.273,5.3,10.6,0.5,0.498,4.0,4.9,0.807,3.2,5.3,8.4,2.7,1.7,0.5,2.3,3.0,14.8
1992,nba mip,Šarūnas Marčiulionis,marcisa01,27,2.0,2.0,96.0,0.021,False,NBA,Šarūnas Marčiulionis,27.0,GSW,SG,72.0,5.0,29.4,6.8,12.7,0.538,0.0,0.1,0.3,6.8,12.5,0.541,0.54,5.2,6.6,0.788,0.9,1.9,2.9,3.4,1.6,0.1,2.7,3.3,18.9
1992,nba mip,Mookie Blaylock,blaylmo01,24,1.0,1.0,96.0,0.01,False,NBA,Mookie Blaylock,24.0,NJN,PG,72.0,67.0,35.4,6.0,13.8,0.432,0.2,0.8,0.222,5.8,13.0,0.444,0.438,1.8,2.5,0.712,1.4,2.3,3.7,6.8,2.4,0.6,2.1,2.5,13.8
1992,nba mip,Micheal Williams,willimi02,25,1.0,1.0,96.0,0.01,False,NBA,Micheal Williams,25.0,IND,PG,79.0,76.0,34.8,5.1,10.4,0.49,0.1,0.4,0.242,5.0,10.0,0.501,0.495,4.7,5.4,0.871,0.9,2.6,3.6,8.2,2.9,0.3,3.0,3.3,15.0
1992,nba mvp,Michael Jordan,jordami01,28,80.0,900.0,960.0,0.938,True,NBA,Michael Jordan,28.0,CHI,SG,80.0,80.0,38.8,11.8,22.7,0.519,0.3,1.3,0.27,11.5,21.5,0.533,0.526,6.1,7.4,0.832,1.1,5.3,6.4,6.1,2.3,0.9,2.5,2.5,30.1
1992,nba mvp,Clyde Drexler,drexlcl01,29,12.0,561.0,960.0,0.584,False,NBA,Clyde Drexler,29.0,POR,SG,76.0,76.0,36.2,9.1,19.4,0.47,1.5,4.4,0.337,7.6,15.0,0.51,0.509,5.3,6.6,0.794,2.2,4.4,6.6,6.7,1.8,0.9,3.2,3.0,25.0
1992,nba mvp,David Robinson,robinda01,26,2.0,337.0,960.0,0.351,False,NBA,David Robinson,26.0,SAS,C,68.0,68.0,37.7,8.7,15.8,0.551,0.0,0.1,0.125,8.7,15.7,0.554,0.552,5.8,8.3,0.701,3.8,8.4,12.2,2.7,2.3,4.5,2.7,3.2,23.2
1992,nba mvp,Karl Malone,malonka01,28,1.0,262.0,960.0,0.273,False,NBA,Karl Malone,28.0,UTA,PF,81.0,81.0,37.7,9.9,18.7,0.526,0.0,0.2,0.176,9.8,18.5,0.53,0.527,8.3,10.7,0.778,2.8,8.4,11.2,3.0,1.3,0.6,3.1,2.8,28.0
1992,nba mvp,Patrick Ewing,ewingpa01,29,0.0,100.0,960.0,0.104,False,NBA,Patrick Ewing,29.0,NYK,C,82.0,82.0,38.4,9.7,18.6,0.522,0.0,0.1,0.167,9.7,18.5,0.523,0.522,4.6,6.2,0.738,2.8,8.5,11.2,1.9,1.1,3.0,2.5,3.4,24.0
1992,nba mvp,Chris Mullin,mullich01,28,0.0,81.0,960.0,0.084,False,NBA,Chris Mullin,28.0,GSW,SF,81.0,81.0,41.3,10.2,19.6,0.524,0.8,2.2,0.366,9.5,17.4,0.544,0.544,4.3,5.2,0.833,1.6,4.0,5.6,3.5,2.1,0.8,2.5,2.1,25.6
1992,nba mvp,Mark Price,pricema01,27,0.0,66.0,960.0,0.069,False,NBA,Mark Price,27.0,CLE,PG,72.0,72.0,29.7,6.1,12.5,0.488,1.4,3.6,0.387,4.7,8.8,0.53,0.545,3.8,4.0,0.947,0.5,1.9,2.4,7.4,1.3,0.2,2.2,1.6,17.3
1992,nba mvp,Tim Hardaway,hardati01,25,0.0,64.0,960.0,0.067,False,NBA,Tim Hardaway,25.0,GSW,PG,81.0,81.0,41.1,9.1,19.7,0.461,1.6,4.6,0.338,7.5,15.0,0.499,0.501,3.7,4.8,0.766,1.0,2.8,3.8,10.0,2.0,0.2,3.3,2.6,23.4
1992,nba mvp,Scottie Pippen,pippesc01,26,1.0,32.0,960.0,0.033,False,NBA,Scottie Pippen,26.0,CHI,SF,82.0,82.0,38.6,8.4,16.6,0.506,0.2,1.0,0.2,8.2,15.6,0.525,0.511,4.0,5.3,0.76,2.3,5.4,7.7,7.0,1.9,1.1,3.1,3.0,21.0
1992,nba mvp,Dennis Rodman,rodmade01,30,0.0,26.0,960.0,0.027,False,NBA,Dennis Rodman,30.0,DET,PF,82.0,80.0,40.3,4.2,7.7,0.539,0.4,1.2,0.317,3.8,6.5,0.581,0.564,1.0,1.7,0.6,6.4,12.3,18.7,2.3,0.8,0.9,1.7,3.0,9.8
1992,nba mvp,Brad Daugherty,daughbr01,26,0.0,24.0,960.0,0.025,False,NBA,Brad Daugherty,26.0,CLE,C,73.0,73.0,36.2,7.9,13.8,0.57,0.0,0.0,0.0,7.9,13.8,0.571,0.57,5.7,7.3,0.777,2.6,7.8,10.4,3.6,0.9,1.1,2.5,2.6,21.5
1992,nba mvp,Charles Barkley,barklch01,28,0.0,18.0,960.0,0.019,False,NBA,Charles Barkley,28.0,PHI,SF,75.0,75.0,38.4,8.3,15.0,0.552,0.4,1.8,0.234,7.9,13.2,0.597,0.567,6.1,8.7,0.695,3.6,7.5,11.1,4.1,1.8,0.6,3.1,2.6,23.1
1992,nba mvp,John Stockton,stockjo01,29,0.0,18.0,960.0,0.019,False,NBA,John Stockton,29.0,UTA,PG,82.0,82.0,36.6,5.5,11.5,0.482,1.0,2.5,0.407,4.5,9.0,0.503,0.527,3.8,4.5,0.842,0.8,2.5,3.3,13.7,3.0,0.3,3.5,2.9,15.8
1992,nba mvp,Larry Bird,birdla01,35,0.0,3.0,960.0,0.003,False,NBA,Larry Bird,35.0,BOS,SF,45.0,45.0,36.9,7.8,16.8,0.466,1.2,2.8,0.406,6.7,14.0,0.478,0.5,3.3,3.6,0.926,1.0,8.6,9.6,6.8,0.9,0.7,2.8,1.8,20.2
1992,nba mvp,Kevin Johnson,johnske02,25,0.0,2.0,960.0,0.002,False,NBA,Kevin Johnson,25.0,PHO,PG,78.0,78.0,37.2,6.9,14.4,0.479,0.1,0.6,0.217,6.8,13.8,0.49,0.484,5.7,7.1,0.807,0.8,3.0,3.7,10.7,1.5,0.3,3.5,2.3,19.7
1992,nba mvp,Danny Manning,mannida01,25,0.0,1.0,960.0,0.001,False,NBA,Danny Manning,25.0,LAC,PF,82.0,82.0,35.4,7.9,14.6,0.542,0.0,0.1,0.0,7.9,14.6,0.544,0.542,3.4,4.7,0.725,2.8,4.1,6.9,3.5,1.6,1.5,2.6,3.6,19.3
1992,nba mvp,Detlef Schrempf,schrede01,29,0.0,1.0,960.0,0.001,False,NBA,Detlef Schrempf,29.0,IND,PF,80.0,4.0,32.6,6.2,11.6,0.536,0.3,0.9,0.324,5.9,10.7,0.554,0.549,4.6,5.5,0.828,2.5,7.1,9.6,3.9,0.8,0.5,2.4,3.6,17.3
1992,nba roy,Larry Johnson,johnsla02,22,90.5,90.5,96.0,0.943,True,NBA,Larry Johnson,22.0,CHH,PF,82.0,77.0,37.2,7.5,15.3,0.49,0.1,0.3,0.227,7.5,15.1,0.494,0.492,4.1,5.0,0.829,3.9,7.0,11.0,3.6,1.0,0.6,2.0,2.7,19.2
1992,nba roy,Dikembe Mutombo,mutomdi01,25,3.5,3.5,96.0,0.036,False,NBA,Dikembe Mutombo,25.0,DEN,C,71.0,71.0,38.3,6.0,12.2,0.493,0.0,0.0,,6.0,12.2,0.493,0.493,4.5,7.0,0.642,4.5,7.8,12.3,2.2,0.6,3.0,3.5,3.8,16.6
1992,nba roy,Billy Owens,owensbi01,22,2.0,2.0,96.0,0.021,False,NBA,Billy Owens,22.0,GSW,PF,80.0,77.0,31.4,5.9,11.1,0.525,0.0,0.1,0.111,5.8,11.0,0.529,0.526,2.6,3.9,0.654,3.0,5.0,8.0,2.4,1.1,0.8,2.2,3.5,14.3
1992,nba smoy,Detlef Schrempf,schrede01,29,54.0,54.0,96.0,0.563,True,NBA,Detlef Schrempf,29.0,IND,PF,80.0,4.0,32.6,6.2,11.6,0.536,0.3,0.9,0.324,5.9,10.7,0.554,0.549,4.6,5.5,0.828,2.5,7.1,9.6,3.9,0.8,0.5,2.4,3.6,17.3
1992,nba smoy,Šarūnas Marčiulionis,marcisa01,27,21.0,21.0,96.0,0.219,False,NBA,Šarūnas Marčiulionis,27.0,GSW,SG,72.0,5.0,29.4,6.8,12.7,0.538,0.0,0.1,0.3,6.8,12.5,0.541,0.54,5.2,6.6,0.788,0.9,1.9,2.9,3.4,1.6,0.1,2.7,3.3,18.9
1992,nba smoy,Dan Majerle,majerda01,26,19.0,19.0,96.0,0.198,False,NBA,Dan Majerle,26.0,PHO,SF,82.0,15.0,34.8,6.7,14.1,0.478,1.1,2.8,0.382,5.7,11.3,0.502,0.516,2.8,3.7,0.756,1.8,4.1,5.9,3.3,1.6,0.5,1.2,1.9,17.3
1992,nba smoy,Tyrone Corbin,corbity01,29,1.0,1.0,96.0,0.01,False,NBA,Tyrone Corbin,29.0,2TM,SF,80.0,9.0,27.6,3.8,7.9,0.481,0.0,0.1,0.0,3.8,7.8,0.484,0.481,2.2,2.5,0.866,2.0,3.9,5.9,1.8,1.0,0.3,1.2,2.4,9.8
1992,nba smoy,John Starks,starkjo01,26,1.0,1.0,96.0,0.01,False,NBA,John Starks,26.0,NYK,SG,82.0,0.0,25.8,4.9,11.0,0.449,1.1,3.3,0.348,3.8,7.7,0.492,0.501,2.9,3.7,0.778,0.5,1.8,2.3,3.4,1.3,0.2,1.8,2.8,13.9
1991,nba dpoy,Dennis Rodman,rodmade01,29,51.0,51.0,96.0,0.531,True,NBA,Dennis Rodman,29.0,DET,SF,82.0,77.0,33.5,3.4,6.8,0.493,0.1,0.4,0.2,3.3,6.5,0.509,0.498,1.4,2.1,0.631,4.4,8.1,12.5,1.0,0.8,0.7,1.1,3.4,8.2
1991,nba dpoy,David Robinson,robinda01,25,18.0,18.0,96.0,0.188,False,NBA,David Robinson,25.0,SAS,C,82.0,81.0,37.7,9.2,16.7,0.552,0.0,0.1,0.143,9.2,16.6,0.554,0.552,7.2,9.5,0.762,4.1,8.9,13.0,2.5,1.5,3.9,3.3,3.2,25.6
1991,nba dpoy,Alvin Robertson,roberal01,28,15.0,15.0,96.0,0.156,False,NBA,Alvin Robertson,28.0,MIL,SG,81.0,81.0,32.1,5.4,11.2,0.485,0.3,0.8,0.365,5.1,10.4,0.493,0.497,2.5,3.2,0.757,2.4,3.3,5.7,5.5,3.0,0.2,2.6,3.4,13.6
1991,nba dpoy,Joe Dumars,dumarjo01,27,3.0,3.0,96.0,0.031,False,NBA,Joe Dumars,27.0,DET,SG,80.0,80.0,38.1,7.8,16.2,0.481,0.2,0.6,0.311,7.6,15.6,0.488,0.487,4.6,5.2,0.89,0.8,1.6,2.3,5.5,1.1,0.1,2.4,1.7,20.4
1991,nba dpoy,Hakeem Olajuwon,olajuha01,28,2.0,2.0,96.0,0.021,False,NBA,Hakeem Olajuwon,28.0,HOU,C,56.0,50.0,36.8,8.7,17.1,0.508,0.0,0.1,0.0,8.7,17.1,0.51,0.508,3.8,4.9,0.769,3.9,9.8,13.8,2.3,2.2,3.9,3.1,3.9,21.2
1991,nba dpoy,Buck Williams,willibu01,30,2.0,2.0,96.0,0.021,False,NBA,Buck Williams,30.0,POR,PF,80.0,80.0,32.3,4.5,7.4,0.602,0.0,0.0,,4.5,7.4,0.602,0.602,2.7,3.9,0.705,2.8,6.6,9.4,1.2,0.6,0.6,1.7,3.1,11.7
1991,nba dpoy,Patrick Ewing,ewingpa01,28,1.0,1.0,96.0,0.01,False,NBA,Patrick Ewing,28.0,NYK,C,81.0,81.0,38.3,10.4,20.3,0.514,0.0,0.1,0.0,10.4,20.2,0.516,0.514,5.7,7.7,0.745,2.4,8.8,11.2,3.0,1.0,3.2,3.6,3.5,26.6
1991,nba dpoy,Derek Harper,harpede01,29,1.0,1.0,96.0,0.01,False,NBA,Derek Harper,29.0,DAL,PG,77.0,77.0,37.4,7.4,15.9,0.467,1.2,3.2,0.362,6.3,12.7,0.493,0.503,3.7,5.1,0.731,0.8,2.3,3.0,7.1,1.9,0.2,2.3,2.9,19.7
1991,nba dpoy,Michael Jordan,jordami01,27,1.0,1.0,96.0,0.01,False,NBA,Michael Jordan,27.0,CHI,SG,82.0,82.0,37.0,12.1,22.4,0.539,0.4,1.1,0.312,11.7,21.3,0.551,0.547,7.0,8.2,0.851,1.4,4.6,6.0,5.5,2.7,1.0,2.5,2.8,31.5
1991,nba dpoy,Scottie Pippen,pippesc01,25,1.0,1.0,96.0,0.01,False,NBA,Scottie Pippen,25.0,CHI,SF,82.0,82.0,36.8,7.3,14.1,0.52,0.3,0.8,0.309,7.1,13.2,0.534,0.529,2.9,4.1,0.706,2.0,5.3,7.3,6.2,2.4,1.1,2.8,3.3,17.8
1991,nba dpoy,John Stockton,stockjo01,28,1.0,1.0,96.0,0.01,False,NBA,John Stockton,28.0,UTA,PG,82.0,82.0,37.8,6.0,11.9,0.507,0.7,2.0,0.345,5.3,9.9,0.541,0.537,4.4,5.3,0.836,0.6,2.3,2.9,14.2,2.9,0.2,3.6,2.8,17.2
1991,nba mip,Scott Skiles,skilesc01,26,25.0,25.0,96.0,0.26,True,NBA,Scott Skiles,26.0,ORL,PG,79.0,66.0,34.4,5.8,13.2,0.445,1.2,2.9,0.408,4.7,10.3,0.455,0.489,4.3,4.8,0.902,0.7,2.7,3.4,8.4,1.1,0.1,3.2,2.4,17.2
1991,nba mip,Kevin Gamble,gamblke01,25,21.0,21.0,96.0,0.219,False,NBA,Kevin Gamble,25.0,BOS,SF,82.0,76.0,33.0,6.7,11.4,0.587,0.0,0.1,0.0,6.7,11.3,0.592,0.587,2.3,2.8,0.815,1.0,2.2,3.3,3.1,1.2,0.4,1.8,2.9,15.6
1991,nba mip,Kenny Smith,smithke01,25,20.0,20.0,96.0,0.208,False,NBA,Kenny Smith,25.0,HOU,PG,78.0,78.0,34.6,6.7,12.9,0.52,0.6,1.7,0.363,6.1,11.1,0.545,0.545,3.7,4.4,0.844,0.5,1.6,2.1,7.1,1.4,0.1,3.0,1.7,17.7
1991,nba mip,Harvey Grant,grantha01,25,12.0,12.0,96.0,0.125,False,NBA,Harvey Grant,25.0,WSB,PF,77.0,76.0,36.9,7.9,15.9,0.498,0.0,0.2,0.133,7.9,15.7,0.502,0.498,2.4,3.2,0.743,2.3,4.9,7.2,2.6,1.2,0.8,1.6,3.0,18.2
1991,nba mip,Tim Hardaway,hardati01,24,6.0,6.0,96.0,0.063,False,NBA,Tim Hardaway,24.0,GSW,PG,82.0,82.0,39.2,9.0,18.9,0.476,1.2,3.1,0.385,7.8,15.8,0.494,0.508,3.7,4.6,0.803,1.1,3.0,4.0,9.7,2.6,0.1,3.3,2.8,22.9
1991,nba mip,Sean Elliott,elliose01,22,3.0,3.0,96.0,0.031,False,NBA,Sean Elliott,22.0,SAS,SF,82.0,82.0,37.1,5.8,11.9,0.49,0.2,0.8,0.313,5.6,11.1,0.502,0.5,4.0,4.9,0.808,1.7,3.8,5.6,2.9,0.8,0.4,1.8,2.3,15.9
1991,nba mip,Shawn Kemp,kempsh01,21,2.0,2.0,96.0,0.021,False,NBA,Shawn Kemp,21.0,SEA,PF,81.0,66.0,30.1,5.7,11.2,0.508,0.0,0.1,0.167,5.7,11.1,0.513,0.509,3.6,5.4,0.661,3.3,5.1,8.4,1.8,1.0,1.5,2.5,3.9,15.0
1991,nba mip,Michael Adams,adamsmi01,28,1.0,1.0,96.0,0.01,False,NBA,Michael Adams,28.0,DEN,PG,66.0,66.0,35.5,8.5,21.5,0.394,2.5,8.5,0.296,6.0,13.0,0.459,0.453,7.0,8.0,0.879,0.9,3.0,3.9,10.5,2.2,0.1,3.6,2.5,26.5
1991,nba mip,Rex Chapman,chapmre01,23,1.0,1.0,96.0,0.01,False,NBA,Rex Chapman,23.0,CHH,PG,70.0,68.0,30.0,5.9,13.2,0.445,0.7,2.1,0.324,5.2,11.1,0.468,0.471,3.3,4.0,0.83,0.6,2.1,2.7,3.6,1.0,0.2,1.9,2.4,15.7
1991,nba mip,Derek Harper,harpede01,29,1.0,1.0,96.0,0.01,False,NBA,Derek Harper,29.0,DAL,PG,77.0,77.0,37.4,7.4,15.9,0.467,1.2,3.2,0.362,6.3,12.7,0.493,0.503,3.7,5.1,0.731,0.8,2.3,3.0,7.1,1.9,0.2,2.3,2.9,19.7
1991,nba mip,Bernard King,kingbe01,34,1.0,1.0,96.0,0.01,False,NBA,Bernard King,34.0,WSB,SF,64.0,64.0,37.5,11.1,23.6,0.472,0.1,0.6,0.216,11.0,23.0,0.478,0.475,6.0,7.6,0.79,1.8,3.2,5.0,4.6,0.9,0.3,4.0,2.9,28.4
1991,nba mip,Scottie Pippen,pippesc01,25,1.0,1.0,96.0,0.01,False,NBA,Scottie Pippen,25.0,CHI,SF,82.0,82.0,36.8,7.3,14.1,0.52,0.3,0.8,0.309,7.1,13.2,0.534,0.529,2.9,4.1,0.706,2.0,5.3,7.3,6.2,2.4,1.1,2.8,3.3,17.8
1991,nba mip,Larry Smith,smithla01,33,1.0,1.0,96.0,0.01,False,NBA,Larry Smith,33.0,HOU,PF,81.0,28.0,23.7,1.6,3.2,0.487,0.0,0.0,,1.6,3.2,0.487,0.487,0.1,0.6,0.24,3.7,5.0,8.8,1.1,1.0,0.3,1.1,3.3,3.3
1991,nba mip,Spud Webb,webbsp01,27,1.0,1.0,96.0,0.01,False,NBA,Spud Webb,27.0,ATL,PG,75.0,64.0,29.3,4.8,10.7,0.447,0.7,2.2,0.321,4.1,8.5,0.48,0.481,3.1,3.5,0.868,0.5,1.8,2.3,5.6,1.6,0.1,1.9,2.4,13.4
1991,nba mvp,Michael Jordan,jordami01,27,77.0,891.0,960.0,0.928,True,NBA,Michael Jordan,27.0,CHI,SG,82.0,82.0,37.0,12.1,22.4,0.539,0.4,1.1,0.312,11.7,21.3,0.551,0.547,7.0,8.2,0.851,1.4,4.6,6.0,5.5,2.7,1.0,2.5,2.8,31.5
1991,nba mvp,Magic Johnson,johnsma02,31,10.0,497.0,960.0,0.518,False,NBA,Magic Johnson,31.0,LAL,PG,79.0,79.0,37.1,5.9,12.4,0.477,1.0,3.2,0.32,4.9,9.2,0.532,0.518,6.6,7.3,0.906,1.3,5.6,7.0,12.5,1.3,0.2,4.0,1.9,19.4
1991,nba mvp,David Robinson,robinda01,25,6.0,476.0,960.0,0.496,False,NBA,David Robinson,25.0,SAS,C,82.0,81.0,37.7,9.2,16.7,0.552,0.0,0.1,0.143,9.2,16.6,0.554,0.552,7.2,9.5,0.762,4.1,8.9,13.0,2.5,1.5,3.9,3.3,3.2,25.6
1991,nba mvp,Charles Barkley,barklch01,27,2.0,222.0,960.0,0.231,False,NBA,Charles Barkley,27.0,PHI,SF,67.0,67.0,37.3,9.9,17.4,0.57,0.7,2.3,0.284,9.3,15.1,0.614,0.589,7.1,9.8,0.722,3.9,6.3,10.1,4.2,1.6,0.5,3.1,2.6,27.6
1991,nba mvp,Karl Malone,malonka01,27,0.0,142.0,960.0,0.148,False,NBA,Karl Malone,27.0,UTA,PF,82.0,82.0,40.3,10.3,19.6,0.527,0.0,0.2,0.286,10.3,19.4,0.529,0.528,8.3,10.8,0.77,2.9,8.9,11.8,3.3,1.1,1.0,3.0,3.3,29.0
1991,nba mvp,Clyde Drexler,drexlcl01,28,1.0,75.0,960.0,0.078,False,NBA,Clyde Drexler,28.0,POR,SG,82.0,82.0,34.8,7.9,16.3,0.482,0.7,2.3,0.319,7.1,14.0,0.509,0.505,5.1,6.4,0.794,2.6,4.1,6.7,6.0,1.8,0.7,2.8,2.8,21.5
1991,nba mvp,Kevin Johnson,johnske02,24,0.0,32.0,960.0,0.033,False,NBA,Kevin Johnson,24.0,PHO,PG,77.0,76.0,36.0,7.7,14.9,0.516,0.1,0.6,0.205,7.6,14.3,0.529,0.52,6.7,8.0,0.843,0.7,2.8,3.5,10.1,2.1,0.1,3.5,2.3,22.2
1991,nba mvp,Dominique Wilkins,wilkido01,31,0.0,29.0,960.0,0.03,False,NBA,Dominique Wilkins,31.0,ATL,SF,81.0,81.0,38.0,9.5,20.2,0.47,1.0,3.1,0.341,8.5,17.2,0.492,0.495,5.9,7.1,0.829,3.2,5.8,9.0,3.3,1.5,0.8,2.5,1.9,25.9
1991,nba mvp,Larry Bird,birdla01,34,0.0,25.0,960.0,0.026,False,NBA,Larry Bird,34.0,BOS,SF,60.0,60.0,38.0,7.7,17.0,0.454,1.3,3.3,0.389,6.4,13.7,0.47,0.492,2.7,3.1,0.891,0.9,7.6,8.5,7.2,1.8,1.0,3.1,2.0,19.4
1991,nba mvp,Terry Porter,portete01,27,0.0,25.0,960.0,0.026,False,NBA,Terry Porter,27.0,POR,PG,81.0,81.0,32.9,6.0,11.7,0.515,1.6,3.9,0.415,4.4,7.8,0.564,0.584,3.4,4.2,0.823,0.6,2.8,3.5,8.0,2.0,0.1,2.3,1.9,17.0
1991,nba mvp,Patrick Ewing,ewingpa01,28,0.0,20.0,960.0,0.021,False,NBA,Patrick Ewing,28.0,NYK,C,81.0,81.0,38.3,10.4,20.3,0.514,0.0,0.1,0.0,10.4,20.2,0.516,0.514,5.7,7.7,0.745,2.4,8.8,11.2,3.0,1.0,3.2,3.6,3.5,26.6
1991,nba mvp,John Stockton,stockjo01,28,0.0,15.0,960.0,0.016,False,NBA,John Stockton,28.0,UTA,PG,82.0,82.0,37.8,6.0,11.9,0.507,0.7,2.0,0.345,5.3,9.9,0.541,0.537,4.4,5.3,0.836,0.6,2.3,2.9,14.2,2.9,0.2,3.6,2.8,17.2
1991,nba mvp,Isiah Thomas,thomais01,29,0.0,11.0,960.0,0.011,False,NBA,Isiah Thomas,29.0,DET,PG,48.0,46.0,34.5,6.0,13.9,0.435,0.4,1.4,0.292,5.6,12.5,0.45,0.449,3.7,4.8,0.782,0.7,2.6,3.3,9.3,1.6,0.2,3.9,2.5,16.2
1991,nba mvp,Robert Parish,parisro01,37,0.0,10.0,960.0,0.01,False,NBA,Robert Parish,37.0,BOS,C,81.0,81.0,30.1,6.0,10.0,0.598,0.0,0.0,0.0,6.0,10.0,0.599,0.598,2.9,3.8,0.767,3.3,7.2,10.6,0.8,0.8,1.3,1.9,2.4,14.9
1991,nba mvp,Joe Dumars,dumarjo01,27,0.0,8.0,960.0,0.008,False,NBA,Joe Dumars,27.0,DET,SG,80.0,80.0,38.1,7.8,16.2,0.481,0.2,0.6,0.311,7.6,15.6,0.488,0.487,4.6,5.2,0.89,0.8,1.6,2.3,5.5,1.1,0.1,2.4,1.7,20.4
1991,nba mvp,Bernard King,kingbe01,34,0.0,7.0,960.0,0.007,False,NBA,Bernard King,34.0,WSB,SF,64.0,64.0,37.5,11.1,23.6,0.472,0.1,0.6,0.216,11.0,23.0,0.478,0.475,6.0,7.6,0.79,1.8,3.2,5.0,4.6,0.9,0.3,4.0,2.9,28.4
1991,nba mvp,Kenny Smith,smithke01,25,0.0,5.0,960.0,0.005,False,NBA,Kenny Smith,25.0,HOU,PG,78.0,78.0,34.6,6.7,12.9,0.52,0.6,1.7,0.363,6.1,11.1,0.545,0.545,3.7,4.4,0.844,0.5,1.6,2.1,7.1,1.4,0.1,3.0,1.7,17.7
1991,nba mvp,Hakeem Olajuwon,olajuha01,28,0.0,4.0,960.0,0.004,False,NBA,Hakeem Olajuwon,28.0,HOU,C,56.0,50.0,36.8,8.7,17.1,0.508,0.0,0.1,0.0,8.7,17.1,0.51,0.508,3.8,4.9,0.769,3.9,9.8,13.8,2.3,2.2,3.9,3.1,3.9,21.2
1991,nba mvp,Tim Hardaway,hardati01,24,0.0,1.0,960.0,0.001,False,NBA,Tim Hardaway,24.0,GSW,PG,82.0,82.0,39.2,9.0,18.9,0.476,1.2,3.1,0.385,7.8,15.8,0.494,0.508,3.7,4.6,0.803,1.1,3.0,4.0,9.7,2.6,0.1,3.3,2.8,22.9
1991,nba mvp,Kevin McHale,mchalke01,33,0.0,1.0,960.0,0.001,False,NBA,Kevin McHale,33.0,BOS,PF,68.0,10.0,30.4,7.4,13.4,0.553,0.2,0.5,0.405,7.2,12.9,0.559,0.561,3.4,4.0,0.829,2.1,4.9,7.1,1.9,0.4,2.1,2.1,2.9,18.4
1991,nba roy,Derrick Coleman,colemde01,23,69.0,69.0,96.0,0.719,True,NBA,Derrick Coleman,23.0,NJN,PF,74.0,68.0,35.2,6.9,14.9,0.467,0.2,0.5,0.342,6.8,14.4,0.472,0.473,4.4,6.0,0.731,3.6,6.6,10.3,2.2,1.0,1.3,2.9,2.9,18.4
1991,nba roy,Lionel Simmons,simmoli01,22,22.0,22.0,96.0,0.229,False,NBA,Lionel Simmons,22.0,SAC,SF,79.0,79.0,37.7,6.9,16.5,0.422,0.0,0.1,0.273,6.9,16.3,0.423,0.423,4.1,5.5,0.736,2.4,6.4,8.8,4.0,1.4,1.1,2.9,3.2,18.0
1991,nba roy,Dennis Scott,scottde01,22,3.0,3.0,96.0,0.031,False,NBA,Dennis Scott,22.0,ORL,SG,82.0,73.0,28.5,6.1,14.4,0.425,1.5,4.1,0.374,4.6,10.4,0.445,0.478,1.9,2.5,0.75,0.8,2.1,2.9,1.6,0.8,0.3,1.5,2.5,15.7
1991,nba roy,Dee Brown,brownde01,22,2.0,2.0,96.0,0.021,False,NBA,Dee Brown,22.0,BOS,PG,82.0,5.0,23.7,3.5,7.5,0.464,0.1,0.4,0.206,3.4,7.0,0.479,0.47,1.7,1.9,0.873,0.5,1.7,2.2,4.2,1.0,0.2,1.7,2.0,8.7
1991,nba smoy,Detlef Schrempf,schrede01,28,38.0,38.0,96.0,0.396,True,NBA,Detlef Schrempf,28.0,IND,PF,82.0,3.0,32.1,5.3,10.1,0.52,0.2,0.5,0.375,5.1,9.6,0.527,0.529,5.4,6.6,0.818,2.2,5.9,8.0,3.7,0.7,0.3,2.1,3.2,16.1
1991,nba smoy,Dan Majerle,majerda01,25,37.0,37.0,96.0,0.385,False,NBA,Dan Majerle,25.0,PHO,SF,77.0,7.0,29.6,5.2,10.7,0.484,0.4,1.1,0.349,4.8,9.5,0.499,0.502,2.9,3.9,0.762,2.2,3.2,5.4,2.8,1.4,0.5,1.5,2.1,13.6
1991,nba smoy,Kevin McHale,mchalke01,33,8.0,8.0,96.0,0.083,False,NBA,Kevin McHale,33.0,BOS,PF,68.0,10.0,30.4,7.4,13.4,0.553,0.2,0.5,0.405,7.2,12.9,0.559,0.561,3.4,4.0,0.829,2.1,4.9,7.1,1.9,0.4,2.1,2.1,2.9,18.4
1991,nba smoy,Ricky Pierce,piercri01,31,6.0,6.0,96.0,0.063,False,NBA,Ricky Pierce,31.0,2TM,SG,78.0,2.0,27.8,7.2,14.8,0.485,0.6,1.5,0.397,6.6,13.3,0.495,0.505,5.5,6.0,0.913,0.9,1.6,2.4,2.2,0.8,0.2,1.9,2.2,20.5
1991,nba smoy,Danny Ainge,aingeda01,31,3.0,3.0,96.0,0.031,False,NBA,Danny Ainge,31.0,POR,SG,80.0,0.0,21.4,4.2,8.9,0.472,1.3,3.1,0.406,2.9,5.8,0.508,0.543,1.4,1.7,0.826,0.6,2.0,2.6,3.6,0.8,0.2,1.3,2.4,11.1
1991,nba smoy,Thurl Bailey,baileth01,29,1.0,1.0,96.0,0.01,False,NBA,Thurl Bailey,29.0,UTA,PF,82.0,22.0,30.3,4.9,10.6,0.458,0.0,0.0,0.0,4.9,10.6,0.459,0.458,2.7,3.3,0.808,1.2,3.7,5.0,1.5,0.6,1.1,1.6,2.0,12.4
1991,nba smoy,Moses Malone,malonmo01,35,1.0,1.0,96.0,0.01,False,NBA,Moses Malone,35.0,ATL,C,82.0,15.0,23.3,3.4,7.3,0.468,0.0,0.1,0.0,3.4,7.2,0.474,0.468,3.8,4.5,0.831,3.3,4.8,8.1,0.8,0.4,0.9,1.7,1.6,10.6
1991,nba smoy,Jerry Reynolds,reynoje01,28,1.0,1.0,96.0,0.01,False,NBA,Jerry Reynolds,28.0,ORL,SG,80.0,9.0,23.0,4.3,9.9,0.434,0.1,0.4,0.294,4.2,9.5,0.44,0.44,4.2,5.2,0.802,1.1,2.6,3.7,2.5,1.2,0.7,2.2,1.5,12.9
1991,nba smoy,Larry Smith,smithla01,33,1.0,1.0,96.0,0.01,False,NBA,Larry Smith,33.0,HOU,PF,81.0,28.0,23.7,1.6,3.2,0.487,0.0,0.0,,1.6,3.2,0.487,0.487,0.1,0.6,0.24,3.7,5.0,8.8,1.1,1.0,0.3,1.1,3.3,3.3
1990,nba dpoy,Dennis Rodman,rodmade01,28,49.0,49.0,92.0,0.533,True,NBA,Dennis Rodman,28.0,DET,SF,82.0,43.0,29.0,3.5,6.0,0.581,0.0,0.1,0.111,3.5,5.9,0.589,0.582,1.7,2.6,0.654,4.1,5.6,9.7,0.9,0.6,0.7,1.1,3.4,8.8
1990,nba dpoy,Hakeem Olajuwon,olajuha01,27,35.0,35.0,92.0,0.38,False,NBA,Hakeem Olajuwon,27.0,HOU,C,82.0,82.0,38.1,9.8,19.6,0.501,0.0,0.1,0.167,9.8,19.5,0.502,0.501,4.7,6.5,0.713,3.6,10.4,14.0,2.9,2.1,4.6,3.9,3.8,24.3
1990,nba dpoy,Joe Dumars,dumarjo01,26,2.0,2.0,92.0,0.022,False,NBA,Joe Dumars,26.0,DET,SG,75.0,71.0,34.4,6.8,14.1,0.48,0.3,0.7,0.4,6.5,13.4,0.485,0.491,4.0,4.4,0.9,0.8,2.0,2.8,4.9,0.8,0.0,1.9,1.7,17.8
1990,nba dpoy,Derek Harper,harpede01,28,2.0,2.0,92.0,0.022,False,NBA,Derek Harper,28.0,DAL,PG,82.0,82.0,36.7,6.9,14.2,0.488,1.1,2.9,0.371,5.8,11.2,0.519,0.527,3.0,3.8,0.794,0.7,2.3,3.0,7.4,2.3,0.3,2.5,2.7,18.0
1990,nba dpoy,Mark Eaton,eatonma01,33,1.0,1.0,92.0,0.011,False,NBA,Mark Eaton,33.0,UTA,C,82.0,82.0,27.8,1.9,3.7,0.527,0.0,0.0,,1.9,3.7,0.527,0.527,1.0,1.4,0.669,2.1,5.2,7.3,0.5,0.4,2.5,0.9,2.9,4.8
1990,nba dpoy,Patrick Ewing,ewingpa01,27,1.0,1.0,92.0,0.011,False,NBA,Patrick Ewing,27.0,NYK,C,82.0,82.0,38.6,11.2,20.4,0.551,0.0,0.0,0.25,11.2,20.4,0.552,0.551,6.1,7.9,0.775,2.9,8.0,10.9,2.2,1.0,4.0,3.4,4.0,28.6
1990,nba dpoy,Michael Jordan,jordami01,26,1.0,1.0,92.0,0.011,False,NBA,Michael Jordan,26.0,CHI,SG,82.0,82.0,39.0,12.6,24.0,0.526,1.1,3.0,0.376,11.5,21.0,0.548,0.55,7.2,8.5,0.848,1.7,5.1,6.9,6.3,2.8,0.7,3.0,2.9,33.6
1990,nba dpoy,Alvin Robertson,roberal01,27,1.0,1.0,92.0,0.011,False,NBA,Alvin Robertson,27.0,MIL,SG,81.0,81.0,32.1,5.9,11.7,0.503,0.0,0.3,0.154,5.8,11.4,0.513,0.505,2.4,3.3,0.741,2.8,4.1,6.9,5.5,2.6,0.2,2.7,3.5,14.2
1990,nba mip,Rony Seikaly,seikaro01,24,37.0,37.0,92.0,0.402,True,NBA,Rony Seikaly,24.0,MIA,C,74.0,72.0,32.6,6.6,13.1,0.502,0.0,0.0,0.0,6.6,13.1,0.503,0.502,3.5,5.8,0.594,3.4,6.9,10.4,1.1,1.1,1.7,3.2,3.5,16.6
1990,nba mip,Reggie Miller,millere01,24,30.0,30.0,92.0,0.326,False,NBA,Reggie Miller,24.0,IND,SG,82.0,82.0,38.9,8.1,15.7,0.514,1.8,4.4,0.414,6.2,11.3,0.552,0.572,6.6,7.6,0.868,1.2,2.4,3.6,3.8,1.3,0.2,2.7,2.1,24.6
1990,nba mip,Tony Campbell,campbto01,27,13.0,13.0,92.0,0.141,False,NBA,Tony Campbell,27.0,MIN,SG,82.0,81.0,38.6,8.8,19.3,0.457,0.1,0.7,0.167,8.7,18.6,0.468,0.46,5.5,6.9,0.787,2.5,3.0,5.5,2.6,1.4,0.4,3.1,3.2,23.2
1990,nba mip,Jeff Hornacek,hornaje01,26,4.0,4.0,92.0,0.043,False,NBA,Jeff Hornacek,26.0,PHO,SG,67.0,60.0,34.0,7.2,13.4,0.536,0.6,1.5,0.408,6.6,12.0,0.552,0.558,2.6,3.0,0.856,1.3,3.4,4.7,5.0,1.7,0.2,1.9,2.1,17.6
1990,nba mip,Hersey Hawkins,hawkihe01,23,3.0,3.0,92.0,0.033,False,NBA,Hersey Hawkins,23.0,PHI,SG,82.0,82.0,34.8,6.4,13.9,0.46,1.0,2.4,0.42,5.3,11.4,0.468,0.496,4.7,5.3,0.888,1.0,2.7,3.7,3.2,1.6,0.3,2.3,2.6,18.5
1990,nba mip,Scottie Pippen,pippesc01,24,1.0,1.0,92.0,0.011,False,NBA,Scottie Pippen,24.0,CHI,SF,82.0,82.0,38.4,6.9,14.0,0.489,0.3,1.4,0.25,6.5,12.7,0.514,0.501,2.4,3.6,0.675,1.8,4.8,6.7,5.4,2.6,1.2,3.4,3.6,16.5
1990,nba mip,Detlef Schrempf,schrede01,27,1.0,1.0,92.0,0.011,False,NBA,Detlef Schrempf,27.0,IND,PF,78.0,18.0,33.0,5.4,10.5,0.516,0.2,0.6,0.354,5.2,9.9,0.526,0.526,5.2,6.3,0.82,1.9,6.0,7.9,3.2,0.8,0.2,2.3,3.5,16.2
1990,nba mip,Derek Smith,smithde02,28,1.0,1.0,92.0,0.011,False,NBA,Derek Smith,28.0,PHI,SF,75.0,7.0,18.7,3.5,6.9,0.508,0.2,0.5,0.444,3.3,6.4,0.513,0.523,1.7,2.5,0.699,0.8,1.5,2.3,1.5,0.5,0.3,1.1,2.6,8.9
1990,nba mip,Roy Tarpley,tarplro01,25,1.0,1.0,92.0,0.011,False,NBA,Roy Tarpley,25.0,DAL,PF,45.0,35.0,36.6,7.0,15.5,0.451,0.0,0.1,0.0,7.0,15.3,0.455,0.451,2.9,3.8,0.756,4.2,8.9,13.1,1.5,1.8,1.6,2.6,3.6,16.8
1990,nba mip,Mark West,westma01,29,1.0,1.0,92.0,0.011,False,NBA,Mark West,29.0,PHO,C,82.0,79.0,29.3,4.0,6.5,0.625,0.0,0.0,,4.0,6.5,0.625,0.625,2.4,3.5,0.691,2.6,6.3,8.9,0.5,0.4,2.2,1.5,3.4,10.5
1990,nba mvp,Magic Johnson,johnsma02,30,27.0,636.0,920.0,0.691,True,NBA,Magic Johnson,30.0,LAL,PG,79.0,79.0,37.2,6.9,14.4,0.48,1.3,3.5,0.384,5.6,10.9,0.51,0.526,7.2,8.1,0.89,1.6,5.0,6.6,11.5,1.7,0.4,3.7,2.1,22.3
1990,nba mvp,Charles Barkley,barklch01,26,38.0,614.0,920.0,0.667,False,NBA,Charles Barkley,26.0,PHI,SF,79.0,79.0,39.1,8.9,14.9,0.6,0.3,1.2,0.217,8.7,13.7,0.632,0.608,7.1,9.4,0.749,4.6,6.9,11.5,3.9,1.9,0.6,3.1,3.2,25.2
1990,nba mvp,Michael Jordan,jordami01,26,21.0,564.0,920.0,0.613,False,NBA,Michael Jordan,26.0,CHI,SG,82.0,82.0,39.0,12.6,24.0,0.526,1.1,3.0,0.376,11.5,21.0,0.548,0.55,7.2,8.5,0.848,1.7,5.1,6.9,6.3,2.8,0.7,3.0,2.9,33.6
1990,nba mvp,Karl Malone,malonka01,26,2.0,214.0,920.0,0.233,False,NBA,Karl Malone,26.0,UTA,PF,82.0,82.0,38.1,11.1,19.8,0.562,0.2,0.5,0.372,11.0,19.3,0.567,0.567,8.5,11.1,0.762,2.8,8.3,11.1,2.8,1.5,0.6,3.7,3.2,31.0
1990,nba mvp,Patrick Ewing,ewingpa01,27,1.0,162.0,920.0,0.176,False,NBA,Patrick Ewing,27.0,NYK,C,82.0,82.0,38.6,11.2,20.4,0.551,0.0,0.0,0.25,11.2,20.4,0.552,0.551,6.1,7.9,0.775,2.9,8.0,10.9,2.2,1.0,4.0,3.4,4.0,28.6
1990,nba mvp,David Robinson,robinda01,24,2.0,102.0,920.0,0.111,False,NBA,David Robinson,24.0,SAS,C,82.0,81.0,36.6,8.4,15.9,0.531,0.0,0.0,0.0,8.4,15.8,0.532,0.531,7.5,10.2,0.732,3.7,8.3,12.0,2.0,1.7,3.9,3.1,3.2,24.3
1990,nba mvp,Hakeem Olajuwon,olajuha01,27,1.0,64.0,920.0,0.07,False,NBA,Hakeem Olajuwon,27.0,HOU,C,82.0,82.0,38.1,9.8,19.6,0.501,0.0,0.1,0.167,9.8,19.5,0.502,0.501,4.7,6.5,0.713,3.6,10.4,14.0,2.9,2.1,4.6,3.9,3.8,24.3
1990,nba mvp,Tom Chambers,chambto01,30,0.0,12.0,920.0,0.013,False,NBA,Tom Chambers,30.0,PHO,PF,81.0,81.0,37.6,10.0,20.0,0.501,0.3,1.1,0.279,9.7,18.9,0.513,0.508,6.9,8.0,0.861,1.5,5.6,7.0,2.3,1.1,0.6,2.7,3.2,27.2
1990,nba mvp,John Stockton,stockjo01,27,0.0,9.0,920.0,0.01,False,NBA,John Stockton,27.0,UTA,PG,78.0,78.0,37.4,6.1,11.8,0.514,0.6,1.4,0.416,5.4,10.3,0.528,0.54,4.5,5.5,0.819,0.7,1.9,2.6,14.5,2.7,0.2,3.5,3.0,17.2
1990,nba mvp,Larry Bird,birdla01,33,0.0,5.0,920.0,0.005,False,NBA,Larry Bird,33.0,BOS,SF,75.0,75.0,39.3,9.6,20.2,0.473,0.9,2.6,0.333,8.7,17.6,0.494,0.495,4.3,4.6,0.93,1.2,8.3,9.5,7.5,1.4,0.8,3.2,2.3,24.3
1990,nba mvp,Buck Williams,willibu01,29,0.0,5.0,920.0,0.005,False,NBA,Buck Williams,29.0,POR,PF,82.0,82.0,34.2,5.0,9.2,0.548,0.0,0.0,0.0,5.0,9.2,0.548,0.548,3.5,5.0,0.706,3.0,6.7,9.8,1.4,0.8,0.5,2.0,3.5,13.6
1990,nba mvp,Clyde Drexler,drexlcl01,27,0.0,3.0,920.0,0.003,False,NBA,Clyde Drexler,27.0,POR,SG,73.0,73.0,36.8,9.2,18.6,0.494,0.4,1.5,0.283,8.8,17.1,0.512,0.505,4.6,5.9,0.774,2.8,4.1,6.9,5.9,2.0,0.7,2.6,3.0,23.3
1990,nba mvp,Joe Dumars,dumarjo01,26,0.0,1.0,920.0,0.001,False,NBA,Joe Dumars,26.0,DET,SG,75.0,71.0,34.4,6.8,14.1,0.48,0.3,0.7,0.4,6.5,13.4,0.485,0.491,4.0,4.4,0.9,0.8,2.0,2.8,4.9,0.8,0.0,1.9,1.7,17.8
1990,nba mvp,Isiah Thomas,thomais01,28,0.0,1.0,920.0,0.001,False,NBA,Isiah Thomas,28.0,DET,PG,81.0,81.0,37.0,7.1,16.3,0.438,0.5,1.7,0.309,6.6,14.6,0.453,0.454,3.6,4.7,0.775,0.9,2.9,3.8,9.4,1.7,0.2,4.0,2.5,18.4
1990,nba roy,David Robinson,robinda01,24,92.0,92.0,92.0,1.0,True,NBA,David Robinson,24.0,SAS,C,82.0,81.0,36.6,8.4,15.9,0.531,0.0,0.0,0.0,8.4,15.8,0.532,0.531,7.5,10.2,0.732,3.7,8.3,12.0,2.0,1.7,3.9,3.1,3.2,24.3
1990,nba smoy,Ricky Pierce,piercri01,30,77.0,77.0,92.0,0.837,True,NBA,Ricky Pierce,30.0,MIL,SG,59.0,0.0,29.0,8.5,16.7,0.51,0.8,2.3,0.346,7.7,14.5,0.535,0.533,5.2,6.2,0.839,1.1,1.7,2.8,2.3,0.8,0.1,2.2,2.7,23.0
1990,nba smoy,Detlef Schrempf,schrede01,27,8.0,8.0,92.0,0.087,False,NBA,Detlef Schrempf,27.0,IND,PF,78.0,18.0,33.0,5.4,10.5,0.516,0.2,0.6,0.354,5.2,9.9,0.526,0.526,5.2,6.3,0.82,1.9,6.0,7.9,3.2,0.8,0.2,2.3,3.5,16.2
1990,nba smoy,Eddie Johnson,johnsed03,30,2.0,2.0,92.0,0.022,False,NBA,Eddie Johnson,30.0,PHO,SF,64.0,4.0,28.3,6.4,14.2,0.453,1.1,2.9,0.38,5.3,11.3,0.472,0.492,2.9,3.2,0.917,1.1,2.8,3.8,1.7,0.5,0.2,1.7,2.7,16.9
1990,nba smoy,John Williams,willijo02,23,2.0,2.0,92.0,0.022,False,NBA,John Williams,23.0,WSB,SF,18.0,18.0,35.1,7.2,15.2,0.474,0.1,1.0,0.111,7.1,14.2,0.5,0.478,3.6,4.7,0.774,1.5,6.1,7.6,4.7,1.2,0.5,2.4,1.8,18.2
1990,nba smoy,Orlando Woolridge,woolror01,30,2.0,2.0,92.0,0.022,False,NBA,Orlando Woolridge,30.0,LAL,SF,62.0,2.0,22.9,4.9,8.9,0.556,0.0,0.1,0.0,4.9,8.8,0.561,0.556,2.8,3.9,0.733,0.8,2.2,3.0,1.5,0.6,0.7,1.2,2.6,12.7
1990,nba smoy,Antoine Carr,carran01,28,1.0,1.0,92.0,0.011,False,NBA,Antoine Carr,28.0,2TM,PF,77.0,4.0,22.4,4.6,9.4,0.494,0.0,0.1,0.0,4.6,9.3,0.499,0.494,3.1,3.9,0.795,1.5,2.7,4.2,1.5,0.4,0.9,1.6,3.2,12.3
1989,nba dpoy,Mark Eaton,eatonma01,32,26.0,26.0,85.0,0.306,True,NBA,Mark Eaton,32.0,UTA,C,82.0,82.0,35.5,2.3,5.0,0.462,0.0,0.0,,2.3,5.0,0.462,0.462,1.6,2.4,0.66,2.8,7.5,10.3,1.0,0.5,3.8,1.7,3.5,6.2
1989,nba dpoy,Hakeem Olajuwon,olajuha01,26,25.0,25.0,85.0,0.294,False,NBA,Hakeem Olajuwon,26.0,HOU,C,82.0,82.0,36.9,9.6,19.0,0.508,0.0,0.1,0.0,9.6,18.9,0.511,0.508,5.5,8.0,0.696,4.1,9.4,13.5,1.8,2.6,3.4,3.4,4.0,24.8
1989,nba dpoy,Dennis Rodman,rodmade01,27,23.0,23.0,85.0,0.271,False,NBA,Dennis Rodman,27.0,DET,SF,82.0,8.0,26.9,3.9,6.5,0.595,0.1,0.3,0.231,3.8,6.2,0.614,0.601,1.2,1.9,0.626,4.0,5.4,9.4,1.2,0.7,0.9,1.5,3.6,9.0
1989,nba dpoy,Manute Bol,bolma01,26,4.0,4.0,85.0,0.047,False,NBA,Manute Bol,26.0,GSW,C,80.0,4.0,22.1,1.6,4.3,0.369,0.3,1.1,0.22,1.3,3.2,0.423,0.398,0.5,0.8,0.606,1.5,4.3,5.8,0.3,0.1,4.3,1.0,2.8,3.9
1989,nba dpoy,Michael Jordan,jordami01,25,3.0,3.0,85.0,0.035,False,NBA,Michael Jordan,25.0,CHI,SG,81.0,81.0,40.2,11.9,22.2,0.538,0.3,1.2,0.276,11.6,21.0,0.553,0.546,8.3,9.8,0.85,1.8,6.2,8.0,8.0,2.9,0.8,3.6,3.0,32.5
1989,nba dpoy,Patrick Ewing,ewingpa01,26,2.0,2.0,85.0,0.024,False,NBA,Patrick Ewing,26.0,NYK,C,80.0,80.0,36.2,9.1,16.0,0.567,0.0,0.1,0.0,9.1,16.0,0.57,0.567,4.5,6.1,0.746,2.7,6.6,9.3,2.4,1.5,3.5,3.3,3.9,22.7
1989,nba dpoy,Fat Lever,leverfa01,28,1.0,1.0,85.0,0.012,False,NBA,Fat Lever,28.0,DEN,SG,71.0,71.0,38.7,7.9,17.2,0.457,0.3,0.9,0.348,7.5,16.3,0.463,0.466,3.8,4.8,0.785,2.6,6.7,9.3,7.9,2.7,0.3,2.2,2.5,19.8
1989,nba dpoy,Buck Williams,willibu01,28,1.0,1.0,85.0,0.012,False,NBA,Buck Williams,28.0,NJN,PF,74.0,72.0,33.1,5.0,9.5,0.531,0.0,0.0,0.0,5.0,9.4,0.534,0.531,2.9,4.3,0.666,3.4,6.0,9.4,1.1,0.8,0.5,1.9,3.0,13.0
1989,nba mip,Kevin Johnson,johnske02,22,48.0,48.0,85.0,0.565,True,NBA,Kevin Johnson,22.0,PHO,PG,81.0,81.0,39.2,7.0,13.9,0.505,0.0,0.3,0.091,7.0,13.7,0.514,0.506,6.3,7.1,0.882,0.6,3.6,4.2,12.2,1.7,0.3,4.0,2.8,20.4
1989,nba mip,Reggie Lewis,lewisre01,23,14.0,14.0,85.0,0.165,False,NBA,Reggie Lewis,23.0,BOS,SF,81.0,57.0,32.8,7.5,15.3,0.486,0.0,0.3,0.136,7.4,15.1,0.493,0.488,3.5,4.5,0.787,1.4,3.2,4.7,2.7,1.5,0.9,1.8,3.2,18.5
1989,nba mip,Chris Mullin,mullich01,25,12.0,12.0,85.0,0.141,False,NBA,Chris Mullin,25.0,GSW,SF,82.0,82.0,37.7,10.1,19.9,0.509,0.3,1.2,0.23,9.8,18.7,0.527,0.516,6.0,6.7,0.892,1.9,4.0,5.9,5.1,2.1,0.5,3.6,2.2,26.5
1989,nba mip,Ron Anderson,anderro01,30,2.0,2.0,85.0,0.024,False,NBA,Ron Anderson,30.0,PHI,SF,82.0,12.0,31.9,6.9,14.0,0.491,0.0,0.1,0.182,6.9,13.9,0.494,0.492,2.4,2.8,0.856,2.0,2.9,5.0,1.7,0.9,0.3,1.5,2.0,16.2
1989,nba mip,Ken Norman,normake01,24,2.0,2.0,85.0,0.024,False,NBA,Ken Norman,24.0,LAC,SF,80.0,79.0,37.8,8.0,15.9,0.502,0.1,0.3,0.19,7.9,15.6,0.507,0.504,2.1,3.4,0.63,3.1,5.3,8.3,3.5,1.3,0.8,2.6,2.8,18.1
1989,nba mip,Kelly Tripucka,tripuke01,29,2.0,2.0,85.0,0.024,False,NBA,Kelly Tripucka,29.0,CHH,SF,71.0,65.0,32.4,8.0,17.1,0.467,0.4,1.2,0.357,7.6,15.9,0.476,0.48,6.2,7.2,0.866,1.1,2.6,3.8,3.2,1.2,0.2,3.3,2.8,22.6
1989,nba mip,Patrick Ewing,ewingpa01,26,1.0,1.0,85.0,0.012,False,NBA,Patrick Ewing,26.0,NYK,C,80.0,80.0,36.2,9.1,16.0,0.567,0.0,0.1,0.0,9.1,16.0,0.57,0.567,4.5,6.1,0.746,2.7,6.6,9.3,2.4,1.5,3.5,3.3,3.9,22.7
1989,nba mip,Larry Krystkowiak,krystla01,24,1.0,1.0,85.0,0.012,False,NBA,Larry Krystkowiak,24.0,MIL,PF,80.0,77.0,30.9,4.5,9.6,0.473,0.1,0.2,0.333,4.5,9.4,0.475,0.475,3.6,4.4,0.823,2.5,5.2,7.6,1.3,1.2,0.1,1.8,2.7,12.7
1989,nba mip,Derrick McKey,mckeyde01,22,1.0,1.0,85.0,0.012,False,NBA,Derrick McKey,22.0,SEA,SF,82.0,82.0,34.2,5.9,11.8,0.502,0.4,1.1,0.337,5.6,10.7,0.519,0.518,3.7,4.6,0.803,2.0,3.6,5.7,2.7,1.3,0.9,2.3,3.2,15.9
1989,nba mip,Scottie Pippen,pippesc01,23,1.0,1.0,85.0,0.012,False,NBA,Scottie Pippen,23.0,CHI,SF,73.0,56.0,33.1,5.7,11.9,0.476,0.3,1.1,0.273,5.4,10.8,0.496,0.488,2.8,4.1,0.668,1.9,4.2,6.1,3.5,1.9,0.8,2.7,3.6,14.4
1989,nba mip,Dennis Rodman,rodmade01,27,1.0,1.0,85.0,0.012,False,NBA,Dennis Rodman,27.0,DET,SF,82.0,8.0,26.9,3.9,6.5,0.595,0.1,0.3,0.231,3.8,6.2,0.614,0.601,1.2,1.9,0.626,4.0,5.4,9.4,1.2,0.7,0.9,1.5,3.6,9.0
1989,nba mvp,Magic Johnson,johnsma02,29,42.5,664.5,850.0,0.782,True,NBA,Magic Johnson,29.0,LAL,PG,77.0,77.0,37.5,7.5,14.8,0.509,0.8,2.4,0.314,6.8,12.3,0.548,0.535,6.7,7.3,0.911,1.4,6.4,7.9,12.8,1.8,0.3,4.1,2.2,22.5
1989,nba mvp,Michael Jordan,jordami01,25,27.5,598.8,850.0,0.704,False,NBA,Michael Jordan,25.0,CHI,SG,81.0,81.0,40.2,11.9,22.2,0.538,0.3,1.2,0.276,11.6,21.0,0.553,0.546,8.3,9.8,0.85,1.8,6.2,8.0,8.0,2.9,0.8,3.6,3.0,32.5
1989,nba mvp,Karl Malone,malonka01,25,5.0,362.0,850.0,0.426,False,NBA,Karl Malone,25.0,UTA,PF,80.0,80.0,39.1,10.1,19.5,0.519,0.1,0.2,0.313,10.1,19.3,0.521,0.521,8.8,11.5,0.766,3.2,7.4,10.7,2.7,1.8,0.9,3.6,3.6,29.1
1989,nba mvp,Patrick Ewing,ewingpa01,26,8.0,200.0,850.0,0.235,False,NBA,Patrick Ewing,26.0,NYK,C,80.0,80.0,36.2,9.1,16.0,0.567,0.0,0.1,0.0,9.1,16.0,0.57,0.567,4.5,6.1,0.746,2.7,6.6,9.3,2.4,1.5,3.5,3.3,3.9,22.7
1989,nba mvp,Hakeem Olajuwon,olajuha01,26,2.0,179.3,850.0,0.211,False,NBA,Hakeem Olajuwon,26.0,HOU,C,82.0,82.0,36.9,9.6,19.0,0.508,0.0,0.1,0.0,9.6,18.9,0.511,0.508,5.5,8.0,0.696,4.1,9.4,13.5,1.8,2.6,3.4,3.4,4.0,24.8
1989,nba mvp,Charles Barkley,barklch01,25,0.0,94.3,850.0,0.111,False,NBA,Charles Barkley,25.0,PHI,PF,79.0,79.0,39.1,8.9,15.3,0.579,0.4,2.1,0.216,8.4,13.2,0.636,0.594,7.6,10.1,0.753,5.1,7.4,12.5,4.1,1.6,0.8,3.2,3.3,25.8
1989,nba mvp,John Stockton,stockjo01,26,0.0,28.0,850.0,0.033,False,NBA,John Stockton,26.0,UTA,PG,82.0,82.0,38.7,6.1,11.3,0.538,0.2,0.8,0.242,5.9,10.5,0.561,0.547,4.8,5.5,0.863,1.0,2.0,3.0,13.6,3.2,0.2,3.8,2.9,17.1
1989,nba mvp,Kevin Johnson,johnske02,22,0.0,22.0,850.0,0.026,False,NBA,Kevin Johnson,22.0,PHO,PG,81.0,81.0,39.2,7.0,13.9,0.505,0.0,0.3,0.091,7.0,13.7,0.514,0.506,6.3,7.1,0.882,0.6,3.6,4.2,12.2,1.7,0.3,4.0,2.8,20.4
1989,nba mvp,Tom Chambers,chambto01,29,0.0,20.0,850.0,0.024,False,NBA,Tom Chambers,29.0,PHO,PF,81.0,81.0,37.1,9.6,20.3,0.471,0.3,1.1,0.326,9.2,19.2,0.479,0.48,6.3,7.4,0.851,1.8,6.7,8.4,2.9,1.1,0.7,2.9,3.3,25.7
1989,nba mvp,Mark Price,pricema01,24,0.0,18.0,850.0,0.021,False,NBA,Mark Price,24.0,CLE,PG,75.0,74.0,36.4,7.1,13.4,0.526,1.2,2.8,0.441,5.8,10.6,0.548,0.572,3.5,3.9,0.901,0.6,2.4,3.0,8.4,1.5,0.1,2.8,1.3,18.9
1989,nba mvp,Brad Daugherty,daughbr01,23,0.0,4.0,850.0,0.005,False,NBA,Brad Daugherty,23.0,CLE,C,78.0,78.0,36.2,7.0,13.0,0.538,0.0,0.0,0.333,7.0,12.9,0.538,0.538,4.9,6.7,0.737,2.1,7.1,9.2,3.7,0.8,0.5,2.9,2.2,18.9
1989,nba mvp,Robert Parish,parisro01,35,0.0,4.0,850.0,0.005,False,NBA,Robert Parish,35.0,BOS,C,80.0,80.0,35.5,7.5,13.1,0.57,0.0,0.0,,7.5,13.1,0.57,0.57,3.7,5.1,0.719,4.3,8.2,12.5,2.2,1.0,1.5,2.5,2.6,18.6
1989,nba mvp,Mark Eaton,eatonma01,32,0.0,3.0,850.0,0.004,False,NBA,Mark Eaton,32.0,UTA,C,82.0,82.0,35.5,2.3,5.0,0.462,0.0,0.0,,2.3,5.0,0.462,0.462,1.6,2.4,0.66,2.8,7.5,10.3,1.0,0.5,3.8,1.7,3.5,6.2
1989,nba mvp,Moses Malone,malonmo01,33,0.0,3.0,850.0,0.004,False,NBA,Moses Malone,33.0,ATL,C,81.0,80.0,35.5,6.6,13.5,0.491,0.0,0.1,0.0,6.6,13.4,0.496,0.491,6.9,8.8,0.789,4.8,7.0,11.8,1.4,1.0,1.2,3.0,1.9,20.2
1989,nba mvp,Chris Mullin,mullich01,25,0.0,3.0,850.0,0.004,False,NBA,Chris Mullin,25.0,GSW,SF,82.0,82.0,37.7,10.1,19.9,0.509,0.3,1.2,0.23,9.8,18.7,0.527,0.516,6.0,6.7,0.892,1.9,4.0,5.9,5.1,2.1,0.5,3.6,2.2,26.5
1989,nba mvp,Larry Nance,nancela01,29,0.0,3.0,850.0,0.004,False,NBA,Larry Nance,29.0,CLE,PF,73.0,72.0,34.6,6.8,12.6,0.539,0.0,0.1,0.0,6.8,12.5,0.541,0.539,3.7,4.6,0.799,2.1,5.8,8.0,2.2,0.8,2.8,1.6,2.5,17.2
1989,nba mvp,Terry Cummings,cummite01,27,0.0,1.0,850.0,0.001,False,NBA,Terry Cummings,27.0,MIL,SF,80.0,78.0,35.3,9.1,19.5,0.467,0.1,0.2,0.467,9.0,19.4,0.467,0.469,4.5,5.8,0.787,3.5,4.6,8.1,2.5,1.3,0.9,2.5,3.3,22.9
1989,nba mvp,Joe Dumars,dumarjo01,25,0.0,1.0,850.0,0.001,False,NBA,Joe Dumars,25.0,DET,SG,69.0,67.0,34.9,6.6,13.1,0.505,0.2,0.4,0.483,6.4,12.7,0.506,0.513,3.8,4.4,0.85,0.8,1.7,2.5,5.7,0.9,0.1,2.6,1.5,17.2
1989,nba mvp,Isiah Thomas,thomais01,27,0.0,1.0,850.0,0.001,False,NBA,Isiah Thomas,27.0,DET,PG,80.0,76.0,36.6,7.1,15.3,0.464,0.4,1.5,0.273,6.7,13.8,0.485,0.477,3.6,4.4,0.818,0.6,2.8,3.4,8.3,1.7,0.3,3.7,2.6,18.2
1989,nba roy,Mitch Richmond,richmmi01,23,80.0,80.0,85.0,0.941,True,NBA,Mitch Richmond,23.0,GSW,SG,79.0,79.0,34.4,8.2,17.5,0.468,0.4,1.1,0.367,7.8,16.4,0.475,0.48,5.2,6.4,0.81,2.0,3.9,5.9,4.2,1.0,0.2,3.4,2.8,22.0
1989,nba roy,Willie Anderson,anderwi01,22,4.0,4.0,85.0,0.047,False,NBA,Willie Anderson,22.0,SAS,SF,81.0,79.0,33.8,7.9,15.9,0.498,0.0,0.3,0.19,7.9,15.6,0.503,0.5,2.8,3.6,0.775,1.9,3.3,5.1,4.6,1.9,0.8,3.2,3.6,18.6
1989,nba roy,Chris Morris,morrich01,23,1.0,1.0,85.0,0.012,False,NBA,Chris Morris,23.0,NJN,SF,76.0,48.0,27.6,5.4,11.9,0.457,0.8,2.3,0.366,4.6,9.6,0.479,0.493,2.4,3.3,0.717,2.5,2.8,5.2,1.6,1.3,0.8,2.5,3.3,14.1
1989,nba smoy,Eddie Johnson,johnsed03,29,33.0,33.0,85.0,0.388,True,NBA,Eddie Johnson,29.0,PHO,SF,70.0,7.0,29.2,8.7,17.5,0.497,1.0,2.5,0.413,7.7,15.0,0.51,0.526,3.1,3.6,0.868,1.3,3.1,4.4,2.3,0.7,0.1,1.7,2.8,21.5
1989,nba smoy,Thurl Bailey,baileth01,27,26.0,26.0,85.0,0.306,False,NBA,Thurl Bailey,27.0,UTA,SF,82.0,3.0,33.9,7.5,15.5,0.483,0.0,0.1,0.4,7.5,15.5,0.484,0.484,4.4,5.4,0.825,1.4,4.0,5.5,1.7,0.6,1.1,2.5,2.3,19.5
1989,nba smoy,Dennis Rodman,rodmade01,27,17.0,17.0,85.0,0.2,False,NBA,Dennis Rodman,27.0,DET,SF,82.0,8.0,26.9,3.9,6.5,0.595,0.1,0.3,0.231,3.8,6.2,0.614,0.601,1.2,1.9,0.626,4.0,5.4,9.4,1.2,0.7,0.9,1.5,3.6,9.0
1989,nba smoy,John Williams,willijo02,22,4.0,4.0,85.0,0.047,False,NBA,John Williams,22.0,WSB,SF,82.0,1.0,29.4,5.3,11.5,0.466,0.2,0.9,0.268,5.1,10.6,0.482,0.476,2.7,3.5,0.776,1.9,5.1,7.0,4.3,1.7,0.9,1.9,2.6,13.7
1989,nba smoy,Xavier McDaniel,mcdanxa01,25,2.0,2.0,85.0,0.024,False,NBA,Xavier McDaniel,25.0,SEA,SF,82.0,10.0,29.1,8.3,16.9,0.489,0.1,0.4,0.306,8.1,16.5,0.494,0.493,3.8,5.2,0.732,2.2,3.1,5.3,1.6,1.0,0.5,2.6,2.8,20.5
1989,nba smoy,Ron Anderson,anderro01,30,1.0,1.0,85.0,0.012,False,NBA,Ron Anderson,30.0,PHI,SF,82.0,12.0,31.9,6.9,14.0,0.491,0.0,0.1,0.182,6.9,13.9,0.494,0.492,2.4,2.8,0.856,2.0,2.9,5.0,1.7,0.9,0.3,1.5,2.0,16.2
1989,nba smoy,Ricky Pierce,piercri01,29,1.0,1.0,85.0,0.012,False,NBA,Ricky Pierce,29.0,MIL,SG,75.0,4.0,27.7,7.0,13.6,0.518,0.1,0.5,0.222,6.9,13.1,0.529,0.522,3.4,4.0,0.859,1.1,1.5,2.6,2.1,1.0,0.3,1.5,2.6,17.6
1989,nba smoy,Hot Rod Williams,williho01,26,1.0,1.0,85.0,0.012,False,NBA,Hot Rod Williams,26.0,CLE,PF,82.0,10.0,25.9,4.3,8.5,0.509,0.0,0.0,0.25,4.3,8.5,0.51,0.509,2.9,3.8,0.748,2.1,3.7,5.8,1.3,0.9,1.6,1.2,2.3,11.6
1988,nba dpoy,Michael Jordan,jordami01,24,37.0,37.0,80.0,0.463,True,NBA,Michael Jordan,24.0,CHI,SG,82.0,82.0,40.4,13.0,24.4,0.535,0.1,0.6,0.132,13.0,23.7,0.546,0.537,8.8,10.5,0.841,1.7,3.8,5.5,5.9,3.2,1.6,3.1,3.3,35.0
1988,nba dpoy,Mark Eaton,eatonma01,31,9.0,9.0,80.0,0.113,False,NBA,Mark Eaton,31.0,UTA,C,82.0,82.0,33.3,2.8,6.6,0.418,0.0,0.0,,2.8,6.6,0.418,0.418,1.5,2.3,0.623,2.8,5.9,8.7,0.7,0.5,3.7,1.6,3.9,7.0
1988,nba dpoy,Hakeem Olajuwon,olajuha01,25,7.0,7.0,80.0,0.088,False,NBA,Hakeem Olajuwon,25.0,HOU,C,79.0,79.0,35.8,9.0,17.5,0.514,0.0,0.1,0.0,9.0,17.5,0.516,0.514,4.8,6.9,0.695,3.8,8.3,12.1,2.1,2.1,2.7,3.1,4.1,22.8
1988,nba dpoy,Alvin Robertson,roberal01,25,6.0,6.0,80.0,0.075,False,NBA,Alvin Robertson,25.0,SAS,SG,82.0,82.0,36.3,8.0,17.2,0.465,0.3,1.2,0.284,7.7,16.0,0.478,0.475,3.3,4.5,0.748,2.0,4.1,6.1,6.8,3.0,0.8,3.1,3.7,19.6
1988,nba dpoy,Michael Cooper,coopemi01,31,4.0,4.0,80.0,0.05,False,NBA,Michael Cooper,31.0,LAL,SG,61.0,8.0,29.4,3.1,7.9,0.392,0.9,2.9,0.32,2.2,5.0,0.434,0.451,1.6,1.9,0.858,0.8,2.9,3.7,4.7,1.1,0.4,1.7,2.2,8.7
1988,nba dpoy,Patrick Ewing,ewingpa01,25,4.0,4.0,80.0,0.05,False,NBA,Patrick Ewing,25.0,NYK,C,82.0,82.0,31.0,8.0,14.4,0.555,0.0,0.0,0.0,8.0,14.4,0.556,0.555,4.2,5.8,0.716,3.0,5.3,8.2,1.5,1.3,3.0,3.5,4.0,20.2
1988,nba dpoy,Fat Lever,leverfa01,27,4.0,4.0,80.0,0.05,False,NBA,Fat Lever,27.0,DEN,SG,82.0,82.0,37.3,7.8,16.6,0.473,0.1,0.7,0.211,7.7,15.9,0.484,0.477,3.0,3.9,0.785,2.5,5.6,8.1,7.8,2.7,0.3,2.2,2.6,18.9
1988,nba dpoy,Manute Bol,bolma01,25,1.0,1.0,80.0,0.013,False,NBA,Manute Bol,25.0,WSB,C,77.0,4.0,14.8,1.0,2.1,0.455,0.0,0.0,0.0,1.0,2.1,0.457,0.455,0.3,0.6,0.531,0.9,2.6,3.6,0.2,0.1,2.7,0.5,2.1,2.3
1988,nba dpoy,Maurice Cheeks,cheekma01,31,1.0,1.0,80.0,0.013,False,NBA,Maurice Cheeks,31.0,PHI,PG,79.0,79.0,36.3,5.4,10.9,0.495,0.0,0.3,0.136,5.4,10.7,0.504,0.497,2.9,3.5,0.825,0.7,2.5,3.2,8.0,2.1,0.3,2.0,1.5,13.7
1988,nba dpoy,Clyde Drexler,drexlcl01,25,1.0,1.0,80.0,0.013,False,NBA,Clyde Drexler,25.0,POR,SG,81.0,80.0,37.8,10.5,20.7,0.506,0.1,0.6,0.212,10.3,20.1,0.515,0.509,5.9,7.2,0.811,3.2,3.4,6.6,5.8,2.5,0.6,2.9,3.1,27.0
1988,nba dpoy,Bob Hansen,hansebo01,27,1.0,1.0,80.0,0.013,False,NBA,Bob Hansen,27.0,UTA,SG,81.0,51.0,22.2,3.9,7.5,0.517,0.4,1.2,0.33,3.5,6.3,0.553,0.543,1.4,1.9,0.743,0.8,1.5,2.3,2.2,0.8,0.1,1.1,2.4,9.6
1988,nba dpoy,Nate McMillan,mcmilna01,23,1.0,1.0,80.0,0.013,False,NBA,Nate McMillan,23.0,SEA,PG,82.0,82.0,29.9,2.9,6.0,0.474,0.1,0.3,0.375,2.8,5.8,0.479,0.483,1.8,2.5,0.707,1.4,2.7,4.1,8.6,2.1,0.6,2.3,2.9,7.6
1988,nba dpoy,Sam Perkins,perkisa01,26,1.0,1.0,80.0,0.013,False,NBA,Sam Perkins,26.0,DAL,PF,75.0,75.0,33.3,5.3,11.7,0.45,0.1,0.4,0.167,5.2,11.3,0.46,0.453,3.6,4.4,0.822,2.7,5.3,8.0,1.6,1.0,0.7,1.6,3.0,14.2
1988,nba dpoy,Paul Pressey,presspa01,29,1.0,1.0,80.0,0.013,False,NBA,Paul Pressey,29.0,MIL,SG,75.0,75.0,33.1,4.6,9.4,0.491,0.1,0.5,0.205,4.5,8.8,0.508,0.497,3.8,4.8,0.798,1.7,3.3,5.0,7.0,1.5,0.5,2.6,3.1,13.1
1988,nba dpoy,Dennis Rodman,rodmade01,26,1.0,1.0,80.0,0.013,False,NBA,Dennis Rodman,26.0,DET,SF,82.0,32.0,26.2,4.9,8.6,0.561,0.1,0.2,0.294,4.8,8.4,0.568,0.565,1.9,3.5,0.535,3.9,4.8,8.7,1.3,0.9,0.5,1.9,3.3,11.6
1988,nba dpoy,John Stockton,stockjo01,25,1.0,1.0,80.0,0.013,False,NBA,John Stockton,25.0,UTA,PG,82.0,79.0,34.7,5.5,9.6,0.574,0.3,0.8,0.358,5.2,8.8,0.594,0.589,3.3,4.0,0.84,0.7,2.2,2.9,13.8,3.0,0.2,3.2,3.0,14.7
1988,nba mip,Kevin Duckworth,duckwke01,23,33.0,33.0,80.0,0.413,True,NBA,Kevin Duckworth,23.0,POR,C,78.0,50.0,28.5,5.8,11.6,0.496,0.0,0.0,,5.8,11.6,0.496,0.496,4.2,5.5,0.77,2.9,4.5,7.4,0.8,0.4,0.4,2.3,3.6,15.8
1988,nba mip,John Stockton,stockjo01,25,15.0,15.0,80.0,0.188,False,NBA,John Stockton,25.0,UTA,PG,82.0,79.0,34.7,5.5,9.6,0.574,0.3,0.8,0.358,5.2,8.8,0.594,0.589,3.3,4.0,0.84,0.7,2.2,2.9,13.8,3.0,0.2,3.2,3.0,14.7
1988,nba mip,Mark Price,pricema01,23,11.0,11.0,80.0,0.138,False,NBA,Mark Price,23.0,CLE,PG,80.0,79.0,32.8,6.2,12.2,0.506,0.9,1.9,0.486,5.3,10.3,0.51,0.543,2.8,3.2,0.877,0.7,1.6,2.3,6.0,1.2,0.2,2.3,1.5,16.0
1988,nba mip,Michael Adams,adamsmi01,25,7.0,7.0,80.0,0.088,False,NBA,Michael Adams,25.0,DEN,PG,82.0,75.0,33.9,5.1,11.3,0.449,1.7,4.6,0.367,3.4,6.7,0.505,0.524,2.0,2.4,0.834,0.5,2.2,2.7,6.1,2.0,0.2,1.8,1.7,13.9
1988,nba mip,Jerome Kersey,kerseje01,25,5.0,5.0,80.0,0.063,False,NBA,Jerome Kersey,25.0,POR,SF,79.0,75.0,36.6,7.7,15.5,0.499,0.0,0.2,0.2,7.7,15.3,0.502,0.5,3.7,5.0,0.735,2.7,5.6,8.3,3.1,1.6,0.8,2.0,3.8,19.2
1988,nba mip,Randy Breuer,breuera01,27,3.0,3.0,80.0,0.038,False,NBA,Randy Breuer,27.0,MIL,C,81.0,73.0,27.9,4.8,9.7,0.495,0.0,0.0,,4.8,9.7,0.495,0.495,2.3,3.5,0.657,2.4,4.4,6.8,1.3,0.6,1.3,1.3,2.4,12.0
1988,nba mip,Frank Brickowski,brickfr01,28,3.0,3.0,80.0,0.038,False,NBA,Frank Brickowski,28.0,SAS,C,70.0,68.0,31.8,6.1,11.5,0.528,0.0,0.1,0.2,6.1,11.4,0.53,0.529,3.8,5.0,0.768,2.4,4.5,6.9,3.8,1.1,0.5,3.0,3.9,16.0
1988,nba mip,John Battle,battljo01,25,1.0,1.0,80.0,0.013,False,NBA,John Battle,25.0,ATL,SG,67.0,1.0,18.3,4.1,9.1,0.454,0.2,0.6,0.39,3.9,8.5,0.458,0.467,2.1,2.8,0.75,0.4,1.3,1.7,2.4,0.5,0.1,1.1,1.3,10.6
1988,nba mip,Byron Scott,scottby01,26,1.0,1.0,80.0,0.013,False,NBA,Byron Scott,26.0,LAL,SG,81.0,81.0,37.6,8.8,16.6,0.527,0.8,2.2,0.346,8.0,14.4,0.554,0.55,3.4,3.9,0.858,0.9,3.2,4.1,4.1,1.9,0.3,2.0,2.5,21.7
1988,nba mip,Roy Tarpley,tarplro01,23,1.0,1.0,80.0,0.013,False,NBA,Roy Tarpley,23.0,DAL,PF,81.0,9.0,28.5,5.5,11.0,0.5,0.0,0.1,0.0,5.5,10.9,0.503,0.5,2.5,3.4,0.74,4.4,7.4,11.8,1.1,1.3,1.1,2.1,3.9,13.5
1988,nba mvp,Michael Jordan,jordami01,24,47.0,665.0,800.0,0.831,True,NBA,Michael Jordan,24.0,CHI,SG,82.0,82.0,40.4,13.0,24.4,0.535,0.1,0.6,0.132,13.0,23.7,0.546,0.537,8.8,10.5,0.841,1.7,3.8,5.5,5.9,3.2,1.6,3.1,3.3,35.0
1988,nba mvp,Larry Bird,birdla01,31,16.0,527.0,800.0,0.659,False,NBA,Larry Bird,31.0,BOS,SF,76.0,75.0,39.0,11.6,22.0,0.527,1.3,3.1,0.414,10.3,18.9,0.546,0.556,5.5,6.0,0.916,1.4,7.8,9.3,6.1,1.6,0.8,2.8,2.1,29.9
1988,nba mvp,Magic Johnson,johnsma02,28,16.0,508.0,800.0,0.635,False,NBA,Magic Johnson,28.0,LAL,PG,72.0,70.0,36.6,6.8,13.8,0.492,0.2,0.8,0.196,6.7,13.1,0.51,0.497,5.8,6.8,0.853,1.2,5.0,6.2,11.9,1.6,0.2,3.7,2.0,19.6
1988,nba mvp,Charles Barkley,barklch01,24,1.0,109.0,800.0,0.136,False,NBA,Charles Barkley,24.0,PHI,PF,80.0,80.0,39.6,9.4,16.0,0.587,0.6,2.0,0.28,8.9,14.1,0.63,0.604,8.9,11.9,0.751,4.8,7.1,11.9,3.2,1.3,1.3,3.8,3.5,28.3
1988,nba mvp,Clyde Drexler,drexlcl01,25,0.0,86.0,800.0,0.108,False,NBA,Clyde Drexler,25.0,POR,SG,81.0,80.0,37.8,10.5,20.7,0.506,0.1,0.6,0.212,10.3,20.1,0.515,0.509,5.9,7.2,0.811,3.2,3.4,6.6,5.8,2.5,0.6,2.9,3.1,27.0
1988,nba mvp,Dominique Wilkins,wilkido01,28,0.0,55.0,800.0,0.069,False,NBA,Dominique Wilkins,28.0,ATL,SF,78.0,76.0,37.8,11.7,25.1,0.464,0.5,1.7,0.295,11.2,23.4,0.476,0.474,6.9,8.4,0.826,2.7,3.7,6.4,2.9,1.3,0.6,2.8,2.1,30.7
1988,nba mvp,Hakeem Olajuwon,olajuha01,25,0.0,40.0,800.0,0.05,False,NBA,Hakeem Olajuwon,25.0,HOU,C,79.0,79.0,35.8,9.0,17.5,0.514,0.0,0.1,0.0,9.0,17.5,0.516,0.514,4.8,6.9,0.695,3.8,8.3,12.1,2.1,2.1,2.7,3.1,4.1,22.8
1988,nba mvp,Karl Malone,malonka01,24,0.0,36.0,800.0,0.045,False,NBA,Karl Malone,24.0,UTA,PF,82.0,82.0,39.0,10.5,20.1,0.52,0.0,0.1,0.0,10.5,20.1,0.522,0.52,6.7,9.6,0.7,3.4,8.6,12.0,2.4,1.4,0.6,4.0,3.6,27.7
1988,nba mvp,Fat Lever,leverfa01,27,0.0,26.0,800.0,0.033,False,NBA,Fat Lever,27.0,DEN,SG,82.0,82.0,37.3,7.8,16.6,0.473,0.1,0.7,0.211,7.7,15.9,0.484,0.477,3.0,3.9,0.785,2.5,5.6,8.1,7.8,2.7,0.3,2.2,2.6,18.9
1988,nba mvp,John Stockton,stockjo01,25,0.0,15.0,800.0,0.019,False,NBA,John Stockton,25.0,UTA,PG,82.0,79.0,34.7,5.5,9.6,0.574,0.3,0.8,0.358,5.2,8.8,0.594,0.589,3.3,4.0,0.84,0.7,2.2,2.9,13.8,3.0,0.2,3.2,3.0,14.7
1988,nba mvp,Alex English,englial01,34,0.0,4.0,800.0,0.005,False,NBA,Alex English,34.0,DEN,SF,80.0,80.0,35.2,10.5,21.3,0.495,0.0,0.1,0.0,10.5,21.2,0.496,0.495,3.9,4.7,0.828,2.1,2.6,4.7,4.7,0.9,0.3,2.3,2.4,25.0
1988,nba mvp,Isiah Thomas,thomais01,26,0.0,3.0,800.0,0.004,False,NBA,Isiah Thomas,26.0,DET,PG,81.0,81.0,36.1,7.7,16.6,0.463,0.4,1.2,0.309,7.3,15.4,0.475,0.474,3.8,4.9,0.774,0.8,2.6,3.4,8.4,1.7,0.2,3.4,2.7,19.5
1988,nba mvp,Mark Jackson,jacksma01,22,0.0,2.0,800.0,0.003,False,NBA,Mark Jackson,22.0,NYK,PG,82.0,80.0,39.6,5.3,12.4,0.432,0.4,1.5,0.254,5.0,10.8,0.458,0.448,2.5,3.2,0.774,1.5,3.4,4.8,10.6,2.5,0.1,3.1,3.0,13.6
1988,nba mvp,Michael Adams,adamsmi01,25,0.0,1.0,800.0,0.001,False,NBA,Michael Adams,25.0,DEN,PG,82.0,75.0,33.9,5.1,11.3,0.449,1.7,4.6,0.367,3.4,6.7,0.505,0.524,2.0,2.4,0.834,0.5,2.2,2.7,6.1,2.0,0.2,1.8,1.7,13.9
1988,nba mvp,Mark Aguirre,aguirma01,28,0.0,1.0,800.0,0.001,False,NBA,Mark Aguirre,28.0,DAL,SF,77.0,77.0,33.9,9.7,20.4,0.475,0.7,2.2,0.302,9.0,18.2,0.496,0.491,5.0,6.5,0.77,2.4,3.3,5.6,3.6,0.9,0.7,2.6,2.9,25.1
1988,nba mvp,Adrian Dantley,dantlad01,32,0.0,1.0,800.0,0.001,False,NBA,Adrian Dantley,32.0,DET,SF,69.0,50.0,31.1,6.4,12.5,0.514,0.0,0.0,0.0,6.4,12.5,0.516,0.514,7.1,8.3,0.86,1.2,2.1,3.3,2.5,0.6,0.1,2.0,2.1,20.0
1988,nba mvp,Buck Williams,willibu01,27,0.0,1.0,800.0,0.001,False,NBA,Buck Williams,27.0,NJN,PF,70.0,70.0,37.7,6.7,11.9,0.56,0.0,0.0,1.0,6.6,11.9,0.56,0.561,4.9,7.4,0.668,4.3,7.7,11.9,1.6,1.0,0.6,2.7,3.8,18.3
1988,nba roy,Mark Jackson,jacksma01,22,77.0,77.0,80.0,0.963,True,NBA,Mark Jackson,22.0,NYK,PG,82.0,80.0,39.6,5.3,12.4,0.432,0.4,1.5,0.254,5.0,10.8,0.458,0.448,2.5,3.2,0.774,1.5,3.4,4.8,10.6,2.5,0.1,3.1,3.0,13.6
1988,nba roy,Greg Anderson,andergr01,23,1.0,1.0,80.0,0.013,False,NBA,Greg Anderson,23.0,SAS,PF,82.0,45.0,24.2,4.6,9.2,0.501,0.0,0.1,0.2,4.6,9.2,0.503,0.502,2.4,4.0,0.604,2.0,4.3,6.3,1.0,0.7,1.5,1.7,2.8,11.7
1988,nba roy,Winston Garland,garlawi01,23,1.0,1.0,80.0,0.013,False,NBA,Winston Garland,23.0,GSW,PG,67.0,62.0,31.7,5.1,11.6,0.439,0.2,0.6,0.333,4.9,11.0,0.444,0.447,2.1,2.3,0.879,1.0,2.4,3.4,6.4,1.7,0.1,2.5,2.8,12.4
1988,nba roy,Kenny Smith,smithke01,22,1.0,1.0,80.0,0.013,False,NBA,Kenny Smith,22.0,SAC,PG,61.0,60.0,35.6,5.4,11.4,0.477,0.2,0.6,0.308,5.2,10.7,0.487,0.486,2.7,3.3,0.819,0.7,1.6,2.3,7.1,1.5,0.1,3.0,2.3,13.8
1988,nba smoy,Roy Tarpley,tarplro01,23,67.0,67.0,80.0,0.838,True,NBA,Roy Tarpley,23.0,DAL,PF,81.0,9.0,28.5,5.5,11.0,0.5,0.0,0.1,0.0,5.5,10.9,0.503,0.5,2.5,3.4,0.74,4.4,7.4,11.8,1.1,1.3,1.1,2.1,3.9,13.5
1988,nba smoy,Thurl Bailey,baileth01,26,13.0,13.0,80.0,0.163,False,NBA,Thurl Bailey,26.0,UTA,SF,82.0,10.0,34.2,7.7,15.7,0.492,0.0,0.0,0.333,7.7,15.6,0.493,0.493,4.1,5.0,0.826,1.6,4.8,6.5,1.9,0.6,1.5,2.3,2.3,19.6
1987,nba dpoy,Michael Cooper,coopemi01,30,25.0,25.0,78.0,0.321,True,NBA,Michael Cooper,30.0,LAL,SG,82.0,2.0,27.5,3.9,9.0,0.438,1.1,2.8,0.385,2.8,6.2,0.461,0.498,1.5,1.8,0.851,0.7,2.4,3.1,4.5,1.0,0.5,1.2,2.4,10.5
1987,nba dpoy,Alvin Robertson,roberal01,24,16.0,16.0,78.0,0.205,False,NBA,Alvin Robertson,24.0,SAS,SG,81.0,78.0,33.3,7.3,15.6,0.466,0.2,0.6,0.271,7.1,15.0,0.474,0.471,3.0,4.0,0.753,2.3,2.9,5.2,5.2,3.2,0.4,3.0,3.3,17.7
1987,nba dpoy,Mark Eaton,eatonma01,30,10.0,10.0,78.0,0.128,False,NBA,Mark Eaton,30.0,UTA,C,79.0,79.0,31.7,3.0,7.4,0.4,0.0,0.0,,3.0,7.4,0.4,0.4,1.8,2.7,0.657,2.7,6.2,8.8,1.3,0.5,4.1,1.8,3.5,7.7
1987,nba dpoy,Manute Bol,bolma01,24,8.0,8.0,78.0,0.103,False,NBA,Manute Bol,24.0,WSB,C,82.0,12.0,18.9,1.3,2.8,0.446,0.0,0.0,0.0,1.3,2.8,0.448,0.446,0.5,0.8,0.672,1.0,3.4,4.4,0.1,0.2,3.7,0.7,2.3,3.1
1987,nba dpoy,Kevin McHale,mchalke01,29,5.0,5.0,78.0,0.064,False,NBA,Kevin McHale,29.0,BOS,PF,77.0,77.0,39.7,10.3,17.0,0.604,0.0,0.1,0.0,10.3,16.9,0.606,0.604,5.6,6.6,0.836,3.2,6.7,9.9,2.6,0.5,2.2,2.6,3.1,26.1
1987,nba dpoy,Maurice Cheeks,cheekma01,30,4.0,4.0,78.0,0.051,False,NBA,Maurice Cheeks,30.0,PHI,PG,68.0,68.0,38.6,6.1,11.6,0.527,0.1,0.3,0.235,6.0,11.3,0.533,0.529,3.3,4.3,0.777,0.7,2.5,3.2,7.9,2.6,0.2,2.5,1.6,15.6
1987,nba dpoy,Dennis Johnson,johnsde01,32,3.0,3.0,78.0,0.038,False,NBA,Dennis Johnson,32.0,BOS,PG,79.0,78.0,37.1,5.4,12.1,0.444,0.1,0.8,0.113,5.3,11.3,0.467,0.448,2.6,3.2,0.833,0.6,2.7,3.3,7.5,1.1,0.5,2.2,2.5,13.4
1987,nba dpoy,T.R. Dunn,dunntr01,31,1.0,1.0,78.0,0.013,False,NBA,T.R. Dunn,31.0,DEN,SG,81.0,53.0,23.9,1.5,3.4,0.428,0.0,0.0,0.0,1.5,3.4,0.431,0.428,0.4,0.7,0.655,1.1,2.1,3.3,1.8,1.2,0.3,0.4,2.0,3.4
1987,nba dpoy,Bill Hanzlik,hanzlbi01,29,1.0,1.0,78.0,0.013,False,NBA,Bill Hanzlik,29.0,DEN,PF,73.0,10.0,27.3,4.2,10.2,0.412,0.3,1.1,0.275,3.9,9.1,0.428,0.426,4.3,5.5,0.786,1.1,2.4,3.5,3.8,1.2,0.4,1.8,3.4,13.0
1987,nba dpoy,Derek Harper,harpede01,25,1.0,1.0,78.0,0.013,False,NBA,Derek Harper,25.0,DAL,PG,77.0,76.0,33.2,6.5,12.9,0.501,1.0,2.8,0.358,5.5,10.1,0.539,0.539,2.1,3.0,0.684,0.7,1.9,2.6,7.9,2.2,0.3,1.8,2.5,16.0
1987,nba dpoy,Michael Jordan,jordami01,23,1.0,1.0,78.0,0.013,False,NBA,Michael Jordan,23.0,CHI,SG,82.0,82.0,40.0,13.4,27.8,0.482,0.1,0.8,0.182,13.2,27.0,0.491,0.484,10.2,11.9,0.857,2.0,3.2,5.2,4.6,2.9,1.5,3.3,2.9,37.1
1987,nba dpoy,Fat Lever,leverfa01,26,1.0,1.0,78.0,0.013,False,NBA,Fat Lever,26.0,DEN,PG,82.0,82.0,37.2,7.8,16.7,0.469,0.3,1.1,0.239,7.6,15.6,0.486,0.477,3.0,3.8,0.782,2.6,6.3,8.9,8.0,2.5,0.4,2.0,2.7,18.9
1987,nba dpoy,Paul Pressey,presspa01,28,1.0,1.0,78.0,0.013,False,NBA,Paul Pressey,28.0,MIL,SF,61.0,60.0,33.7,4.8,10.1,0.477,0.3,0.9,0.291,4.6,9.2,0.496,0.49,4.0,5.4,0.738,1.6,3.2,4.9,7.2,1.8,0.8,3.0,3.5,13.9
1987,nba dpoy,Doc Rivers,riverdo01,25,1.0,1.0,78.0,0.013,False,NBA,Doc Rivers,25.0,ATL,PG,82.0,82.0,31.6,4.2,9.2,0.451,0.0,0.3,0.19,4.1,9.0,0.459,0.454,4.5,5.4,0.828,1.0,2.6,3.6,10.0,2.1,0.4,2.6,3.5,12.8
1987,nba mip,Dale Ellis,ellisda01,26,33.0,33.0,78.0,0.423,True,NBA,Dale Ellis,26.0,SEA,SG,82.0,76.0,37.5,9.6,18.5,0.516,1.0,2.9,0.358,8.5,15.6,0.546,0.545,4.7,6.0,0.787,2.3,3.2,5.5,2.9,1.3,0.4,2.9,3.3,24.9
1987,nba mip,James Donaldson,donalja01,29,6.0,6.0,78.0,0.077,False,NBA,James Donaldson,29.0,DAL,C,82.0,82.0,36.9,3.8,6.5,0.586,0.0,0.0,,3.8,6.5,0.586,0.586,3.3,4.0,0.812,3.6,8.3,11.9,0.8,0.6,1.7,1.3,2.3,10.8
1987,nba mip,Sleepy Floyd,floydsl01,26,5.0,5.0,78.0,0.064,False,NBA,Sleepy Floyd,26.0,GSW,PG,82.0,82.0,37.4,6.1,12.6,0.488,0.9,2.3,0.384,5.2,10.2,0.512,0.524,5.6,6.5,0.86,0.7,2.6,3.3,10.3,1.8,0.2,3.4,2.4,18.8
1987,nba mip,Fat Lever,leverfa01,26,5.0,5.0,78.0,0.064,False,NBA,Fat Lever,26.0,DEN,PG,82.0,82.0,37.2,7.8,16.7,0.469,0.3,1.1,0.239,7.6,15.6,0.486,0.477,3.0,3.8,0.782,2.6,6.3,8.9,8.0,2.5,0.4,2.0,2.7,18.9
1987,nba mip,Otis Thorpe,thorpot01,24,5.0,5.0,78.0,0.064,False,NBA,Otis Thorpe,24.0,SAC,PF,82.0,82.0,36.0,6.9,12.8,0.54,0.0,0.0,0.0,6.9,12.8,0.542,0.54,5.0,6.6,0.761,3.2,6.8,10.0,2.5,0.6,0.7,2.3,3.6,18.9
1987,nba mip,Kevin Willis,willike02,24,5.0,5.0,78.0,0.064,False,NBA,Kevin Willis,24.0,ATL,PF,81.0,81.0,32.4,6.6,12.4,0.536,0.0,0.0,0.25,6.6,12.3,0.538,0.537,2.8,4.0,0.709,4.0,6.5,10.5,0.8,0.8,0.8,2.1,3.9,16.1
1987,nba mip,Gerald Wilkins,wilkige01,23,4.0,4.0,78.0,0.051,False,NBA,Gerald Wilkins,23.0,NYK,SG,80.0,73.0,34.5,7.9,16.3,0.486,0.3,0.9,0.351,7.6,15.4,0.494,0.496,2.9,4.2,0.701,1.5,2.2,3.7,4.4,1.1,0.2,2.7,2.1,19.1
1987,nba mip,Terry Porter,portete01,23,3.0,3.0,78.0,0.038,False,NBA,Terry Porter,23.0,POR,PG,80.0,80.0,33.9,4.7,9.6,0.488,0.2,0.8,0.217,4.5,8.9,0.511,0.497,3.5,4.2,0.838,0.9,3.3,4.2,8.9,2.0,0.1,3.2,2.4,13.1
1987,nba mip,Michael Cage,cagemi01,25,2.0,2.0,78.0,0.026,False,NBA,Michael Cage,25.0,LAC,PF,80.0,76.0,36.5,5.7,11.0,0.521,0.0,0.0,0.0,5.7,10.9,0.522,0.521,4.3,5.8,0.73,4.4,7.1,11.5,1.6,1.2,0.8,2.1,2.8,15.7
1987,nba mip,Steve Johnson,johnsst03,29,2.0,2.0,78.0,0.026,False,NBA,Steve Johnson,29.0,POR,C,79.0,74.0,29.7,6.3,11.3,0.556,0.0,0.0,,6.3,11.3,0.556,0.556,4.3,6.2,0.698,2.5,4.7,7.2,2.0,0.6,1.0,3.5,4.3,16.8
1987,nba mip,Karl Malone,malonka01,23,2.0,2.0,78.0,0.026,False,NBA,Karl Malone,23.0,UTA,PF,82.0,82.0,34.8,8.9,17.3,0.512,0.0,0.1,0.0,8.9,17.3,0.514,0.512,3.9,6.6,0.598,3.4,7.0,10.4,1.9,1.3,0.7,2.9,3.9,21.7
1987,nba mip,Tim McCormick,mccorti01,24,2.0,2.0,78.0,0.026,False,NBA,Tim McCormick,24.0,PHI,C,81.0,79.0,34.8,4.8,8.9,0.545,0.0,0.0,0.0,4.8,8.8,0.548,0.545,3.1,4.3,0.719,2.2,5.3,7.5,1.4,0.4,0.8,1.9,3.3,12.8
1987,nba mip,Charles Barkley,barklch01,23,1.0,1.0,78.0,0.013,False,NBA,Charles Barkley,23.0,PHI,PF,68.0,62.0,40.3,8.2,13.8,0.594,0.3,1.5,0.202,7.9,12.3,0.643,0.606,6.3,8.3,0.761,5.7,8.9,14.6,4.9,1.8,1.5,4.7,3.7,23.0
1987,nba mip,Bob Hansen,hansebo01,26,1.0,1.0,78.0,0.013,False,NBA,Bob Hansen,26.0,UTA,SG,72.0,72.0,20.2,3.8,8.3,0.453,0.2,0.6,0.356,3.6,7.7,0.46,0.466,1.9,2.5,0.76,1.2,1.7,2.8,1.4,0.6,0.1,1.1,2.0,9.7
1987,nba mip,John Paxson,paxsojo01,26,1.0,1.0,78.0,0.013,False,NBA,John Paxson,26.0,CHI,PG,82.0,64.0,32.8,4.7,9.7,0.487,0.6,1.7,0.371,4.1,8.0,0.511,0.52,1.3,1.6,0.809,0.3,1.4,1.7,5.7,0.8,0.1,1.3,2.5,11.3
1987,nba mip,Larry Smith,smithla01,29,1.0,1.0,78.0,0.013,False,NBA,Larry Smith,29.0,GSW,PF,80.0,78.0,29.7,3.7,6.8,0.546,0.0,0.0,0.0,3.7,6.8,0.547,0.546,1.4,2.5,0.574,4.6,6.9,11.5,1.2,0.9,0.7,1.7,3.7,8.8
1987,nba mvp,Magic Johnson,johnsma02,27,65.0,733.0,780.0,0.94,True,NBA,Magic Johnson,27.0,LAL,PG,80.0,80.0,36.3,8.5,16.4,0.522,0.1,0.5,0.205,8.4,15.9,0.532,0.525,6.7,7.9,0.848,1.5,4.8,6.3,12.2,1.7,0.5,3.8,2.1,23.9
1987,nba mvp,Michael Jordan,jordami01,23,10.0,449.0,780.0,0.576,False,NBA,Michael Jordan,23.0,CHI,SG,82.0,82.0,40.0,13.4,27.8,0.482,0.1,0.8,0.182,13.2,27.0,0.491,0.484,10.2,11.9,0.857,2.0,3.2,5.2,4.6,2.9,1.5,3.3,2.9,37.1
1987,nba mvp,Larry Bird,birdla01,30,1.0,271.0,780.0,0.347,False,NBA,Larry Bird,30.0,BOS,SF,74.0,73.0,40.6,10.6,20.2,0.525,1.2,3.0,0.4,9.4,17.2,0.547,0.555,5.6,6.1,0.91,1.7,7.5,9.2,7.6,1.8,0.9,3.2,2.5,28.1
1987,nba mvp,Kevin McHale,mchalke01,29,0.0,254.0,780.0,0.326,False,NBA,Kevin McHale,29.0,BOS,PF,77.0,77.0,39.7,10.3,17.0,0.604,0.0,0.1,0.0,10.3,16.9,0.606,0.604,5.6,6.6,0.836,3.2,6.7,9.9,2.6,0.5,2.2,2.6,3.1,26.1
1987,nba mvp,Dominique Wilkins,wilkido01,27,0.0,128.0,780.0,0.164,False,NBA,Dominique Wilkins,27.0,ATL,SF,79.0,79.0,37.6,10.5,22.6,0.463,0.4,1.3,0.292,10.1,21.3,0.474,0.472,7.7,9.4,0.818,2.7,3.6,6.3,3.3,1.5,0.6,2.7,1.9,29.0
1987,nba mvp,Charles Barkley,barklch01,23,1.0,113.0,780.0,0.145,False,NBA,Charles Barkley,23.0,PHI,PF,68.0,62.0,40.3,8.2,13.8,0.594,0.3,1.5,0.202,7.9,12.3,0.643,0.606,6.3,8.3,0.761,5.7,8.9,14.6,4.9,1.8,1.5,4.7,3.7,23.0
1987,nba mvp,Hakeem Olajuwon,olajuha01,24,1.0,28.0,780.0,0.036,False,NBA,Hakeem Olajuwon,24.0,HOU,C,75.0,75.0,36.8,9.0,17.8,0.508,0.0,0.1,0.2,9.0,17.7,0.509,0.509,5.3,7.6,0.702,4.2,7.2,11.4,2.9,1.9,3.4,3.0,3.9,23.4
1987,nba mvp,Isiah Thomas,thomais01,25,0.0,17.0,780.0,0.022,False,NBA,Isiah Thomas,25.0,DET,PG,81.0,81.0,37.2,7.7,16.7,0.463,0.2,1.2,0.194,7.5,15.5,0.484,0.47,4.9,6.4,0.768,1.0,2.9,3.9,10.0,1.9,0.2,4.2,3.1,20.6
1987,nba mvp,Fat Lever,leverfa01,26,0.0,11.0,780.0,0.014,False,NBA,Fat Lever,26.0,DEN,PG,82.0,82.0,37.2,7.8,16.7,0.469,0.3,1.1,0.239,7.6,15.6,0.486,0.477,3.0,3.8,0.782,2.6,6.3,8.9,8.0,2.5,0.4,2.0,2.7,18.9
1987,nba mvp,Moses Malone,malonmo01,31,0.0,9.0,780.0,0.012,False,NBA,Moses Malone,31.0,WSB,C,73.0,70.0,34.1,8.2,18.0,0.454,0.0,0.2,0.0,8.2,17.8,0.458,0.454,7.8,9.5,0.824,4.7,6.6,11.3,1.6,0.8,1.3,2.8,1.9,24.1
1987,nba mvp,Steve Johnson,johnsst03,29,0.0,4.0,780.0,0.005,False,NBA,Steve Johnson,29.0,POR,C,79.0,74.0,29.7,6.3,11.3,0.556,0.0,0.0,,6.3,11.3,0.556,0.556,4.3,6.2,0.698,2.5,4.7,7.2,2.0,0.6,1.0,3.5,4.3,16.8
1987,nba mvp,Karl Malone,malonka01,23,0.0,3.0,780.0,0.004,False,NBA,Karl Malone,23.0,UTA,PF,82.0,82.0,34.8,8.9,17.3,0.512,0.0,0.1,0.0,8.9,17.3,0.514,0.512,3.9,6.6,0.598,3.4,7.0,10.4,1.9,1.3,0.7,2.9,3.9,21.7
1987,nba mvp,Robert Parish,parisro01,33,0.0,3.0,780.0,0.004,False,NBA,Robert Parish,33.0,BOS,C,80.0,80.0,37.4,7.4,13.2,0.556,0.0,0.0,0.0,7.4,13.2,0.557,0.556,2.8,3.9,0.735,3.2,7.5,10.6,2.2,0.8,1.8,2.4,3.3,17.5
1987,nba mvp,Alex English,englial01,33,0.0,2.0,780.0,0.003,False,NBA,Alex English,33.0,DEN,SF,82.0,82.0,37.6,11.8,23.4,0.503,0.0,0.2,0.267,11.7,23.2,0.504,0.504,5.0,5.9,0.844,1.8,2.4,4.2,5.1,0.9,0.3,2.6,2.6,28.6
1987,nba mvp,Mark Aguirre,aguirma01,27,0.0,1.0,780.0,0.001,False,NBA,Mark Aguirre,27.0,DAL,SF,80.0,80.0,33.3,9.8,19.9,0.495,0.7,1.9,0.353,9.2,18.0,0.51,0.512,5.4,7.0,0.77,2.3,3.1,5.3,3.2,1.1,0.4,2.7,3.0,25.7
1987,nba mvp,Rolando Blackman,blackro01,27,0.0,1.0,780.0,0.001,False,NBA,Rolando Blackman,27.0,DAL,SG,80.0,80.0,34.5,7.8,15.8,0.495,0.1,0.2,0.333,7.8,15.6,0.497,0.497,5.2,5.9,0.884,1.2,2.3,3.5,3.3,0.8,0.3,2.2,1.8,21.0
1987,nba mvp,Joe Barry Carroll,carrojo01,28,0.0,1.0,780.0,0.001,False,NBA,Joe Barry Carroll,28.0,GSW,C,81.0,81.0,33.6,8.5,18.0,0.472,0.0,0.0,,8.5,18.0,0.472,0.472,4.2,5.3,0.787,2.1,5.1,7.3,2.6,1.1,1.5,2.8,3.1,21.2
1987,nba roy,Chuck Person,persoch01,22,68.0,68.0,78.0,0.872,True,NBA,Chuck Person,22.0,IND,SF,82.0,78.0,36.0,7.7,16.6,0.468,0.6,1.7,0.355,7.1,14.9,0.48,0.486,2.7,3.6,0.747,2.0,6.2,8.3,3.6,1.1,0.2,2.6,3.8,18.8
1987,nba roy,Ron Harper,harpero01,23,10.0,10.0,78.0,0.128,False,NBA,Ron Harper,23.0,CLE,SG,82.0,82.0,37.4,9.0,19.7,0.455,0.2,1.1,0.213,8.7,18.5,0.47,0.461,4.7,6.9,0.684,2.1,2.7,4.8,4.8,2.5,1.0,4.2,3.0,22.9
1987,nba smoy,Ricky Pierce,piercri01,27,41.0,41.0,78.0,0.526,True,NBA,Ricky Pierce,27.0,MIL,SG,79.0,31.0,31.7,7.3,13.6,0.534,0.0,0.4,0.107,7.2,13.3,0.545,0.535,4.9,5.6,0.88,1.5,1.9,3.4,1.8,0.8,0.3,1.5,2.8,19.5
1987,nba smoy,Vinnie Johnson,johnsvi01,30,19.0,19.0,78.0,0.244,False,NBA,Vinnie Johnson,30.0,DET,SG,78.0,8.0,27.8,6.8,14.8,0.462,0.1,0.2,0.286,6.8,14.6,0.464,0.464,2.0,2.6,0.786,1.6,1.7,3.3,3.8,1.2,0.2,1.7,2.0,15.7
1987,nba smoy,Michael Cooper,coopemi01,30,7.0,7.0,78.0,0.09,False,NBA,Michael Cooper,30.0,LAL,SG,82.0,2.0,27.5,3.9,9.0,0.438,1.1,2.8,0.385,2.8,6.2,0.461,0.498,1.5,1.8,0.851,0.7,2.4,3.1,4.5,1.0,0.5,1.2,2.4,10.5
1986,nba dpoy,Alvin Robertson,roberal01,23,27.0,27.0,78.0,0.346,True,NBA,Alvin Robertson,23.0,SAS,SG,82.0,82.0,35.1,6.9,13.3,0.514,0.1,0.4,0.276,6.8,13.0,0.521,0.518,3.2,4.0,0.795,2.2,4.0,6.3,5.5,3.7,0.5,3.1,3.6,17.0
1986,nba dpoy,Manute Bol,bolma01,23,22.0,22.0,78.0,0.282,False,NBA,Manute Bol,23.0,WSB,C,80.0,60.0,26.1,1.6,3.5,0.46,0.0,0.0,0.0,1.6,3.5,0.462,0.46,0.5,1.1,0.488,1.5,4.4,6.0,0.3,0.4,5.0,0.8,3.2,3.7
1986,nba dpoy,Sidney Moncrief,moncrsi01,28,8.0,8.0,78.0,0.103,False,NBA,Sidney Moncrief,28.0,MIL,PG,73.0,72.0,35.2,6.4,13.2,0.489,0.5,1.4,0.32,6.0,11.8,0.509,0.506,6.8,7.9,0.859,1.6,3.0,4.6,4.9,1.4,0.2,2.4,2.4,20.2
1986,nba mip,Alvin Robertson,roberal01,23,30.0,30.0,78.0,0.385,True,NBA,Alvin Robertson,23.0,SAS,SG,82.0,82.0,35.1,6.9,13.3,0.514,0.1,0.4,0.276,6.8,13.0,0.521,0.518,3.2,4.0,0.795,2.2,4.0,6.3,5.5,3.7,0.5,3.1,3.6,17.0
1986,nba mip,Charles Barkley,barklch01,22,18.5,18.5,78.0,0.237,False,NBA,Charles Barkley,22.0,PHI,PF,80.0,80.0,36.9,7.4,13.0,0.572,0.2,0.9,0.227,7.2,12.1,0.598,0.58,5.0,7.2,0.685,4.4,8.4,12.8,3.9,2.2,1.6,4.4,4.2,20.0
1986,nba mip,Kevin Willis,willike02,23,8.0,8.0,78.0,0.103,False,NBA,Kevin Willis,23.0,ATL,PF,82.0,59.0,28.0,5.1,9.9,0.517,0.0,0.1,0.0,5.1,9.8,0.52,0.517,2.1,3.2,0.654,3.0,5.6,8.6,0.5,0.8,0.5,2.2,3.6,12.3
1986,nba mip,Dominique Wilkins,wilkido01,26,6.5,6.5,78.0,0.083,False,NBA,Dominique Wilkins,26.0,ATL,SF,78.0,78.0,39.1,11.4,24.3,0.468,0.2,0.9,0.186,11.2,23.4,0.479,0.472,7.4,9.0,0.818,3.3,4.6,7.9,2.6,1.8,0.6,3.2,2.2,30.3
1986,nba mvp,Larry Bird,birdla01,29,73.0,765.0,780.0,0.981,True,NBA,Larry Bird,29.0,BOS,SF,82.0,81.0,38.0,9.7,19.6,0.496,1.0,2.4,0.423,8.7,17.2,0.506,0.521,5.4,6.0,0.896,2.3,7.5,9.8,6.8,2.0,0.6,3.2,2.2,25.8
1986,nba mvp,Dominique Wilkins,wilkido01,26,5.0,407.0,780.0,0.522,False,NBA,Dominique Wilkins,26.0,ATL,SF,78.0,78.0,39.1,11.4,24.3,0.468,0.2,0.9,0.186,11.2,23.4,0.479,0.472,7.4,9.0,0.818,3.3,4.6,7.9,2.6,1.8,0.6,3.2,2.2,30.3
1986,nba mvp,Magic Johnson,johnsma02,26,0.0,205.0,780.0,0.263,False,NBA,Magic Johnson,26.0,LAL,PG,72.0,70.0,35.8,6.7,12.8,0.526,0.1,0.6,0.233,6.6,12.2,0.541,0.532,5.3,6.0,0.871,1.2,4.7,5.9,12.6,1.6,0.2,3.8,1.8,18.8
1986,nba mvp,Hakeem Olajuwon,olajuha01,23,0.0,193.0,780.0,0.247,False,NBA,Hakeem Olajuwon,23.0,HOU,C,68.0,68.0,36.3,9.2,17.5,0.526,0.0,0.0,,9.2,17.5,0.526,0.526,5.1,7.9,0.645,4.9,6.6,11.5,2.0,2.0,3.4,2.9,4.0,23.5
1986,nba mvp,Kareem Abdul-Jabbar,abdulka01,38,0.0,135.0,780.0,0.173,False,NBA,Kareem Abdul-Jabbar,38.0,LAL,C,79.0,79.0,33.3,9.6,16.9,0.564,0.0,0.0,0.0,9.6,16.9,0.565,0.564,4.3,5.6,0.765,1.7,4.4,6.1,3.5,0.8,1.6,2.6,3.1,23.4
1986,nba mvp,Charles Barkley,barklch01,22,0.0,133.0,780.0,0.171,False,NBA,Charles Barkley,22.0,PHI,PF,80.0,80.0,36.9,7.4,13.0,0.572,0.2,0.9,0.227,7.2,12.1,0.598,0.58,5.0,7.2,0.685,4.4,8.4,12.8,3.9,2.2,1.6,4.4,4.2,20.0
1986,nba mvp,Sidney Moncrief,moncrsi01,28,0.0,56.0,780.0,0.072,False,NBA,Sidney Moncrief,28.0,MIL,PG,73.0,72.0,35.2,6.4,13.2,0.489,0.5,1.4,0.32,6.0,11.8,0.509,0.506,6.8,7.9,0.859,1.6,3.0,4.6,4.9,1.4,0.2,2.4,2.4,20.2
1986,nba mvp,Alex English,englial01,32,0.0,55.0,780.0,0.071,False,NBA,Alex English,32.0,DEN,SF,81.0,81.0,37.3,11.7,23.3,0.504,0.0,0.1,0.2,11.7,23.2,0.505,0.504,6.3,7.3,0.862,2.4,2.6,5.0,4.0,0.9,0.4,3.1,2.9,29.8
1986,nba mvp,Isiah Thomas,thomais01,24,0.0,28.0,780.0,0.036,False,NBA,Isiah Thomas,24.0,DET,PG,77.0,77.0,36.2,7.9,16.2,0.488,0.3,1.1,0.31,7.6,15.1,0.501,0.498,4.7,6.0,0.79,1.1,2.5,3.6,10.8,2.2,0.3,3.8,3.2,20.9
1986,nba mvp,Moses Malone,malonmo01,30,0.0,21.0,780.0,0.027,False,NBA,Moses Malone,30.0,PHI,C,74.0,74.0,36.6,7.7,16.8,0.458,0.0,0.0,0.0,7.7,16.8,0.459,0.458,8.3,10.6,0.787,4.6,7.2,11.8,1.2,0.9,1.0,3.5,2.6,23.8
1986,nba mvp,Terry Cummings,cummite01,24,0.0,9.0,780.0,0.012,False,NBA,Terry Cummings,24.0,MIL,PF,82.0,82.0,32.5,8.3,17.5,0.474,0.0,0.0,0.0,8.3,17.5,0.474,0.474,3.2,4.9,0.656,2.7,5.8,8.5,2.4,1.5,0.6,2.3,3.5,19.8
1986,nba mvp,James Worthy,worthja01,24,0.0,7.0,780.0,0.009,False,NBA,James Worthy,24.0,LAL,SF,75.0,73.0,32.7,8.4,14.5,0.579,0.0,0.2,0.0,8.4,14.3,0.586,0.579,3.2,4.2,0.771,1.8,3.3,5.2,2.7,1.1,1.0,2.0,2.6,20.0
1986,nba mvp,Kevin McHale,mchalke01,28,0.0,3.0,780.0,0.004,False,NBA,Kevin McHale,28.0,BOS,PF,68.0,62.0,35.3,8.3,14.4,0.574,0.0,0.0,,8.3,14.4,0.574,0.574,4.8,6.2,0.776,2.5,5.6,8.1,2.7,0.4,2.0,2.2,2.8,21.3
1986,nba mvp,Paul Pressey,presspa01,27,0.0,3.0,780.0,0.004,False,NBA,Paul Pressey,27.0,MIL,SF,80.0,80.0,33.8,5.1,10.5,0.488,0.1,0.6,0.182,5.0,10.0,0.504,0.492,4.0,4.9,0.806,1.6,3.4,5.0,7.8,2.1,0.9,3.0,3.1,14.3
1986,nba mvp,Alvin Robertson,roberal01,23,0.0,3.0,780.0,0.004,False,NBA,Alvin Robertson,23.0,SAS,SG,82.0,82.0,35.1,6.9,13.3,0.514,0.1,0.4,0.276,6.8,13.0,0.521,0.518,3.2,4.0,0.795,2.2,4.0,6.3,5.5,3.7,0.5,3.1,3.6,17.0
1986,nba mvp,Adrian Dantley,dantlad01,30,0.0,2.0,780.0,0.003,False,NBA,Adrian Dantley,30.0,UTA,SF,76.0,75.0,36.1,10.8,19.1,0.563,0.0,0.1,0.091,10.8,19.0,0.567,0.563,8.3,10.5,0.791,2.3,2.9,5.2,3.5,0.8,0.1,3.0,2.7,29.8
1986,nba mvp,Buck Williams,willibu01,25,0.0,2.0,780.0,0.003,False,NBA,Buck Williams,25.0,NJN,PF,82.0,82.0,37.4,6.1,11.7,0.523,0.0,0.0,0.0,6.1,11.6,0.524,0.523,3.7,5.4,0.676,4.0,8.0,12.0,1.6,0.9,1.2,3.0,3.6,15.9
1986,nba mvp,Dennis Johnson,johnsde01,31,0.0,1.0,780.0,0.001,False,NBA,Dennis Johnson,31.0,BOS,PG,78.0,78.0,35.0,6.2,13.6,0.455,0.1,0.5,0.143,6.1,13.1,0.468,0.458,3.1,3.8,0.818,0.9,2.6,3.4,5.8,1.4,0.4,2.2,2.6,15.6
1986,nba roy,Patrick Ewing,ewingpa01,23,36.0,36.0,78.0,0.462,True,NBA,Patrick Ewing,23.0,NYK,C,50.0,50.0,35.4,7.7,16.3,0.474,0.0,0.1,0.0,7.7,16.2,0.477,0.474,4.5,6.1,0.739,2.5,6.5,9.0,2.0,1.1,2.1,3.4,3.8,20.0
1986,nba roy,Xavier McDaniel,mcdanxa01,22,16.5,16.5,78.0,0.212,False,NBA,Xavier McDaniel,22.0,SEA,SF,82.0,80.0,33.0,7.0,14.3,0.49,0.0,0.1,0.2,7.0,14.2,0.492,0.491,3.0,4.4,0.687,3.7,4.2,8.0,2.4,1.2,0.5,3.0,3.7,17.1
1986,nba roy,Karl Malone,malonka01,22,14.5,14.5,78.0,0.186,False,NBA,Karl Malone,22.0,UTA,PF,81.0,76.0,30.6,6.2,12.5,0.496,0.0,0.0,0.0,6.2,12.5,0.497,0.496,2.4,5.0,0.481,2.1,6.7,8.9,2.9,1.3,0.5,3.4,3.6,14.9
1986,nba roy,Spud Webb,webbsp01,22,4.0,4.0,78.0,0.051,False,NBA,Spud Webb,22.0,ATL,PG,79.0,8.0,15.6,2.5,5.2,0.483,0.0,0.1,0.182,2.5,5.1,0.491,0.485,2.7,3.5,0.785,0.3,1.2,1.6,4.3,1.0,0.1,2.0,2.1,7.8
1986,nba roy,Manute Bol,bolma01,23,3.0,3.0,78.0,0.038,False,NBA,Manute Bol,23.0,WSB,C,80.0,60.0,26.1,1.6,3.5,0.46,0.0,0.0,0.0,1.6,3.5,0.462,0.46,0.5,1.1,0.488,1.5,4.4,6.0,0.3,0.4,5.0,0.8,3.2,3.7
1986,nba roy,Charles Oakley,oaklech01,22,3.0,3.0,78.0,0.038,False,NBA,Charles Oakley,22.0,CHI,PF,77.0,30.0,23.0,3.6,7.0,0.519,0.0,0.0,0.0,3.6,7.0,0.522,0.519,2.3,3.5,0.662,3.3,5.3,8.6,1.7,0.9,0.4,2.3,3.2,9.6
1986,nba roy,Benoit Benjamin,benjabe01,21,1.0,1.0,78.0,0.013,False,NBA,Benoit Benjamin,21.0,LAC,C,79.0,37.0,26.4,4.1,8.4,0.49,0.0,0.0,0.333,4.1,8.3,0.491,0.491,2.9,3.9,0.746,2.0,5.6,7.6,1.0,0.8,2.6,1.8,3.6,11.1
1986,nba smoy,Bill Walton,waltobi01,33,32.0,32.0,78.0,0.41,True,NBA,Bill Walton,33.0,BOS,C,80.0,2.0,19.3,2.9,5.1,0.562,0.0,0.0,,2.9,5.1,0.562,0.562,1.8,2.5,0.713,1.7,5.1,6.8,2.1,0.5,1.3,1.9,2.6,7.6
1986,nba smoy,Ricky Pierce,piercri01,26,11.0,11.0,78.0,0.141,False,NBA,Ricky Pierce,26.0,MIL,SG,81.0,8.0,26.5,5.3,9.9,0.538,0.0,0.3,0.13,5.3,9.6,0.55,0.539,3.3,3.8,0.858,1.2,1.7,2.9,2.2,1.0,0.1,1.3,3.1,13.9
1986,nba smoy,Eddie Johnson,johnsed03,26,10.0,10.0,78.0,0.128,False,NBA,Eddie Johnson,26.0,SAC,SF,82.0,30.0,30.7,7.6,16.0,0.475,0.0,0.2,0.2,7.5,15.7,0.479,0.477,3.4,4.2,0.816,2.1,3.0,5.1,2.6,0.7,0.2,2.3,2.9,18.7
1986,nba smoy,Michael Cooper,coopemi01,29,9.0,9.0,78.0,0.115,False,NBA,Michael Cooper,29.0,LAL,SG,82.0,15.0,27.7,3.3,7.4,0.452,0.8,2.0,0.387,2.6,5.4,0.476,0.504,1.8,2.1,0.865,0.5,2.4,3.0,5.7,1.1,0.5,1.8,2.9,9.2
1986,nba smoy,Thurl Bailey,baileth01,24,5.0,5.0,78.0,0.064,False,NBA,Thurl Bailey,24.0,UTA,PF,82.0,13.0,28.8,5.9,13.1,0.448,0.0,0.1,0.0,5.9,13.0,0.451,0.448,2.8,3.4,0.83,1.8,4.2,6.0,1.9,0.5,1.4,1.8,2.0,14.6
1985,nba dpoy,Mark Eaton,eatonma01,28,32.0,32.0,78.0,0.41,True,NBA,Mark Eaton,28.0,UTA,C,82.0,82.0,34.3,3.7,8.2,0.449,0.0,0.0,,3.7,8.2,0.449,0.449,2.3,3.3,0.712,2.5,8.8,11.3,1.5,0.4,5.6,2.5,3.8,9.7
1985,nba dpoy,Sidney Moncrief,moncrsi01,27,13.0,13.0,78.0,0.167,False,NBA,Sidney Moncrief,27.0,MIL,PG,73.0,72.0,37.5,7.7,15.9,0.483,0.1,0.5,0.273,7.6,15.5,0.489,0.487,6.2,7.5,0.828,2.0,3.3,5.4,5.2,1.6,0.5,2.5,2.7,21.7
1985,nba dpoy,Paul Pressey,presspa01,26,10.0,10.0,78.0,0.128,False,NBA,Paul Pressey,26.0,MIL,SF,80.0,80.0,36.0,6.0,11.6,0.517,0.1,0.3,0.35,5.9,11.4,0.521,0.521,4.0,5.2,0.758,1.9,3.5,5.4,6.8,1.6,0.7,3.1,3.2,16.1
1985,nba dpoy,Michael Cooper,coopemi01,28,9.0,9.0,78.0,0.115,False,NBA,Michael Cooper,28.0,LAL,SG,82.0,20.0,26.7,3.4,7.2,0.465,0.4,1.5,0.285,2.9,5.7,0.513,0.495,1.4,1.6,0.865,0.7,2.4,3.1,5.2,1.1,0.6,1.9,2.5,8.6
1985,nba dpoy,Maurice Cheeks,cheekma01,28,5.0,5.0,78.0,0.064,False,NBA,Maurice Cheeks,28.0,PHI,PG,78.0,78.0,33.5,5.4,9.5,0.57,0.1,0.3,0.231,5.3,9.2,0.582,0.574,2.2,2.6,0.879,0.7,2.1,2.8,6.4,2.2,0.3,2.0,2.4,13.1
1985,nba dpoy,Dennis Johnson,johnsde01,30,3.0,3.0,78.0,0.038,False,NBA,Dennis Johnson,30.0,BOS,PG,80.0,77.0,37.2,6.2,13.3,0.462,0.1,0.3,0.269,6.1,13.0,0.467,0.466,3.3,3.8,0.853,1.1,2.8,4.0,6.8,1.2,0.5,2.7,2.8,15.7
1985,nba dpoy,T.R. Dunn,dunntr01,29,2.0,2.0,78.0,0.026,False,NBA,T.R. Dunn,29.0,DEN,SG,81.0,81.0,28.3,2.2,4.4,0.489,0.0,0.0,0.0,2.2,4.4,0.492,0.489,1.0,1.4,0.724,2.1,2.7,4.8,1.9,1.7,0.2,0.8,2.6,5.4
1985,nba dpoy,Michael Ray Richardson,richami01,29,2.0,2.0,78.0,0.026,False,NBA,Michael Ray Richardson,29.0,NJN,PG,82.0,82.0,38.1,8.4,17.9,0.469,0.4,1.4,0.252,8.1,16.5,0.488,0.479,2.9,3.8,0.767,1.9,3.7,5.6,8.2,3.0,0.3,3.0,3.4,20.1
1985,nba dpoy,Danny Vranes,vraneda01,26,2.0,2.0,78.0,0.026,False,NBA,Danny Vranes,26.0,SEA,SF,76.0,70.0,28.5,2.4,5.3,0.463,0.0,0.1,0.25,2.4,5.2,0.465,0.464,0.9,1.7,0.528,2.0,3.7,5.7,2.0,1.0,0.8,1.6,3.4,5.8
1985,nba mvp,Larry Bird,birdla01,28,73.0,763.0,780.0,0.978,True,NBA,Larry Bird,28.0,BOS,SF,80.0,77.0,39.5,11.5,22.0,0.522,0.7,1.6,0.427,10.8,20.4,0.529,0.538,5.0,5.7,0.882,2.1,8.5,10.5,6.6,1.6,1.2,3.1,2.6,28.7
1985,nba mvp,Magic Johnson,johnsma02,25,1.0,264.0,780.0,0.338,False,NBA,Magic Johnson,25.0,LAL,PG,77.0,77.0,36.1,6.5,11.7,0.561,0.1,0.5,0.189,6.5,11.2,0.577,0.565,5.1,6.0,0.843,1.2,5.0,6.2,12.6,1.5,0.3,4.0,2.0,18.3
1985,nba mvp,Moses Malone,malonmo01,29,0.0,218.0,780.0,0.279,False,NBA,Moses Malone,29.0,PHI,C,79.0,79.0,37.4,7.6,16.3,0.469,0.0,0.0,0.0,7.6,16.2,0.47,0.469,9.3,11.4,0.815,4.9,8.2,13.1,1.6,0.8,1.6,3.6,2.7,24.6
1985,nba mvp,Kareem Abdul-Jabbar,abdulka01,37,0.0,206.0,780.0,0.264,False,NBA,Kareem Abdul-Jabbar,37.0,LAL,C,79.0,79.0,33.3,9.2,15.3,0.599,0.0,0.0,0.0,9.2,15.3,0.6,0.599,3.7,5.0,0.732,2.1,5.8,7.9,3.2,0.8,2.1,2.5,3.0,22.0
1985,nba mvp,Terry Cummings,cummite01,23,2.0,138.0,780.0,0.177,False,NBA,Terry Cummings,23.0,MIL,PF,79.0,78.0,34.5,9.6,19.4,0.495,0.0,0.0,0.0,9.6,19.4,0.496,0.495,4.3,5.9,0.741,3.1,6.0,9.1,2.9,1.5,0.8,2.4,3.3,23.6
1985,nba mvp,Michael Jordan,jordami01,21,2.0,134.0,780.0,0.172,False,NBA,Michael Jordan,21.0,CHI,SG,82.0,82.0,38.3,10.2,19.8,0.515,0.1,0.6,0.173,10.1,19.2,0.526,0.518,7.7,9.1,0.845,2.0,4.5,6.5,5.9,2.4,0.8,3.5,3.5,28.2
1985,nba mvp,Bernard King,kingbe01,28,0.0,70.0,780.0,0.09,False,NBA,Bernard King,28.0,NYK,SF,55.0,55.0,37.5,12.6,23.7,0.53,0.0,0.2,0.1,12.5,23.5,0.534,0.531,7.7,10.0,0.772,2.1,3.7,5.8,3.7,1.3,0.3,3.7,3.5,32.9
1985,nba mvp,Sidney Moncrief,moncrsi01,27,0.0,65.0,780.0,0.083,False,NBA,Sidney Moncrief,27.0,MIL,PG,73.0,72.0,37.5,7.7,15.9,0.483,0.1,0.5,0.273,7.6,15.5,0.489,0.487,6.2,7.5,0.828,2.0,3.3,5.4,5.2,1.6,0.5,2.5,2.7,21.7
1985,nba mvp,Isiah Thomas,thomais01,23,0.0,63.0,780.0,0.081,False,NBA,Isiah Thomas,23.0,DET,PG,81.0,81.0,38.1,8.0,17.4,0.458,0.4,1.4,0.257,7.6,16.0,0.476,0.468,4.9,6.1,0.809,1.4,3.0,4.5,13.9,2.3,0.3,3.7,3.6,21.2
1985,nba mvp,Ralph Sampson,sampsra01,24,0.0,26.0,780.0,0.033,False,NBA,Ralph Sampson,24.0,HOU,PF,82.0,82.0,37.6,9.2,18.3,0.502,0.0,0.1,0.0,9.2,18.2,0.504,0.502,3.7,5.5,0.676,2.8,7.6,10.4,2.7,1.0,2.0,4.0,3.7,22.1
1985,nba mvp,Calvin Natt,nattca01,28,0.0,22.0,780.0,0.028,False,NBA,Calvin Natt,28.0,DEN,PF,78.0,76.0,34.1,8.8,16.1,0.546,0.0,0.0,0.0,8.8,16.1,0.547,0.546,5.7,7.2,0.793,2.7,5.1,7.8,3.1,1.0,0.4,2.4,2.3,23.3
1985,nba mvp,Alex English,englial01,31,0.0,12.0,780.0,0.015,False,NBA,Alex English,31.0,DEN,SF,81.0,81.0,36.1,11.6,22.4,0.518,0.0,0.1,0.2,11.6,22.3,0.519,0.518,4.7,5.7,0.829,2.5,3.1,5.7,4.2,1.2,0.6,3.1,3.2,27.9
1985,nba mvp,Hakeem Olajuwon,olajuha01,22,0.0,12.0,780.0,0.015,False,NBA,Hakeem Olajuwon,22.0,HOU,C,82.0,82.0,35.5,8.3,15.3,0.538,0.0,0.0,,8.3,15.3,0.538,0.538,4.1,6.7,0.613,5.4,6.5,11.9,1.4,1.2,2.7,2.9,4.2,20.6
1985,nba mvp,Michael Ray Richardson,richami01,29,0.0,11.0,780.0,0.014,False,NBA,Michael Ray Richardson,29.0,NJN,PG,82.0,82.0,38.1,8.4,17.9,0.469,0.4,1.4,0.252,8.1,16.5,0.488,0.479,2.9,3.8,0.767,1.9,3.7,5.6,8.2,3.0,0.3,3.0,3.4,20.1
1985,nba mvp,Andrew Toney,toneyan01,27,0.0,5.0,780.0,0.006,False,NBA,Andrew Toney,27.0,PHI,SG,70.0,65.0,32.0,6.4,13.1,0.492,0.6,1.5,0.371,5.9,11.6,0.508,0.514,4.4,5.1,0.862,0.5,2.0,2.5,5.2,0.9,0.3,3.2,3.0,17.8
1985,nba mvp,Mark Eaton,eatonma01,28,0.0,4.0,780.0,0.005,False,NBA,Mark Eaton,28.0,UTA,C,82.0,82.0,34.3,3.7,8.2,0.449,0.0,0.0,,3.7,8.2,0.449,0.449,2.3,3.3,0.712,2.5,8.8,11.3,1.5,0.4,5.6,2.5,3.8,9.7
1985,nba mvp,Paul Pressey,presspa01,26,0.0,3.0,780.0,0.004,False,NBA,Paul Pressey,26.0,MIL,SF,80.0,80.0,36.0,6.0,11.6,0.517,0.1,0.3,0.35,5.9,11.4,0.521,0.521,4.0,5.2,0.758,1.9,3.5,5.4,6.8,1.6,0.7,3.1,3.2,16.1
1985,nba mvp,Jack Sikma,sikmaja01,29,0.0,3.0,780.0,0.004,False,NBA,Jack Sikma,29.0,SEA,C,68.0,68.0,35.3,6.8,13.9,0.489,0.0,0.1,0.2,6.8,13.7,0.492,0.49,4.9,5.8,0.852,2.4,8.2,10.6,4.2,1.2,1.3,2.4,3.5,18.5
1985,nba mvp,Dominique Wilkins,wilkido01,25,0.0,3.0,780.0,0.004,False,NBA,Dominique Wilkins,25.0,ATL,SF,81.0,81.0,37.3,10.5,23.3,0.451,0.3,1.0,0.309,10.2,22.3,0.457,0.458,6.0,7.4,0.806,2.8,4.1,6.9,2.5,1.7,0.7,2.8,2.1,27.4
1985,nba mvp,World B. Free,freewo01,31,0.0,2.0,780.0,0.003,False,NBA,World B. Free,31.0,CLE,SG,71.0,50.0,31.7,8.6,18.7,0.459,1.0,2.7,0.368,7.6,16.0,0.474,0.485,4.3,5.8,0.749,0.9,2.1,3.0,4.5,1.1,0.2,2.0,2.3,22.5
1985,nba mvp,Purvis Short,shortpu01,27,0.0,2.0,780.0,0.003,False,NBA,Purvis Short,27.0,GSW,SF,78.0,77.0,39.5,10.5,22.8,0.46,0.6,1.9,0.313,9.9,20.9,0.474,0.473,6.4,7.9,0.817,2.0,3.1,5.1,3.0,1.5,0.3,3.1,3.3,28.0
1985,nba mvp,Clyde Drexler,drexlcl01,22,0.0,1.0,780.0,0.001,False,NBA,Clyde Drexler,22.0,POR,SG,80.0,43.0,31.9,7.2,14.5,0.494,0.1,0.5,0.216,7.1,14.1,0.503,0.497,2.8,3.7,0.759,2.7,3.2,6.0,5.5,2.2,0.9,2.8,3.3,17.2
1985,nba mvp,Julius Erving,ervinju01,34,0.0,1.0,780.0,0.001,False,NBA,Julius Erving,34.0,PHI,SF,78.0,78.0,32.5,7.8,15.8,0.494,0.0,0.2,0.214,7.8,15.7,0.497,0.495,4.3,5.7,0.765,2.2,3.1,5.3,3.0,1.7,1.4,2.7,2.6,20.0
1985,nba roy,Michael Jordan,jordami01,21,57.5,57.5,78.0,0.737,True,NBA,Michael Jordan,21.0,CHI,SG,82.0,82.0,38.3,10.2,19.8,0.515,0.1,0.6,0.173,10.1,19.2,0.526,0.518,7.7,9.1,0.845,2.0,4.5,6.5,5.9,2.4,0.8,3.5,3.5,28.2
1985,nba roy,Hakeem Olajuwon,olajuha01,22,20.5,20.5,78.0,0.263,False,NBA,Hakeem Olajuwon,22.0,HOU,C,82.0,82.0,35.5,8.3,15.3,0.538,0.0,0.0,,8.3,15.3,0.538,0.538,4.1,6.7,0.613,5.4,6.5,11.9,1.4,1.2,2.7,2.9,4.2,20.6
1985,nba smoy,Kevin McHale,mchalke01,27,57.0,57.0,78.0,0.731,True,NBA,Kevin McHale,27.0,BOS,PF,79.0,31.0,33.6,7.7,13.4,0.57,0.0,0.1,0.0,7.7,13.4,0.573,0.57,4.5,5.9,0.76,2.9,6.1,9.0,1.8,0.4,1.5,2.0,3.0,19.8
1985,nba smoy,Clyde Drexler,drexlcl01,22,5.0,5.0,78.0,0.064,False,NBA,Clyde Drexler,22.0,POR,SG,80.0,43.0,31.9,7.2,14.5,0.494,0.1,0.5,0.216,7.1,14.1,0.503,0.497,2.8,3.7,0.759,2.7,3.2,6.0,5.5,2.2,0.9,2.8,3.3,17.2
1985,nba smoy,Dan Issel,isselda01,36,5.0,5.0,78.0,0.064,False,NBA,Dan Issel,36.0,DEN,C,77.0,9.0,21.9,4.7,10.3,0.459,0.0,0.1,0.143,4.7,10.2,0.462,0.46,3.3,4.1,0.806,1.0,3.3,4.3,1.8,0.8,0.4,1.2,2.2,12.8
1985,nba smoy,Michael Cooper,coopemi01,28,4.0,4.0,78.0,0.051,False,NBA,Michael Cooper,28.0,LAL,SG,82.0,20.0,26.7,3.4,7.2,0.465,0.4,1.5,0.285,2.9,5.7,0.513,0.495,1.4,1.6,0.865,0.7,2.4,3.1,5.2,1.1,0.6,1.9,2.5,8.6
1985,nba smoy,Jay Vincent,vinceja01,25,2.0,2.0,78.0,0.026,False,NBA,Jay Vincent,25.0,DAL,PF,79.0,47.0,32.2,6.9,14.4,0.479,0.0,0.1,0.0,6.9,14.4,0.481,0.479,4.4,5.3,0.836,2.3,6.6,8.9,2.1,0.6,0.3,2.2,2.9,18.2
1985,nba smoy,Quintin Dailey,dailequ01,24,1.0,1.0,78.0,0.013,False,NBA,Quintin Dailey,24.0,CHI,SG,79.0,0.0,26.6,6.6,14.1,0.473,0.1,0.4,0.233,6.6,13.7,0.479,0.476,2.6,3.2,0.817,0.7,1.9,2.6,2.4,0.9,0.1,1.9,2.4,16.0
1985,nba smoy,Bobby Jones,jonesbo01,33,1.0,1.0,78.0,0.013,False,NBA,Bobby Jones,33.0,PHI,PF,80.0,8.0,20.4,2.6,4.8,0.538,0.0,0.1,0.0,2.6,4.8,0.543,0.538,2.3,2.7,0.861,1.3,2.4,3.7,1.9,1.1,0.6,1.5,2.3,7.5
1985,nba smoy,Bob McAdoo,mcadobo01,33,1.0,1.0,78.0,0.013,False,NBA,Bob McAdoo,33.0,LAL,C,66.0,0.0,19.0,4.3,8.3,0.52,0.0,0.0,0.0,4.3,8.3,0.521,0.52,1.8,2.5,0.753,1.2,3.3,4.5,1.0,0.3,0.8,1.4,2.6,10.5
1985,nba smoy,Terry Tyler,tylerte01,28,1.0,1.0,78.0,0.013,False,NBA,Terry Tyler,28.0,DET,SF,82.0,53.0,24.4,5.1,10.4,0.494,0.0,0.1,0.0,5.1,10.3,0.498,0.494,1.3,1.8,0.716,1.8,3.4,5.2,0.8,0.6,1.1,0.9,2.3,11.6
1985,nba smoy,Mike Woodson,woodsmi01,26,1.0,1.0,78.0,0.013,False,NBA,Mike Woodson,26.0,KCK,SG,78.0,3.0,25.6,6.8,13.7,0.496,0.1,0.3,0.238,6.7,13.4,0.501,0.499,3.4,4.2,0.8,0.9,1.7,2.5,1.8,1.5,0.4,1.8,2.8,17.0
1984,nba dpoy,Sidney Moncrief,moncrsi01,26,19.0,19.0,76.0,0.25,True,NBA,Sidney Moncrief,26.0,MIL,SG,79.0,79.0,38.9,7.1,14.2,0.498,0.1,0.2,0.278,7.0,14.0,0.501,0.5,6.7,7.9,0.848,2.7,4.0,6.7,4.5,1.4,0.3,2.7,2.6,20.9
1984,nba dpoy,Mark Eaton,eatonma01,27,14.0,14.0,76.0,0.184,False,NBA,Mark Eaton,27.0,UTA,C,82.0,78.0,26.1,2.4,5.1,0.466,0.0,0.0,0.0,2.4,5.1,0.467,0.466,0.9,1.5,0.593,1.8,5.5,7.3,1.4,0.3,4.3,1.2,3.7,5.6
1984,nba dpoy,Dennis Johnson,johnsde01,29,7.0,7.0,76.0,0.092,False,NBA,Dennis Johnson,29.0,BOS,SG,80.0,78.0,33.3,4.8,11.0,0.437,0.1,0.4,0.125,4.8,10.6,0.449,0.44,3.5,4.1,0.852,1.1,2.4,3.5,4.2,1.2,0.7,2.2,3.1,13.2
1984,nba dpoy,Maurice Cheeks,cheekma01,27,5.0,5.0,76.0,0.066,False,NBA,Maurice Cheeks,27.0,PHI,PG,75.0,75.0,33.3,5.1,9.4,0.55,0.1,0.3,0.4,5.0,9.1,0.554,0.556,2.3,3.1,0.733,0.6,2.1,2.7,6.4,2.3,0.3,2.4,2.6,12.7
1984,nba dpoy,Michael Cooper,coopemi01,27,5.0,5.0,76.0,0.066,False,NBA,Michael Cooper,27.0,LAL,SG,82.0,9.0,29.1,3.3,6.7,0.497,0.5,1.5,0.314,2.9,5.2,0.549,0.532,1.9,2.3,0.838,0.6,2.5,3.2,5.9,1.4,0.8,1.8,3.3,9.0
1984,nba dpoy,Bobby Jones,jonesbo01,32,5.0,5.0,76.0,0.066,False,NBA,Bobby Jones,32.0,PHI,PF,75.0,0.0,23.5,3.0,5.8,0.523,0.0,0.0,0.0,3.0,5.7,0.524,0.523,2.2,2.8,0.784,1.2,3.1,4.3,2.5,1.4,1.4,1.3,2.7,8.3
1984,nba dpoy,T.R. Dunn,dunntr01,28,4.0,4.0,76.0,0.053,False,NBA,T.R. Dunn,28.0,DEN,SG,80.0,74.0,33.8,2.2,4.6,0.47,0.0,0.0,0.0,2.2,4.6,0.472,0.47,1.3,1.8,0.731,2.4,4.7,7.2,2.9,2.2,0.4,1.2,2.9,5.7
1984,nba dpoy,Rickey Green,greenri01,29,3.0,3.0,76.0,0.039,False,NBA,Rickey Green,29.0,UTA,PG,81.0,81.0,34.2,5.4,11.2,0.486,0.0,0.2,0.118,5.4,11.0,0.493,0.487,2.4,2.9,0.821,0.7,2.1,2.8,9.2,2.7,0.2,2.1,1.9,13.2
1984,nba dpoy,Larry Nance,nancela01,24,2.0,2.0,76.0,0.026,False,NBA,Larry Nance,24.0,PHO,PF,82.0,82.0,35.4,7.3,12.7,0.576,0.0,0.1,0.0,7.3,12.6,0.58,0.576,3.0,4.3,0.707,2.8,5.5,8.3,2.6,1.0,2.1,2.2,3.3,17.7
1984,nba dpoy,Calvin Natt,nattca01,27,2.0,2.0,76.0,0.026,False,NBA,Calvin Natt,27.0,POR,SF,79.0,74.0,33.4,6.3,10.8,0.583,0.0,0.2,0.118,6.3,10.6,0.593,0.585,3.5,4.4,0.797,2.1,3.9,6.0,2.3,0.9,0.3,2.1,2.8,16.2
1984,nba dpoy,Rory Sparrow,sparrro01,25,2.0,2.0,76.0,0.026,False,NBA,Rory Sparrow,25.0,NYK,PG,79.0,74.0,30.8,4.4,9.3,0.474,0.1,0.5,0.256,4.3,8.8,0.486,0.481,1.4,1.7,0.824,0.6,1.8,2.4,6.8,1.3,0.1,2.7,2.9,10.4
1984,nba dpoy,Larry Bird,birdla01,27,1.0,1.0,76.0,0.013,False,NBA,Larry Bird,27.0,BOS,PF,79.0,77.0,38.3,9.6,19.5,0.492,0.2,0.9,0.247,9.4,18.6,0.504,0.497,4.7,5.3,0.888,2.3,7.8,10.1,6.6,1.8,0.9,3.0,2.5,24.2
1984,nba dpoy,Magic Johnson,johnsma02,24,1.0,1.0,76.0,0.013,False,NBA,Magic Johnson,24.0,LAL,PG,67.0,66.0,38.3,6.6,11.6,0.565,0.1,0.4,0.207,6.5,11.2,0.579,0.569,4.3,5.3,0.81,1.5,5.9,7.3,13.1,2.2,0.7,4.6,2.5,17.6
1984,nba dpoy,Bill Laimbeer,laimbbi01,26,1.0,1.0,76.0,0.013,False,NBA,Bill Laimbeer,26.0,DET,C,82.0,82.0,34.9,6.7,12.7,0.53,0.0,0.1,0.0,6.7,12.6,0.535,0.53,3.9,4.5,0.866,4.0,8.2,12.2,1.8,0.6,1.0,1.8,3.3,17.3
1984,nba dpoy,Moses Malone,malonmo01,28,1.0,1.0,76.0,0.013,False,NBA,Moses Malone,28.0,PHI,C,71.0,71.0,36.8,7.5,15.5,0.483,0.0,0.1,0.0,7.5,15.5,0.485,0.483,7.7,10.2,0.75,5.0,8.4,13.4,1.4,1.0,1.5,3.5,2.6,22.7
1984,nba dpoy,Tree Rollins,rollitr01,28,1.0,1.0,76.0,0.013,False,NBA,Tree Rollins,28.0,ATL,C,77.0,76.0,30.5,3.6,6.9,0.518,0.0,0.0,,3.6,6.9,0.518,0.518,1.5,2.5,0.621,2.6,5.1,7.7,0.8,0.5,3.6,1.3,3.9,8.6
1984,nba dpoy,Lonnie Shelton,sheltlo01,28,1.0,1.0,76.0,0.013,False,NBA,Lonnie Shelton,28.0,CLE,PF,79.0,78.0,26.6,4.7,9.9,0.476,0.0,0.1,0.2,4.7,9.8,0.478,0.477,1.4,1.8,0.764,1.8,3.1,4.8,2.3,1.0,0.7,2.1,3.5,10.8
1984,nba dpoy,Mychal Thompson,thompmy01,29,1.0,1.0,76.0,0.013,False,NBA,Mychal Thompson,29.0,POR,C,79.0,74.0,33.5,6.2,11.8,0.524,0.0,0.0,0.0,6.2,11.7,0.525,0.524,3.4,5.1,0.667,3.0,5.7,8.7,3.9,1.1,1.4,3.0,3.0,15.7
1984,nba dpoy,Jamaal Wilkes,wilkeja01,30,1.0,1.0,76.0,0.013,False,NBA,Jamaal Wilkes,30.0,LAL,SF,75.0,74.0,33.4,7.2,14.1,0.514,0.0,0.1,0.25,7.2,14.0,0.516,0.515,2.8,3.7,0.743,1.7,2.8,4.5,2.9,1.0,0.5,1.8,2.7,17.3
1984,nba mvp,Larry Bird,birdla01,27,52.0,652.0,760.0,0.858,True,NBA,Larry Bird,27.0,BOS,PF,79.0,77.0,38.3,9.6,19.5,0.492,0.2,0.9,0.247,9.4,18.6,0.504,0.497,4.7,5.3,0.888,2.3,7.8,10.1,6.6,1.8,0.9,3.0,2.5,24.2
1984,nba mvp,Bernard King,kingbe01,27,11.0,373.0,760.0,0.491,False,NBA,Bernard King,27.0,NYK,SF,77.0,76.0,34.6,10.3,18.1,0.572,0.0,0.1,0.0,10.3,18.0,0.573,0.572,5.7,7.3,0.779,1.6,3.5,5.1,2.1,1.0,0.2,2.6,3.5,26.3
1984,nba mvp,Magic Johnson,johnsma02,24,5.0,305.0,760.0,0.401,False,NBA,Magic Johnson,24.0,LAL,PG,67.0,66.0,38.3,6.6,11.6,0.565,0.1,0.4,0.207,6.5,11.2,0.579,0.569,4.3,5.3,0.81,1.5,5.9,7.3,13.1,2.2,0.7,4.6,2.5,17.6
1984,nba mvp,Kareem Abdul-Jabbar,abdulka01,36,3.0,153.0,760.0,0.201,False,NBA,Kareem Abdul-Jabbar,36.0,LAL,C,80.0,80.0,32.8,9.0,15.5,0.578,0.0,0.0,0.0,9.0,15.5,0.579,0.578,3.6,4.9,0.723,2.1,5.2,7.3,2.6,0.7,1.8,2.8,2.6,21.5
1984,nba mvp,Isiah Thomas,thomais01,22,1.0,115.0,760.0,0.151,False,NBA,Isiah Thomas,22.0,DET,PG,82.0,82.0,36.7,8.2,17.7,0.462,0.3,0.8,0.338,7.9,16.9,0.468,0.47,4.7,6.5,0.733,1.3,2.7,4.0,11.1,2.5,0.4,3.7,4.0,21.3
1984,nba mvp,Julius Erving,ervinju01,33,1.0,98.0,760.0,0.129,False,NBA,Julius Erving,33.0,PHI,SF,77.0,77.0,34.8,8.8,17.2,0.512,0.1,0.3,0.333,8.7,16.9,0.515,0.515,4.7,6.3,0.754,2.5,4.4,6.9,4.0,1.8,1.8,3.0,2.8,22.4
1984,nba mvp,Adrian Dantley,dantlad01,28,1.0,88.0,760.0,0.116,False,NBA,Adrian Dantley,28.0,UTA,SF,79.0,79.0,37.8,10.2,18.2,0.558,0.0,0.1,0.25,10.1,18.2,0.559,0.558,10.3,12.0,0.859,2.3,3.4,5.7,3.9,0.8,0.1,3.3,2.5,30.6
1984,nba mvp,Sidney Moncrief,moncrsi01,26,1.0,70.0,760.0,0.092,False,NBA,Sidney Moncrief,26.0,MIL,SG,79.0,79.0,38.9,7.1,14.2,0.498,0.1,0.2,0.278,7.0,14.0,0.501,0.5,6.7,7.9,0.848,2.7,4.0,6.7,4.5,1.4,0.3,2.7,2.6,20.9
1984,nba mvp,Jeff Ruland,rulanje01,25,1.0,38.0,760.0,0.05,False,NBA,Jeff Ruland,25.0,WSB,C,75.0,75.0,41.1,8.0,13.8,0.579,0.0,0.1,0.143,8.0,13.7,0.582,0.579,6.2,8.5,0.733,3.5,8.8,12.3,3.9,0.9,1.0,4.6,3.8,22.2
1984,nba mvp,Moses Malone,malonmo01,28,0.0,35.0,760.0,0.046,False,NBA,Moses Malone,28.0,PHI,C,71.0,71.0,36.8,7.5,15.5,0.483,0.0,0.1,0.0,7.5,15.5,0.485,0.483,7.7,10.2,0.75,5.0,8.4,13.4,1.4,1.0,1.5,3.5,2.6,22.7
1984,nba mvp,Mark Aguirre,aguirma01,24,0.0,28.0,760.0,0.037,False,NBA,Mark Aguirre,24.0,DAL,SF,79.0,79.0,36.7,11.7,22.3,0.524,0.2,0.7,0.268,11.5,21.6,0.532,0.528,5.9,7.9,0.749,2.0,3.9,5.9,4.5,1.0,0.3,3.6,3.1,29.5
1984,nba mvp,Bill Laimbeer,laimbbi01,26,0.0,9.0,760.0,0.012,False,NBA,Bill Laimbeer,26.0,DET,C,82.0,82.0,34.9,6.7,12.7,0.53,0.0,0.1,0.0,6.7,12.6,0.535,0.53,3.9,4.5,0.866,4.0,8.2,12.2,1.8,0.6,1.0,1.8,3.3,17.3
1984,nba mvp,Rickey Green,greenri01,29,0.0,8.0,760.0,0.011,False,NBA,Rickey Green,29.0,UTA,PG,81.0,81.0,34.2,5.4,11.2,0.486,0.0,0.2,0.118,5.4,11.0,0.493,0.487,2.4,2.9,0.821,0.7,2.1,2.8,9.2,2.7,0.2,2.1,1.9,13.2
1984,nba mvp,World B. Free,freewo01,30,0.0,1.0,760.0,0.001,False,NBA,World B. Free,30.0,CLE,SG,75.0,71.0,31.7,8.3,18.8,0.445,0.3,0.9,0.319,8.1,17.8,0.451,0.453,5.3,6.7,0.784,1.2,1.7,2.9,3.0,1.3,0.1,2.1,2.9,22.3
1984,nba mvp,Marques Johnson,johnsma01,27,0.0,1.0,760.0,0.001,False,NBA,Marques Johnson,27.0,MIL,SF,74.0,74.0,36.7,8.7,17.4,0.502,0.0,0.2,0.154,8.7,17.2,0.505,0.502,3.3,4.6,0.709,2.3,4.1,6.5,4.3,1.6,0.6,2.4,2.6,20.7
1984,nba roy,Ralph Sampson,sampsra01,23,76.0,76.0,76.0,1.0,True,NBA,Ralph Sampson,23.0,HOU,C,82.0,82.0,32.8,8.7,16.7,0.523,0.0,0.0,0.25,8.7,16.6,0.524,0.523,3.5,5.3,0.661,3.6,7.6,11.1,2.0,0.9,2.4,3.6,4.1,21.0
1984,nba smoy,Kevin McHale,mchalke01,26,59.0,59.0,76.0,0.776,True,NBA,Kevin McHale,26.0,BOS,PF,82.0,10.0,31.4,7.2,12.9,0.556,0.0,0.0,0.333,7.1,12.8,0.557,0.557,4.1,5.4,0.765,2.5,4.9,7.4,1.3,0.3,1.5,1.8,3.0,18.4
1984,nba smoy,John Drew,drewjo01,29,14.0,14.0,76.0,0.184,False,NBA,John Drew,29.0,UTA,SF,81.0,4.0,22.2,6.3,13.2,0.479,0.1,0.3,0.273,6.2,12.9,0.483,0.482,5.0,6.4,0.778,1.8,2.4,4.2,1.7,1.1,0.0,2.4,2.6,17.7
1984,nba smoy,Kenny Carr,carrke01,28,1.0,1.0,76.0,0.013,False,NBA,Kenny Carr,28.0,POR,PF,82.0,57.0,29.9,6.3,11.3,0.561,0.0,0.1,0.0,6.3,11.2,0.564,0.561,3.0,4.5,0.673,2.5,5.3,7.8,1.9,0.8,0.4,2.5,3.3,15.6
1984,nba smoy,Phil Hubbard,hubbaph01,27,1.0,1.0,76.0,0.013,False,NBA,Phil Hubbard,27.0,CLE,SF,80.0,6.0,22.5,4.0,7.9,0.511,0.0,0.0,0.0,4.0,7.8,0.512,0.511,2.8,3.7,0.739,2.2,2.6,4.8,1.1,0.9,0.1,1.4,3.1,10.8
1984,nba smoy,Bobby Jones,jonesbo01,32,1.0,1.0,76.0,0.013,False,NBA,Bobby Jones,32.0,PHI,PF,75.0,0.0,23.5,3.0,5.8,0.523,0.0,0.0,0.0,3.0,5.7,0.524,0.523,2.2,2.8,0.784,1.2,3.1,4.3,2.5,1.4,1.4,1.3,2.7,8.3
1983,nba dpoy,Sidney Moncrief,moncrsi01,25,14.0,14.0,75.0,0.187,True,NBA,Sidney Moncrief,25.0,MIL,SG,76.0,76.0,35.7,8.0,15.2,0.524,0.0,0.1,0.1,8.0,15.1,0.528,0.525,6.6,7.9,0.826,2.5,3.2,5.8,3.9,1.5,0.3,2.6,2.4,22.5
1983,nba dpoy,Tree Rollins,rollitr01,27,10.0,10.0,75.0,0.133,False,NBA,Tree Rollins,27.0,ATL,C,80.0,80.0,30.9,3.3,6.4,0.51,0.0,0.0,0.0,3.3,6.4,0.511,0.51,1.2,1.7,0.726,2.6,6.7,9.3,0.9,0.6,4.3,1.2,3.7,7.8
1983,nba dpoy,Larry Bird,birdla01,26,6.0,6.0,75.0,0.08,False,NBA,Larry Bird,26.0,BOS,PF,79.0,79.0,37.7,9.5,18.7,0.504,0.3,1.0,0.286,9.2,17.8,0.516,0.512,4.4,5.3,0.84,2.4,8.6,11.0,5.8,1.9,0.9,3.0,2.5,23.6
1983,nba dpoy,Maurice Cheeks,cheekma01,26,6.0,6.0,75.0,0.08,False,NBA,Maurice Cheeks,26.0,PHI,PG,79.0,79.0,31.2,5.1,9.4,0.542,0.0,0.1,0.167,5.1,9.4,0.545,0.543,2.3,3.0,0.754,0.7,2.0,2.6,6.9,2.3,0.4,2.3,2.3,12.5
1983,nba dpoy,Michael Cooper,coopemi01,26,6.0,6.0,75.0,0.08,False,NBA,Michael Cooper,26.0,LAL,SG,82.0,3.0,26.2,3.2,6.1,0.535,0.1,0.3,0.238,3.2,5.8,0.548,0.54,1.2,1.6,0.785,1.0,2.3,3.3,3.8,1.4,0.6,1.6,2.5,7.8
1983,nba dpoy,Bobby Jones,jonesbo01,31,6.0,6.0,75.0,0.08,False,NBA,Bobby Jones,31.0,PHI,PF,74.0,0.0,23.6,3.4,6.2,0.543,0.0,0.0,0.0,3.4,6.2,0.545,0.543,2.2,2.8,0.793,1.4,3.3,4.6,1.9,1.1,1.2,1.5,2.7,9.0
1983,nba mvp,Moses Malone,malonmo01,27,69.0,720.0,750.0,0.96,True,NBA,Moses Malone,27.0,PHI,C,78.0,78.0,37.5,8.4,16.7,0.501,0.0,0.0,0.0,8.4,16.7,0.502,0.501,7.7,10.1,0.761,5.7,9.6,15.3,1.3,1.1,2.0,3.4,2.6,24.5
1983,nba mvp,Larry Bird,birdla01,26,1.0,364.0,750.0,0.485,False,NBA,Larry Bird,26.0,BOS,PF,79.0,79.0,37.7,9.5,18.7,0.504,0.3,1.0,0.286,9.2,17.8,0.516,0.512,4.4,5.3,0.84,2.4,8.6,11.0,5.8,1.9,0.9,3.0,2.5,23.6
1983,nba mvp,Magic Johnson,johnsma02,23,2.0,304.5,750.0,0.406,False,NBA,Magic Johnson,23.0,LAL,SG,79.0,79.0,36.8,6.5,11.8,0.548,0.0,0.3,0.0,6.5,11.5,0.56,0.548,3.8,4.8,0.8,2.7,5.9,8.6,10.5,2.2,0.6,3.8,2.5,16.8
1983,nba mvp,Sidney Moncrief,moncrsi01,25,0.0,226.0,750.0,0.301,False,NBA,Sidney Moncrief,25.0,MIL,SG,76.0,76.0,35.7,8.0,15.2,0.524,0.0,0.1,0.1,8.0,15.1,0.528,0.525,6.6,7.9,0.826,2.5,3.2,5.8,3.9,1.5,0.3,2.6,2.4,22.5
1983,nba mvp,Julius Erving,ervinju01,32,3.0,112.0,750.0,0.149,False,NBA,Julius Erving,32.0,PHI,SF,72.0,72.0,33.6,8.4,16.3,0.517,0.0,0.1,0.286,8.4,16.2,0.518,0.518,4.6,6.0,0.759,2.4,4.4,6.8,3.7,1.6,1.8,2.7,2.8,21.4
1983,nba mvp,Alex English,englial01,29,0.0,42.0,750.0,0.056,False,NBA,Alex English,29.0,DEN,SF,82.0,82.0,36.4,11.7,22.6,0.516,0.0,0.1,0.167,11.7,22.5,0.519,0.517,5.0,6.0,0.829,3.2,4.1,7.3,4.8,1.4,1.5,3.2,2.9,28.4
1983,nba mvp,Buck Williams,willibu01,22,0.0,40.0,750.0,0.053,False,NBA,Buck Williams,22.0,NJN,PF,82.0,82.0,36.1,6.5,11.1,0.588,0.0,0.0,0.0,6.5,11.1,0.59,0.588,4.0,6.4,0.62,4.5,8.1,12.5,1.5,1.1,1.3,3.0,3.3,17.0
1983,nba mvp,Artis Gilmore,gilmoar01,33,0.0,33.0,750.0,0.044,False,NBA,Artis Gilmore,33.0,SAS,C,82.0,82.0,34.1,6.8,10.8,0.626,0.0,0.1,0.0,6.8,10.8,0.63,0.626,4.5,6.0,0.74,3.6,8.4,12.0,1.5,0.5,2.3,3.1,3.3,18.0
1983,nba mvp,George Gervin,gervige01,30,0.0,30.0,750.0,0.04,False,NBA,George Gervin,30.0,SAS,SG,78.0,78.0,36.3,9.7,19.9,0.487,0.2,0.4,0.364,9.6,19.5,0.49,0.491,6.6,7.8,0.853,1.4,3.2,4.6,3.4,1.1,0.9,3.2,3.1,26.2
1983,nba mvp,Kareem Abdul-Jabbar,abdulka01,35,0.0,15.0,750.0,0.02,False,NBA,Kareem Abdul-Jabbar,35.0,LAL,C,79.0,79.0,32.3,9.1,15.5,0.588,0.0,0.0,0.0,9.1,15.5,0.589,0.588,3.5,4.7,0.749,2.1,5.4,7.5,2.5,0.8,2.2,2.5,2.8,21.8
1983,nba mvp,Jack Sikma,sikmaja01,27,0.0,13.0,750.0,0.017,False,NBA,Jack Sikma,27.0,SEA,C,75.0,71.0,34.2,6.5,13.9,0.464,0.0,0.1,0.0,6.5,13.8,0.468,0.464,5.3,6.4,0.837,2.8,8.6,11.4,3.1,1.2,0.9,2.5,3.5,18.2
1983,nba mvp,Jeff Ruland,rulanje01,24,0.0,12.0,750.0,0.016,False,NBA,Jeff Ruland,24.0,WSB,C,79.0,47.0,36.2,7.3,13.3,0.552,0.0,0.0,0.333,7.3,13.3,0.552,0.552,4.7,6.9,0.689,3.7,7.3,11.0,3.0,0.9,1.0,3.8,3.9,19.4
1983,nba mvp,Terry Cummings,cummite01,21,0.0,10.0,750.0,0.013,False,NBA,Terry Cummings,21.0,SDC,PF,70.0,69.0,36.2,9.8,18.7,0.523,0.0,0.0,0.0,9.8,18.7,0.523,0.523,4.2,5.9,0.709,4.3,6.3,10.6,2.5,1.8,0.9,2.9,4.2,23.7
1983,nba mvp,Maurice Lucas,lucasma01,30,0.0,9.0,750.0,0.012,False,NBA,Maurice Lucas,30.0,PHO,PF,77.0,71.0,33.6,6.4,13.6,0.474,0.0,0.0,0.333,6.4,13.5,0.474,0.474,3.6,4.6,0.781,2.6,7.8,10.4,2.8,0.7,0.6,2.9,3.6,16.5
1983,nba mvp,Alton Lister,listeal01,24,0.0,5.0,750.0,0.007,False,NBA,Alton Lister,24.0,MIL,PF,80.0,37.0,23.6,3.4,6.4,0.529,0.0,0.0,,3.4,6.4,0.529,0.529,1.6,3.0,0.537,2.1,5.0,7.1,1.4,0.6,2.2,2.3,4.1,8.4
1983,nba mvp,Bernard King,kingbe01,26,0.0,4.0,750.0,0.005,False,NBA,Bernard King,26.0,NYK,SF,68.0,68.0,32.5,8.9,16.8,0.528,0.0,0.1,0.0,8.9,16.7,0.531,0.528,4.1,5.7,0.722,1.5,3.3,4.8,2.9,1.3,0.2,2.9,3.4,21.9
1983,nba mvp,Isiah Thomas,thomais01,21,0.0,4.0,750.0,0.005,False,NBA,Isiah Thomas,21.0,DET,PG,81.0,81.0,38.2,9.0,19.0,0.472,0.4,1.5,0.288,8.5,17.4,0.488,0.483,4.5,6.4,0.71,1.3,2.8,4.0,7.8,2.5,0.4,4.0,3.9,22.9
1983,nba mvp,Larry Drew,drewla01,24,0.0,3.0,750.0,0.004,False,NBA,Larry Drew,24.0,KCK,PG,75.0,74.0,35.9,8.0,16.2,0.492,0.0,0.2,0.125,8.0,16.0,0.497,0.493,4.1,5.0,0.82,0.6,2.2,2.8,8.1,1.7,0.1,3.6,2.8,20.1
1983,nba mvp,Gus Williams,willigu01,29,0.0,3.0,750.0,0.004,False,NBA,Gus Williams,29.0,SEA,PG,80.0,80.0,34.5,8.3,17.3,0.477,0.0,0.5,0.047,8.2,16.8,0.491,0.478,3.5,4.6,0.751,0.9,1.7,2.6,8.0,2.3,0.3,2.9,1.5,20.0
1983,nba mvp,Dan Roundfield,roundda01,29,0.0,2.0,750.0,0.003,False,NBA,Dan Roundfield,29.0,ATL,PF,77.0,76.0,36.5,7.3,15.5,0.47,0.1,0.4,0.185,7.2,15.1,0.477,0.472,4.4,5.8,0.749,3.4,8.1,11.4,2.9,0.8,1.5,3.2,3.1,19.0
1983,nba mvp,Marques Johnson,johnsma01,26,0.0,1.5,750.0,0.002,False,NBA,Marques Johnson,26.0,MIL,SF,80.0,80.0,35.7,9.0,17.8,0.509,0.1,0.3,0.2,9.0,17.5,0.514,0.511,3.3,4.5,0.735,2.5,4.6,7.0,4.5,1.3,0.7,2.5,2.6,21.4
1983,nba mvp,Norm Nixon,nixonno01,27,0.0,1.0,750.0,0.001,False,NBA,Norm Nixon,27.0,LAL,PG,79.0,79.0,34.3,6.7,14.2,0.475,0.0,0.2,0.0,6.7,14.1,0.48,0.475,1.6,2.1,0.744,0.8,1.8,2.6,7.2,1.3,0.1,3.0,2.2,15.1
1983,nba mvp,Kiki Vandeweghe,vandeki01,24,0.0,1.0,750.0,0.001,False,NBA,Kiki Vandeweghe,24.0,DEN,PF,82.0,79.0,35.5,10.3,18.7,0.547,0.2,0.6,0.294,10.1,18.1,0.556,0.552,6.0,6.8,0.875,1.5,3.8,5.3,2.5,0.8,0.5,2.2,2.4,26.7
1983,nba roy,Terry Cummings,cummite01,21,60.0,60.0,74.0,0.811,True,NBA,Terry Cummings,21.0,SDC,PF,70.0,69.0,36.2,9.8,18.7,0.523,0.0,0.0,0.0,9.8,18.7,0.523,0.523,4.2,5.9,0.709,4.3,6.3,10.6,2.5,1.8,0.9,2.9,4.2,23.7
1983,nba roy,Clark Kellogg,kellocl01,21,11.0,11.0,74.0,0.149,False,NBA,Clark Kellogg,21.0,IND,PF,81.0,81.0,34.1,8.4,17.5,0.479,0.0,0.2,0.222,8.3,17.3,0.482,0.48,3.2,4.3,0.741,4.2,6.4,10.6,2.8,1.7,0.5,2.7,3.7,20.1
1983,nba roy,James Worthy,worthja01,21,3.0,3.0,74.0,0.041,False,NBA,James Worthy,21.0,LAL,SF,77.0,1.0,25.6,5.8,10.0,0.579,0.0,0.1,0.25,5.8,10.0,0.581,0.58,1.8,2.9,0.624,2.0,3.1,5.2,1.7,1.2,0.8,2.3,2.9,13.4
1983,nba smoy,Bobby Jones,,31,,,,,True,,,,,,,,,,,,,,,,,,,,,,,,,,,,,,
1982,nba mvp,Moses Malone,malonmo01,26,40.0,507.0,690.0,0.735,True,NBA,Moses Malone,26.0,HOU,C,81.0,81.0,42.0,11.7,22.5,0.519,0.0,0.1,0.0,11.7,22.4,0.52,0.519,7.8,10.2,0.762,6.9,7.8,14.7,1.8,0.9,1.5,3.6,2.6,31.1
1982,nba mvp,Larry Bird,birdla01,25,20.0,406.0,690.0,0.588,False,NBA,Larry Bird,25.0,BOS,PF,77.0,58.0,38.0,9.2,18.4,0.503,0.1,0.7,0.212,9.1,17.7,0.514,0.507,4.3,4.9,0.863,2.6,8.3,10.9,5.8,1.9,0.9,3.3,3.2,22.9
1982,nba mvp,Julius Erving,ervinju01,31,1.0,203.0,690.0,0.294,False,NBA,Julius Erving,31.0,PHI,SF,81.0,81.0,34.4,9.6,17.6,0.546,0.0,0.1,0.273,9.6,17.5,0.548,0.547,5.1,6.7,0.763,2.7,4.2,6.9,3.9,2.0,1.7,2.6,2.8,24.4
1982,nba mvp,Robert Parish,parisro01,28,4.0,131.0,690.0,0.19,False,NBA,Robert Parish,28.0,BOS,C,80.0,78.0,31.7,8.4,15.4,0.542,0.0,0.0,,8.4,15.4,0.542,0.542,3.2,4.4,0.71,3.6,7.2,10.8,1.8,0.9,2.4,2.8,3.3,19.9
1982,nba mvp,Gus Williams,willigu01,28,2.0,115.0,690.0,0.167,False,NBA,Gus Williams,28.0,SEA,PG,80.0,80.0,36.0,9.7,19.9,0.486,0.1,0.5,0.225,9.6,19.4,0.492,0.488,4.0,5.5,0.734,1.2,1.9,3.1,6.9,2.2,0.5,2.5,2.0,23.4
1982,nba mvp,George Gervin,gervige01,29,1.0,110.0,690.0,0.159,False,NBA,George Gervin,29.0,SAS,SG,79.0,79.0,35.7,12.6,25.2,0.5,0.1,0.5,0.278,12.4,24.7,0.504,0.502,7.0,8.1,0.864,1.7,3.2,5.0,2.4,1.0,0.6,2.7,2.7,32.3
1982,nba mvp,Sidney Moncrief,moncrsi01,24,1.0,101.0,690.0,0.146,False,NBA,Sidney Moncrief,24.0,MIL,SG,80.0,80.0,37.3,7.0,13.3,0.523,0.0,0.2,0.071,6.9,13.1,0.529,0.524,5.9,7.2,0.817,2.8,3.9,6.7,4.8,1.7,0.3,2.6,2.6,19.8
1982,nba mvp,Magic Johnson,johnsma02,22,0.0,67.0,690.0,0.097,False,NBA,Magic Johnson,22.0,LAL,SG,78.0,77.0,38.3,7.1,13.3,0.537,0.1,0.4,0.207,7.1,12.9,0.546,0.54,4.2,5.6,0.76,3.2,6.4,9.6,9.5,2.7,0.4,3.7,2.9,18.6
1982,nba mvp,Jack Sikma,sikmaja01,26,0.0,33.0,690.0,0.048,False,NBA,Jack Sikma,26.0,SEA,C,82.0,82.0,37.2,7.1,14.8,0.479,0.0,0.2,0.154,7.1,14.6,0.483,0.48,5.5,6.4,0.855,2.7,9.9,12.7,3.4,1.2,1.3,2.6,3.3,19.6
1982,nba mvp,Kareem Abdul-Jabbar,abdulka01,34,0.0,31.0,690.0,0.045,False,NBA,Kareem Abdul-Jabbar,34.0,LAL,C,76.0,76.0,35.2,9.9,17.1,0.579,0.0,0.0,0.0,9.9,17.1,0.58,0.579,4.1,5.8,0.706,2.3,6.4,8.7,3.0,0.8,2.7,3.0,2.9,23.9
1982,nba mvp,Dan Roundfield,roundda01,28,0.0,14.0,690.0,0.02,False,NBA,Dan Roundfield,28.0,ATL,PF,61.0,58.0,36.3,7.0,14.9,0.466,0.0,0.1,0.2,6.9,14.8,0.467,0.466,4.7,6.1,0.76,3.7,8.1,11.8,2.7,1.0,1.5,3.0,3.4,18.6
1982,nba mvp,Kelly Tripucka,tripuke01,22,0.0,14.0,690.0,0.02,False,NBA,Kelly Tripucka,22.0,DET,SF,82.0,82.0,37.5,7.8,15.6,0.496,0.1,0.3,0.227,7.7,15.4,0.501,0.498,6.0,7.6,0.797,2.7,2.7,5.4,3.3,1.1,0.2,3.4,2.9,21.6
1982,nba mvp,Alex English,englial01,28,0.0,12.0,690.0,0.017,False,NBA,Alex English,28.0,DEN,SF,82.0,82.0,36.8,10.4,18.9,0.551,0.0,0.1,0.0,10.4,18.8,0.553,0.551,4.5,5.4,0.84,2.6,4.2,6.8,5.3,1.1,1.5,3.2,3.2,25.4
1982,nba mvp,Bernard King,kingbe01,25,0.0,10.0,690.0,0.014,False,NBA,Bernard King,25.0,GSW,SF,79.0,77.0,36.2,9.4,16.5,0.566,0.0,0.1,0.2,9.4,16.5,0.568,0.567,4.5,6.3,0.705,1.8,4.2,5.9,3.6,1.0,0.3,3.4,3.6,23.2
1982,nba mvp,Adrian Dantley,dantlad01,26,0.0,7.0,690.0,0.01,False,NBA,Adrian Dantley,26.0,UTA,SF,81.0,81.0,39.8,11.2,19.6,0.57,0.0,0.0,0.333,11.1,19.5,0.57,0.57,8.0,10.1,0.792,2.9,3.5,6.3,4.0,1.2,0.2,3.7,3.1,30.3
1982,nba mvp,Ray Williams,willira01,27,0.0,6.0,690.0,0.009,False,NBA,Ray Williams,27.0,NJN,SG,82.0,69.0,33.3,7.8,16.9,0.462,0.1,0.7,0.167,7.7,16.2,0.474,0.465,4.7,5.7,0.832,1.4,2.5,4.0,6.0,2.4,0.5,3.5,3.7,20.4
1982,nba mvp,Michael Cooper,coopemi01,25,0.0,3.0,690.0,0.004,False,NBA,Michael Cooper,25.0,LAL,SG,76.0,14.0,28.9,5.0,9.8,0.517,0.0,0.2,0.118,5.0,9.5,0.526,0.518,1.8,2.3,0.813,1.1,2.4,3.5,3.0,1.6,0.8,2.0,2.8,11.9
1982,nba mvp,Dan Issel,isselda01,33,0.0,3.0,690.0,0.004,False,NBA,Dan Issel,33.0,DEN,C,81.0,81.0,30.5,8.0,15.3,0.527,0.0,0.1,0.667,8.0,15.2,0.526,0.528,6.7,8.1,0.834,2.1,5.4,7.5,2.2,0.8,0.7,2.1,3.0,22.9
1982,nba mvp,Marques Johnson,johnsma01,25,0.0,3.0,690.0,0.004,False,NBA,Marques Johnson,25.0,MIL,SF,60.0,52.0,31.7,6.7,12.7,0.532,0.0,0.1,0.0,6.7,12.6,0.534,0.532,3.0,4.3,0.7,2.6,3.5,6.1,3.6,1.0,0.6,2.4,2.4,16.5
1982,nba mvp,Isiah Thomas,thomais01,20,0.0,3.0,690.0,0.004,False,NBA,Isiah Thomas,20.0,DET,PG,72.0,72.0,33.8,6.3,14.8,0.424,0.2,0.8,0.288,6.1,14.0,0.432,0.432,4.2,6.0,0.704,0.8,2.1,2.9,7.8,2.1,0.2,4.2,3.5,17.0
1982,nba mvp,Dennis Johnson,johnsde01,27,0.0,1.0,690.0,0.001,False,NBA,Dennis Johnson,27.0,PHO,SG,80.0,77.0,36.7,7.2,15.4,0.47,0.1,0.5,0.19,7.1,14.8,0.48,0.473,5.0,6.2,0.806,1.8,3.4,5.1,4.6,1.3,0.7,2.9,3.2,19.5
1982,nba mvp,Mychal Thompson,thompmy01,27,0.0,1.0,690.0,0.001,False,NBA,Mychal Thompson,27.0,POR,C,79.0,78.0,39.6,8.6,16.5,0.523,0.0,0.0,,8.6,16.5,0.523,0.523,3.5,5.6,0.628,3.3,8.4,11.7,4.0,0.9,1.4,3.1,2.9,20.8
1982,nba mvp,Jay Vincent,vinceja01,22,0.0,1.0,690.0,0.001,False,NBA,Jay Vincent,22.0,DAL,PF,81.0,62.0,32.4,8.9,17.9,0.497,0.0,0.0,0.25,8.9,17.8,0.497,0.497,3.6,5.0,0.716,2.2,4.7,7.0,2.2,1.1,0.3,2.4,3.8,21.4
1982,nba mvp,Jamaal Wilkes,wilkeja01,28,0.0,1.0,690.0,0.001,False,NBA,Jamaal Wilkes,28.0,LAL,SF,82.0,82.0,35.4,9.1,17.3,0.525,0.0,0.0,0.0,9.1,17.2,0.527,0.525,3.0,4.1,0.732,1.9,2.9,4.8,1.7,1.1,0.3,2.0,2.9,21.1
1982,nba mvp,Buck Williams,willibu01,21,0.0,1.0,690.0,0.001,False,NBA,Buck Williams,21.0,NJN,PF,82.0,82.0,34.5,6.3,10.7,0.582,0.0,0.0,0.0,6.3,10.7,0.583,0.582,3.0,4.7,0.624,4.2,8.0,12.3,1.3,1.0,1.0,2.9,3.5,15.5
1982,nba roy,Buck Williams,willibu01,21,33.0,33.0,69.0,0.478,True,NBA,Buck Williams,21.0,NJN,PF,82.0,82.0,34.5,6.3,10.7,0.582,0.0,0.0,0.0,6.3,10.7,0.583,0.582,3.0,4.7,0.624,4.2,8.0,12.3,1.3,1.0,1.0,2.9,3.5,15.5
1982,nba roy,Kelly Tripucka,tripuke01,22,22.0,22.0,69.0,0.319,False,NBA,Kelly Tripucka,22.0,DET,SF,82.0,82.0,37.5,7.8,15.6,0.496,0.1,0.3,0.227,7.7,15.4,0.501,0.498,6.0,7.6,0.797,2.7,2.7,5.4,3.3,1.1,0.2,3.4,2.9,21.6
1982,nba roy,Jay Vincent,vinceja01,22,11.0,11.0,69.0,0.159,False,NBA,Jay Vincent,22.0,DAL,PF,81.0,62.0,32.4,8.9,17.9,0.497,0.0,0.0,0.25,8.9,17.8,0.497,0.497,3.6,5.0,0.716,2.2,4.7,7.0,2.2,1.1,0.3,2.4,3.8,21.4
1981,nba mvp,Julius Erving,ervinju01,30,28.0,454.0,690.0,0.658,True,NBA,Julius Erving,30.0,PHI,SF,82.0,82.0,35.0,9.7,18.6,0.521,0.0,0.2,0.222,9.6,18.4,0.525,0.522,5.1,6.5,0.787,3.0,5.0,8.0,4.4,2.1,1.8,3.2,2.8,24.6
1981,nba mvp,Larry Bird,birdla01,24,20.0,423.0,690.0,0.613,False,NBA,Larry Bird,24.0,BOS,PF,82.0,82.0,39.5,8.8,18.3,0.478,0.2,0.9,0.27,8.5,17.4,0.489,0.485,3.5,4.0,0.863,2.3,8.6,10.9,5.5,2.0,0.8,3.5,2.9,21.2
1981,nba mvp,Kareem Abdul-Jabbar,abdulka01,33,8.0,286.0,690.0,0.414,False,NBA,Kareem Abdul-Jabbar,33.0,LAL,C,80.0,,37.2,10.5,18.2,0.574,0.0,0.0,0.0,10.5,18.2,0.574,0.574,5.3,6.9,0.766,2.5,7.8,10.3,3.4,0.7,2.9,3.1,3.1,26.2
1981,nba mvp,Moses Malone,malonmo01,25,8.0,180.0,690.0,0.261,False,NBA,Moses Malone,25.0,HOU,C,80.0,,40.6,10.1,19.3,0.522,0.0,0.0,0.333,10.1,19.3,0.522,0.522,7.6,10.1,0.757,5.9,8.8,14.8,1.8,1.0,1.9,3.9,2.8,27.8
1981,nba mvp,George Gervin,gervige01,28,1.0,83.0,690.0,0.12,False,NBA,George Gervin,28.0,SAS,SG,82.0,82.0,33.7,10.4,21.1,0.492,0.1,0.4,0.257,10.3,20.7,0.496,0.494,6.2,7.6,0.826,1.5,3.6,5.1,3.2,1.1,0.7,3.1,2.6,27.1
1981,nba mvp,Marques Johnson,johnsma01,24,1.0,73.0,690.0,0.106,False,NBA,Marques Johnson,24.0,MIL,SF,76.0,,33.4,8.4,15.2,0.552,0.0,0.1,0.0,8.4,15.1,0.556,0.552,3.5,5.0,0.706,3.0,3.9,6.8,4.6,1.5,0.5,2.5,2.6,20.3
1981,nba mvp,Robert Parish,parisro01,27,0.0,53.0,690.0,0.077,False,NBA,Robert Parish,27.0,BOS,C,82.0,82.0,28.0,7.7,14.2,0.545,0.0,0.0,0.0,7.7,14.2,0.545,0.545,3.4,4.8,0.71,3.0,6.5,9.5,1.8,1.0,2.6,2.3,3.8,18.9
1981,nba mvp,Dennis Johnson,johnsde01,26,0.0,50.0,690.0,0.072,False,NBA,Dennis Johnson,26.0,PHO,PG,79.0,,33.1,6.7,15.4,0.436,0.1,0.6,0.216,6.6,14.8,0.446,0.441,5.2,6.3,0.82,2.0,2.6,4.6,3.7,1.7,0.8,2.6,3.1,18.8
1981,nba mvp,Tiny Archibald,architi01,32,0.0,32.0,690.0,0.046,False,NBA,Tiny Archibald,32.0,BOS,PG,80.0,72.0,35.3,4.8,9.6,0.499,0.0,0.1,0.0,4.8,9.5,0.505,0.499,4.3,5.2,0.816,0.5,1.8,2.2,7.7,0.9,0.2,3.3,2.5,13.8
1981,nba mvp,Jamaal Wilkes,wilkeja01,27,0.0,19.0,690.0,0.028,False,NBA,Jamaal Wilkes,27.0,LAL,SF,81.0,,37.4,9.7,18.5,0.526,0.0,0.2,0.077,9.7,18.3,0.53,0.526,3.1,4.1,0.758,1.8,3.6,5.4,2.9,1.5,0.4,2.6,2.8,22.6
1981,nba mvp,Magic Johnson,johnsma02,21,0.0,18.0,690.0,0.026,False,NBA,Magic Johnson,21.0,LAL,SG,37.0,,37.1,8.4,15.9,0.532,0.1,0.5,0.176,8.4,15.4,0.542,0.534,4.6,6.1,0.76,2.7,5.9,8.6,8.6,3.4,0.7,3.9,2.7,21.6
1981,nba mvp,Adrian Dantley,dantlad01,25,1.0,15.0,690.0,0.022,False,NBA,Adrian Dantley,25.0,UTA,SF,80.0,,42.7,11.4,20.3,0.559,0.0,0.1,0.286,11.3,20.3,0.56,0.559,7.9,9.8,0.806,2.4,4.0,6.4,4.0,1.4,0.2,3.5,3.1,30.7
1981,nba mvp,Phil Ford,fordph01,24,1.0,15.0,690.0,0.022,False,NBA,Phil Ford,24.0,KCK,PG,66.0,,34.7,6.4,13.4,0.478,0.2,0.5,0.306,6.3,12.9,0.485,0.484,4.5,5.4,0.831,0.4,1.5,1.9,8.8,1.5,0.1,3.7,2.9,17.5
1981,nba mvp,Bernard King,kingbe01,24,0.0,12.0,690.0,0.017,False,NBA,Bernard King,24.0,GSW,SF,81.0,,36.0,9.0,15.4,0.588,0.0,0.1,0.333,9.0,15.3,0.589,0.588,3.8,5.4,0.703,2.2,4.6,6.8,3.5,0.9,0.4,3.3,3.8,21.9
1981,nba mvp,Kelvin Ransey,ranseke01,22,1.0,11.0,690.0,0.016,False,NBA,Kelvin Ransey,22.0,POR,PG,80.0,,30.4,6.6,14.5,0.452,0.0,0.4,0.097,6.5,14.1,0.462,0.453,2.1,2.7,0.749,0.5,1.9,2.4,6.9,1.1,0.1,2.9,2.5,15.2
1981,nba mvp,Jack Sikma,sikmaja01,25,0.0,11.0,690.0,0.016,False,NBA,Jack Sikma,25.0,SEA,C,82.0,82.0,35.6,7.3,16.0,0.454,0.0,0.1,0.0,7.3,15.9,0.456,0.454,4.1,5.0,0.823,2.2,8.1,10.4,3.0,1.0,1.1,2.5,3.4,18.7
1981,nba mvp,Otis Birdsong,birdsot01,25,0.0,7.0,690.0,0.01,False,NBA,Otis Birdsong,25.0,KCK,SG,71.0,,36.5,10.0,18.4,0.544,0.1,0.5,0.286,9.9,17.9,0.551,0.547,4.5,6.4,0.697,1.7,2.0,3.6,3.3,1.3,0.3,2.4,2.4,24.6
1981,nba mvp,Michael Ray Richardson,richami01,25,0.0,7.0,690.0,0.01,False,NBA,Michael Ray Richardson,25.0,NYK,SG,79.0,,40.2,6.6,14.1,0.469,0.3,1.3,0.225,6.3,12.8,0.493,0.479,2.8,4.3,0.663,2.2,4.7,6.9,7.9,2.9,0.4,3.8,3.3,16.4
1981,nba mvp,Truck Robinson,robintr01,29,0.0,6.0,690.0,0.009,False,NBA,Truck Robinson,29.0,PHO,PF,82.0,82.0,37.7,7.9,15.6,0.505,0.0,0.0,,7.9,15.6,0.505,0.505,3.0,4.8,0.629,2.6,7.0,9.6,2.5,0.8,0.5,3.0,2.7,18.8
1981,nba mvp,Reggie Theus,theusre01,23,0.0,6.0,690.0,0.009,False,NBA,Reggie Theus,23.0,CHI,SG,82.0,82.0,34.4,6.6,13.4,0.495,0.2,1.1,0.2,6.4,12.3,0.521,0.503,5.4,6.7,0.809,1.5,2.0,3.5,5.2,1.5,0.2,3.2,3.1,18.9
1981,nba mvp,Norm Nixon,nixonno01,25,0.0,5.0,690.0,0.007,False,NBA,Norm Nixon,25.0,LAL,PG,79.0,,37.5,7.3,15.3,0.476,0.0,0.2,0.167,7.3,15.2,0.479,0.477,2.5,3.2,0.778,0.8,2.1,2.9,8.8,1.8,0.1,3.6,2.9,17.1
1981,nba mvp,Artis Gilmore,gilmoar01,31,0.0,4.0,690.0,0.006,False,NBA,Artis Gilmore,31.0,CHI,C,82.0,82.0,34.5,6.7,10.0,0.67,0.0,0.0,,6.7,10.0,0.67,0.67,4.6,6.5,0.705,2.7,7.4,10.1,2.1,0.6,2.4,2.9,3.6,17.9
1981,nba mvp,Bob Lanier,laniebo01,32,0.0,4.0,690.0,0.006,False,NBA,Bob Lanier,32.0,MIL,C,67.0,,26.2,5.6,10.7,0.525,0.0,0.0,1.0,5.6,10.7,0.524,0.526,3.1,4.1,0.751,1.9,4.3,6.2,2.7,1.1,1.2,2.1,2.7,14.3
1981,nba mvp,Michael Cooper,coopemi01,24,0.0,3.0,690.0,0.004,False,NBA,Michael Cooper,24.0,LAL,SG,81.0,,32.4,4.0,8.1,0.491,0.0,0.2,0.211,3.9,7.8,0.499,0.494,1.4,1.8,0.785,1.5,2.7,4.1,4.1,1.6,1.0,2.0,3.1,9.4
1981,nba mvp,Walter Davis,daviswa03,26,0.0,3.0,690.0,0.004,False,NBA,Walter Davis,26.0,PHO,SG,78.0,,28.0,7.6,14.1,0.539,0.1,0.2,0.412,7.5,13.9,0.541,0.542,2.7,3.2,0.836,0.8,1.8,2.6,3.9,1.2,0.2,2.8,2.5,18.0
1981,nba mvp,George Johnson,johnsge02,32,0.0,3.0,690.0,0.004,False,NBA,George Johnson,32.0,SAS,C,82.0,82.0,23.6,2.0,4.2,0.473,0.0,0.0,,2.0,4.2,0.473,0.473,1.0,1.3,0.734,2.6,4.7,7.3,1.1,0.6,3.4,1.3,3.3,5.0
1981,nba mvp,Bobby Jones,jonesbo01,29,0.0,3.0,690.0,0.004,False,NBA,Bobby Jones,29.0,PHI,PF,81.0,0.0,25.3,5.0,9.3,0.539,0.0,0.0,0.0,5.0,9.3,0.541,0.539,3.5,4.3,0.813,1.8,3.6,5.4,2.8,1.2,0.9,1.8,2.8,13.5
1981,nba mvp,Mike Mitchell,mitchmi01,25,0.0,3.0,690.0,0.004,False,NBA,Mike Mitchell,25.0,CLE,SF,82.0,82.0,39.0,10.4,21.8,0.476,0.0,0.1,0.444,10.4,21.7,0.476,0.477,3.7,4.7,0.784,2.6,3.5,6.1,1.7,0.8,0.6,2.1,2.4,24.5
1981,nba mvp,James Silas,silasja01,31,0.0,3.0,690.0,0.004,False,NBA,James Silas,31.0,SAS,PG,75.0,,27.4,6.3,13.3,0.477,0.0,0.0,0.0,6.3,13.3,0.478,0.477,5.0,5.9,0.85,0.6,2.5,3.1,3.8,0.7,0.2,2.1,1.7,17.7
1981,nba mvp,Quinn Buckner,bucknqu01,26,0.0,1.0,690.0,0.001,False,NBA,Quinn Buckner,26.0,MIL,PG,82.0,82.0,29.1,5.7,11.7,0.493,0.0,0.1,0.167,5.7,11.6,0.495,0.493,1.8,2.5,0.734,1.1,2.6,3.6,4.7,2.4,0.0,2.9,3.3,13.3
1981,nba mvp,Caldwell Jones,jonesca01,30,0.0,1.0,690.0,0.001,False,NBA,Caldwell Jones,30.0,PHI,C,81.0,81.0,32.6,2.7,6.0,0.449,0.0,0.0,,2.7,6.0,0.449,0.449,1.8,2.4,0.767,2.5,7.6,10.0,1.5,0.7,1.7,2.1,3.3,7.2
1981,nba roy,Darrell Griffith,griffda01,22,19.0,19.0,69.0,0.275,True,NBA,Darrell Griffith,22.0,UTA,SG,81.0,,35.4,8.8,19.1,0.464,0.1,0.6,0.192,8.7,18.4,0.473,0.467,2.8,4.0,0.716,1.0,2.6,3.6,2.4,1.3,0.5,2.9,2.7,20.6
1981,nba roy,Kelvin Ransey,ranseke01,22,18.0,18.0,69.0,0.261,False,NBA,Kelvin Ransey,22.0,POR,PG,80.0,,30.4,6.6,14.5,0.452,0.0,0.4,0.097,6.5,14.1,0.462,0.453,2.1,2.7,0.749,0.5,1.9,2.4,6.9,1.1,0.1,2.9,2.5,15.2
1981,nba roy,Larry Smith,smithla01,23,14.0,14.0,69.0,0.203,False,NBA,Larry Smith,23.0,GSW,PF,82.0,,31.4,3.7,7.2,0.512,0.0,0.0,,3.7,7.2,0.512,0.512,2.2,3.7,0.588,5.3,6.8,12.1,1.1,0.9,0.8,1.8,3.9,9.6
1981,nba roy,Kevin McHale,mchalke01,23,11.0,11.0,69.0,0.159,False,NBA,Kevin McHale,23.0,BOS,PF,82.0,1.0,20.1,4.3,8.1,0.533,0.0,0.0,0.0,4.3,8.1,0.535,0.533,1.3,1.9,0.679,1.9,2.5,4.4,0.7,0.3,1.8,1.3,3.2,10.0
1981,nba roy,Joe Barry Carroll,carrojo01,22,3.0,3.0,69.0,0.043,False,NBA,Joe Barry Carroll,22.0,GSW,C,82.0,,35.6,7.5,15.3,0.491,0.0,0.0,0.0,7.5,15.3,0.492,0.491,3.8,5.4,0.716,3.3,5.9,9.3,1.4,0.6,1.5,3.0,3.8,18.9
1981,nba roy,Michael Brooks,brookmi01,22,2.0,2.0,69.0,0.029,False,NBA,Michael Brooks,22.0,SDC,SF,82.0,,30.2,6.0,12.4,0.479,0.0,0.1,0.0,6.0,12.3,0.482,0.479,2.8,3.9,0.706,2.6,2.8,5.4,2.5,1.2,0.4,2.0,2.9,14.7
1981,nba roy,Mike O'Koren,okoremi01,22,1.0,1.0,69.0,0.014,False,NBA,Mike O'Koren,22.0,NJN,SF,79.0,,31.3,4.6,9.5,0.486,0.1,0.2,0.278,4.6,9.3,0.491,0.489,1.7,2.7,0.637,2.3,3.8,6.1,3.2,1.1,0.3,1.8,3.1,11.0
1981,nba roy,Andrew Toney,toneyan01,23,1.0,1.0,69.0,0.014,False,NBA,Andrew Toney,23.0,PHI,SG,75.0,57.0,23.6,5.3,10.7,0.495,0.1,0.4,0.31,5.2,10.4,0.502,0.501,2.1,3.0,0.712,0.4,1.5,1.9,3.6,0.8,0.1,2.9,3.1,12.9
1980,nba mvp,Kareem Abdul-Jabbar,abdulka01,32,147.0,147.0,221.0,0.665,True,NBA,Kareem Abdul-Jabbar,32.0,LAL,C,82.0,,38.3,10.2,16.9,0.604,0.0,0.0,0.0,10.2,16.9,0.604,0.604,4.4,5.8,0.765,2.3,8.5,10.8,4.5,1.0,3.4,3.6,2.6,24.8
1980,nba mvp,Julius Erving,ervinju01,29,31.5,31.5,221.0,0.143,False,NBA,Julius Erving,29.0,PHI,SF,78.0,78.0,36.1,10.7,20.7,0.519,0.1,0.3,0.2,10.7,20.4,0.523,0.52,5.4,6.8,0.787,2.8,4.6,7.4,4.6,2.2,1.8,3.6,2.7,26.9
1980,nba mvp,George Gervin,gervige01,27,19.0,19.0,221.0,0.086,False,NBA,George Gervin,27.0,SAS,SG,78.0,,37.6,13.1,24.9,0.528,0.4,1.3,0.314,12.7,23.6,0.54,0.536,6.5,7.6,0.852,2.0,3.2,5.2,2.6,1.4,1.0,3.3,2.7,33.1
1980,nba mvp,Larry Bird,birdla01,23,15.0,15.0,221.0,0.068,False,NBA,Larry Bird,23.0,BOS,PF,82.0,82.0,36.0,8.5,17.8,0.474,0.7,1.7,0.406,7.7,16.1,0.481,0.494,3.7,4.4,0.836,2.6,7.8,10.4,4.5,1.7,0.6,3.2,3.4,21.3
1980,nba mvp,Tiny Archibald,architi01,31,2.0,2.0,221.0,0.009,False,NBA,Tiny Archibald,31.0,BOS,PG,80.0,80.0,35.8,4.8,9.9,0.482,0.1,0.2,0.222,4.7,9.7,0.488,0.485,4.5,5.4,0.83,0.7,1.7,2.5,8.4,1.3,0.1,3.0,2.7,14.1
1980,nba mvp,Dennis Johnson,johnsde01,25,2.0,2.0,221.0,0.009,False,NBA,Dennis Johnson,25.0,SEA,SG,81.0,,36.3,7.1,16.8,0.422,0.1,0.7,0.207,6.9,16.1,0.431,0.426,4.7,6.0,0.78,2.1,3.0,5.1,4.1,1.8,1.0,2.8,3.3,19.0
1980,nba mvp,Dan Roundfield,roundda01,26,2.0,2.0,221.0,0.009,False,NBA,Dan Roundfield,26.0,ATL,PF,81.0,,32.0,6.2,12.4,0.499,0.0,0.0,0.0,6.2,12.4,0.5,0.499,4.1,5.7,0.71,3.6,6.7,10.3,2.3,1.2,1.7,2.9,3.9,16.5
1980,nba mvp,Gus Williams,willigu01,26,1.5,1.5,221.0,0.007,False,NBA,Gus Williams,26.0,SEA,PG,82.0,82.0,36.2,9.0,18.7,0.482,0.1,0.4,0.194,8.9,18.3,0.489,0.484,4.0,5.1,0.788,1.5,1.8,3.4,4.8,2.4,0.5,2.2,2.0,22.1
1980,nba mvp,Moses Malone,malonmo01,24,1.0,1.0,221.0,0.005,False,NBA,Moses Malone,24.0,HOU,C,82.0,82.0,38.3,9.5,18.9,0.502,0.0,0.1,0.0,9.5,18.8,0.504,0.502,6.9,9.5,0.719,7.0,7.5,14.5,1.8,1.0,1.3,3.7,2.6,25.8
1980,nba roy,Larry Bird,birdla01,23,63.0,63.0,66.0,0.955,True,NBA,Larry Bird,23.0,BOS,PF,82.0,82.0,36.0,8.5,17.8,0.474,0.7,1.7,0.406,7.7,16.1,0.481,0.494,3.7,4.4,0.836,2.6,7.8,10.4,4.5,1.7,0.6,3.2,3.4,21.3
1980,nba roy,Magic Johnson,johnsma02,20,3.0,3.0,66.0,0.045,False,NBA,Magic Johnson,20.0,LAL,SG,77.0,,36.3,6.5,12.3,0.53,0.1,0.4,0.226,6.4,11.9,0.54,0.534,4.9,6.0,0.81,2.2,5.6,7.7,7.3,2.4,0.5,4.0,2.8,18.0
1979,nba mvp,Moses Malone,malonmo01,23,112.0,112.0,223.0,0.502,True,NBA,Moses Malone,23.0,HOU,C,82.0,82.0,41.3,8.7,16.2,0.54,,,,,,,,7.3,9.9,0.739,7.2,10.5,17.6,1.8,1.0,1.5,4.0,2.7,24.8
1979,nba mvp,George Gervin,gervige01,26,35.0,35.0,223.0,0.157,False,NBA,George Gervin,26.0,SAS,SF,80.0,,36.1,11.8,21.9,0.541,,,,,,,,5.9,7.1,0.826,1.8,3.2,5.0,2.7,1.7,1.1,3.6,3.4,29.6
1979,nba mvp,Elvin Hayes,hayesel01,33,28.0,28.0,223.0,0.126,False,NBA,Elvin Hayes,33.0,WSB,PF,82.0,,37.9,8.8,18.0,0.487,,,,,,,,4.3,6.5,0.654,3.8,8.3,12.1,1.7,0.9,2.3,2.9,3.8,21.8
1979,nba mvp,Kareem Abdul-Jabbar,abdulka01,31,15.0,15.0,223.0,0.067,False,NBA,Kareem Abdul-Jabbar,31.0,LAL,C,80.0,,39.5,9.7,16.8,0.577,,,,,,,,4.4,5.9,0.736,2.6,10.2,12.8,5.4,1.0,4.0,3.5,2.9,23.8
1979,nba mvp,Bob Dandridge,dandrbo01,31,7.0,7.0,223.0,0.031,False,NBA,Bob Dandridge,31.0,WSB,SF,78.0,,33.7,8.1,16.2,0.499,,,,,,,,4.2,5.1,0.825,1.4,4.3,5.7,4.7,0.9,0.7,2.8,3.3,20.4
1979,nba mvp,World B. Free,freewo01,25,5.0,5.0,223.0,0.022,False,NBA,World B. Free,25.0,SDC,PG,78.0,,37.9,10.2,21.2,0.481,,,,,,,,8.4,11.1,0.756,1.6,2.2,3.9,4.4,1.4,0.4,3.8,3.2,28.8
1979,nba mvp,Jack Sikma,sikmaja01,23,4.0,4.0,223.0,0.018,False,NBA,Jack Sikma,23.0,SEA,C,82.0,82.0,36.1,5.8,12.6,0.46,,,,,,,,4.0,4.9,0.814,2.8,9.5,12.4,3.2,1.0,0.8,3.1,3.6,15.6
1979,nba mvp,Phil Ford,fordph01,22,3.0,3.0,223.0,0.013,False,NBA,Phil Ford,22.0,KCK,PG,79.0,,34.5,5.9,12.7,0.465,,,,,,,,4.1,5.1,0.813,0.4,1.9,2.3,8.6,2.2,0.1,4.1,3.1,15.9
1979,nba mvp,David Thompson,thompda01,24,3.0,3.0,223.0,0.013,False,NBA,David Thompson,24.0,DEN,SG,76.0,,35.1,9.1,17.8,0.512,,,,,,,,5.8,7.7,0.753,1.4,2.2,3.6,3.0,0.9,1.1,2.4,2.4,24.0
1979,nba mvp,Walter Davis,daviswa03,24,2.0,2.0,223.0,0.009,False,NBA,Walter Davis,24.0,PHO,SF,79.0,,30.8,9.7,17.2,0.561,,,,,,,,4.3,5.2,0.831,1.4,3.3,4.7,4.3,1.9,0.3,3.7,3.2,23.6
1979,nba roy,Phil Ford,fordph01,22,62.0,62.0,66.0,0.939,True,NBA,Phil Ford,22.0,KCK,PG,79.0,,34.5,5.9,12.7,0.465,,,,,,,,4.1,5.1,0.813,0.4,1.9,2.3,8.6,2.2,0.1,4.1,3.1,15.9
1979,nba roy,Reggie Theus,theusre01,21,4.0,4.0,66.0,0.061,False,NBA,Reggie Theus,21.0,CHI,PG,82.0,,33.6,6.5,13.6,0.48,,,,,,,,3.2,4.2,0.761,1.1,1.7,2.8,5.2,1.1,0.2,3.7,3.3,16.3
1978,nba mvp,Bill Walton,waltobi01,25,96.0,96.0,238.0,0.403,True,NBA,Bill Walton,25.0,POR,C,58.0,,33.3,7.9,15.2,0.522,,,,,,,,3.1,4.2,0.72,2.0,11.2,13.2,5.0,1.0,2.5,3.6,2.5,18.9
1978,nba mvp,George Gervin,gervige01,25,80.5,80.5,238.0,0.338,False,NBA,George Gervin,25.0,SAS,SG,82.0,82.0,34.8,10.5,19.6,0.536,,,,,,,,6.1,7.4,0.83,1.4,3.7,5.1,3.7,1.7,1.3,3.7,3.1,27.2
1978,nba mvp,David Thompson,thompda01,23,28.5,28.5,238.0,0.12,False,NBA,David Thompson,23.0,DEN,SG,80.0,,37.8,10.3,19.8,0.521,,,,,,,,6.5,8.4,0.778,2.0,2.9,4.9,4.5,1.2,1.2,3.1,2.7,27.2
1978,nba mvp,Kareem Abdul-Jabbar,abdulka01,30,14.0,14.0,238.0,0.059,False,NBA,Kareem Abdul-Jabbar,30.0,LAL,C,62.0,,36.5,10.7,19.4,0.55,,,,,,,,4.4,5.6,0.783,3.0,9.9,12.9,4.3,1.7,3.0,3.4,2.9,25.8
1978,nba mvp,Walter Davis,daviswa03,23,4.0,4.0,238.0,0.017,False,NBA,Walter Davis,23.0,PHO,SF,81.0,,32.0,9.7,18.4,0.526,,,,,,,,4.8,5.8,0.83,2.0,4.0,6.0,3.4,1.4,0.2,3.5,3.0,24.2
1978,nba mvp,Maurice Lucas,lucasma01,25,3.0,3.0,238.0,0.013,False,NBA,Maurice Lucas,25.0,POR,PF,68.0,,31.2,6.7,14.5,0.458,,,,,,,,3.0,4.0,0.767,2.7,6.4,9.1,2.5,0.9,0.8,2.8,3.3,16.4
1978,nba mvp,Paul Westphal,westppa01,27,3.0,3.0,238.0,0.013,False,NBA,Paul Westphal,27.0,PHO,SG,80.0,,31.0,10.1,19.6,0.516,,,,,,,,5.0,6.1,0.813,0.5,1.5,2.1,5.5,1.7,0.4,3.5,2.0,25.2
1978,nba mvp,Artis Gilmore,gilmoar01,28,2.0,2.0,238.0,0.008,False,NBA,Artis Gilmore,28.0,CHI,C,82.0,82.0,37.4,8.6,15.4,0.559,,,,,,,,5.7,8.2,0.704,3.9,9.2,13.1,3.2,0.5,2.2,4.5,3.2,22.9
1978,nba mvp,Truck Robinson,robintr01,26,2.0,2.0,238.0,0.008,False,NBA,Truck Robinson,26.0,NOJ,PF,82.0,82.0,44.4,9.1,20.5,0.444,,,,,,,,4.5,7.0,0.64,3.6,12.1,15.7,2.1,0.9,1.0,3.7,3.2,22.7
1978,nba mvp,Julius Erving,ervinju01,27,1.0,1.0,238.0,0.004,False,NBA,Julius Erving,27.0,PHI,SF,74.0,68.0,32.8,8.3,16.4,0.502,,,,,,,,4.1,4.9,0.845,2.4,4.1,6.5,3.8,1.8,1.3,3.2,2.8,20.6
1978,nba mvp,Marques Johnson,johnsma01,21,1.0,1.0,238.0,0.004,False,NBA,Marques Johnson,21.0,MIL,SF,80.0,,34.6,7.9,15.1,0.522,,,,,,,,3.8,5.1,0.736,3.7,6.9,10.6,2.4,1.2,1.3,2.2,2.8,19.5
1978,nba mvp,Bob Lanier,laniebo01,29,1.0,1.0,238.0,0.004,False,NBA,Bob Lanier,29.0,DET,C,63.0,,36.7,9.9,18.4,0.537,,,,,,,,4.7,6.1,0.772,3.1,8.2,11.3,3.4,1.3,1.5,3.6,2.9,24.5
1978,nba mvp,Bob McAdoo,mcadobo01,26,1.0,1.0,238.0,0.004,False,NBA,Bob McAdoo,26.0,NYK,C,79.0,,40.3,10.3,19.8,0.52,,,,,,,,5.9,8.2,0.727,3.0,9.8,12.8,3.8,1.3,1.6,4.4,3.8,26.5
1978,nba mvp,Marvin Webster,webstma01,25,1.0,1.0,238.0,0.004,False,NBA,Marvin Webster,25.0,SEA,C,82.0,,35.5,5.2,10.4,0.502,,,,,,,,3.5,5.6,0.629,4.4,8.2,12.6,2.5,0.6,2.0,3.1,3.2,14.0
1978,nba roy,Walter Davis,daviswa03,23,49.3,49.3,66.0,0.747,True,NBA,Walter Davis,23.0,PHO,SF,81.0,,32.0,9.7,18.4,0.526,,,,,,,,4.8,5.8,0.83,2.0,4.0,6.0,3.4,1.4,0.2,3.5,3.0,24.2
1978,nba roy,Marques Johnson,johnsma01,21,10.3,10.3,66.0,0.156,False,NBA,Marques Johnson,21.0,MIL,SF,80.0,,34.6,7.9,15.1,0.522,,,,,,,,3.8,5.1,0.736,3.7,6.9,10.6,2.4,1.2,1.3,2.2,2.8,19.5
1978,nba roy,Bernard King,kingbe01,21,5.3,5.3,66.0,0.08,False,NBA,Bernard King,21.0,NJN,SF,79.0,,39.1,10.1,21.1,0.479,,,,,,,,4.0,5.8,0.677,3.4,6.2,9.5,2.4,1.5,0.5,3.9,3.8,24.2
1978,nba roy,Jack Sikma,sikmaja01,22,1.0,1.0,66.0,0.015,False,NBA,Jack Sikma,22.0,SEA,PF,82.0,,27.3,4.2,9.2,0.455,,,,,,,,2.3,3.0,0.777,2.4,5.9,8.3,1.6,0.8,0.5,2.3,3.7,10.7
1978,nba roy,Norm Nixon,nixonno01,22,0.3,0.3,66.0,0.005,False,NBA,Norm Nixon,22.0,LAL,PG,81.0,,34.3,6.1,12.3,0.497,,,,,,,,1.4,2.0,0.714,0.5,2.4,3.0,6.8,1.7,0.1,3.1,3.2,13.7
1977,nba mvp,Kareem Abdul-Jabbar,abdulka01,29,159.0,159.0,247.0,0.644,True,NBA,Kareem Abdul-Jabbar,29.0,LAL,C,82.0,82.0,36.8,10.8,18.7,0.579,,,,,,,,4.6,6.5,0.701,3.2,10.0,13.3,3.9,1.2,3.2,,3.2,26.2
1977,nba mvp,Bill Walton,waltobi01,24,29.0,29.0,247.0,0.117,False,NBA,Bill Walton,24.0,POR,C,65.0,,34.8,7.6,14.3,0.528,,,,,,,,3.5,5.0,0.697,3.2,11.1,14.4,3.8,1.0,3.2,,2.7,18.6
1977,nba mvp,Pete Maravich,maravpe01,29,15.0,15.0,247.0,0.061,False,NBA,Pete Maravich,29.0,NOJ,SG,73.0,,41.7,12.1,28.0,0.433,,,,,,,,6.9,8.2,0.835,1.2,3.9,5.1,5.4,1.2,0.3,,2.6,31.1
1977,nba mvp,Bob Lanier,laniebo01,28,11.0,11.0,247.0,0.045,False,NBA,Bob Lanier,28.0,DET,C,64.0,,38.2,10.6,19.8,0.534,,,,,,,,4.1,5.0,0.818,3.1,8.5,11.6,3.3,1.1,2.0,,2.7,25.3
1977,nba mvp,Julius Erving,ervinju01,26,7.0,7.0,247.0,0.028,False,NBA,Julius Erving,26.0,PHI,SF,82.0,77.0,35.9,8.4,16.7,0.499,,,,,,,,4.9,6.3,0.777,2.3,6.1,8.5,3.7,1.9,1.4,,3.1,21.6
1977,nba mvp,Moses Malone,malonmo01,21,6.0,6.0,247.0,0.024,False,NBA,Moses Malone,21.0,2TM,C,82.0,,30.6,4.7,9.9,0.48,,,,,,,,3.7,5.4,0.693,5.3,7.7,13.1,1.1,0.8,2.2,,3.4,13.2
1977,nba mvp,Elvin Hayes,hayesel01,31,5.0,5.0,247.0,0.02,False,NBA,Elvin Hayes,31.0,WSB,PF,82.0,,41.0,9.3,18.5,0.501,,,,,,,,5.1,7.5,0.687,3.5,9.0,12.5,1.9,1.1,2.7,,3.8,23.7
1977,nba mvp,David Thompson,thompda01,22,5.0,5.0,247.0,0.02,False,NBA,David Thompson,22.0,DEN,SG,82.0,82.0,36.6,10.0,19.8,0.507,,,,,,,,5.8,7.6,0.766,1.7,2.4,4.1,4.1,1.4,0.6,,2.9,25.9
1977,nba mvp,Maurice Lucas,lucasma01,24,4.0,4.0,247.0,0.016,False,NBA,Maurice Lucas,24.0,POR,PF,79.0,,36.2,8.0,17.2,0.466,,,,,,,,4.2,5.5,0.765,3.4,7.9,11.4,2.9,1.1,0.7,,3.7,20.2
1977,nba mvp,Artis Gilmore,gilmoar01,27,2.0,2.0,247.0,0.008,False,NBA,Artis Gilmore,27.0,CHI,C,82.0,82.0,35.1,7.0,13.3,0.522,,,,,,,,4.7,7.1,0.66,3.8,9.2,13.0,2.4,0.5,2.5,,3.2,18.6
1977,nba mvp,George Gervin,gervige01,24,1.0,1.0,247.0,0.004,False,NBA,George Gervin,24.0,SAS,SF,82.0,82.0,33.0,8.9,16.3,0.544,,,,,,,,5.4,6.5,0.833,1.6,3.9,5.5,2.9,1.3,1.3,,3.5,23.1
1977,nba mvp,George McGinnis,mcginge01,26,1.0,1.0,247.0,0.004,False,NBA,George McGinnis,26.0,PHI,PF,79.0,78.0,35.1,8.3,18.2,0.458,,,,,,,,4.7,6.9,0.681,4.1,7.4,11.5,3.8,2.1,0.5,,3.8,21.4
1977,nba mvp,Norm Van Lier,vanlino01,29,1.0,1.0,247.0,0.004,False,NBA,Norm Van Lier,29.0,CHI,PG,82.0,,37.8,3.7,8.9,0.412,,,,,,,,2.9,3.7,0.778,1.3,3.2,4.5,7.8,1.6,0.2,,3.3,10.2
1977,nba mvp,Jo Jo White,whitejo01,30,1.0,1.0,247.0,0.004,False,NBA,Jo Jo White,30.0,BOS,PG,82.0,82.0,40.6,7.8,18.1,0.429,,,,,,,,4.1,4.7,0.869,1.1,3.6,4.7,6.0,1.4,0.3,,2.4,19.6
1977,nba roy,Adrian Dantley,dantlad01,21,44.0,44.0,66.0,0.667,True,NBA,Adrian Dantley,21.0,BUF,SF,77.0,,36.6,7.1,13.6,0.52,,,,,,,,6.2,7.6,0.818,3.3,4.4,7.6,1.9,1.2,0.2,,2.8,20.3
1977,nba roy,John Lucas,lucasjo01,23,8.0,8.0,66.0,0.121,False,NBA,John Lucas,23.0,HOU,SG,82.0,,30.9,4.7,9.9,0.477,,,,,,,,1.6,2.1,0.789,0.7,2.0,2.7,5.6,1.5,0.2,,2.1,11.1
1976,aba mvp,Julius Erving,ervinju01,25,32.0,32.0,35.0,0.914,True,,,,,,,,,,,,,,,,,,,,,,,,,,,,,,
1976,aba mvp,Bobby Jones,jonesbo01,24,1.0,1.0,35.0,0.029,False,,,,,,,,,,,,,,,,,,,,,,,,,,,,,,
1976,aba mvp,James Silas,silasja01,26,1.0,1.0,35.0,0.029,False,,,,,,,,,,,,,,,,,,,,,,,,,,,,,,
1976,aba mvp,David Thompson,thompda01,21,1.0,1.0,35.0,0.029,False,,,,,,,,,,,,,,,,,,,,,,,,,,,,,,
1976,aba roy,David Thompson,thompda01,21,,,,,True,,,,,,,,,,,,,,,,,,,,,,,,,,,,,,
1976,nba mvp,Kareem Abdul-Jabbar,abdulka01,28,52.0,409.0,925.0,0.442,True,NBA,Kareem Abdul-Jabbar,28.0,LAL,C,82.0,82.0,41.2,11.1,21.1,0.529,,,,,,,,5.5,7.8,0.703,3.3,13.5,16.9,5.0,1.5,4.1,,3.6,27.7
1976,nba mvp,Bob McAdoo,mcadobo01,24,47.0,393.0,925.0,0.425,False,NBA,Bob McAdoo,24.0,BUF,C,78.0,,42.7,12.0,24.6,0.487,,,,,,,,7.2,9.4,0.762,3.1,9.3,12.4,4.0,1.2,2.1,,3.8,31.1
1976,nba mvp,Dave Cowens,cowenda01,27,48.0,378.0,925.0,0.409,False,NBA,Dave Cowens,27.0,BOS,C,78.0,,39.8,7.8,16.7,0.468,,,,,,,,3.3,4.4,0.756,4.3,11.7,16.0,4.2,1.2,0.9,,4.0,19.0
1976,nba mvp,Rick Barry,barryri01,31,20.0,201.0,925.0,0.217,False,NBA,Rick Barry,31.0,GSW,SF,81.0,,38.5,8.7,20.0,0.435,,,,,,,,3.5,3.8,0.923,0.9,5.2,6.1,6.1,2.5,0.3,,2.7,21.0
1976,nba mvp,George McGinnis,mcginge01,25,4.0,80.0,925.0,0.086,False,NBA,George McGinnis,25.0,PHI,PF,77.0,77.0,38.3,8.4,20.2,0.417,,,,,,,,6.2,8.3,0.74,3.4,9.2,12.6,4.7,2.6,0.5,,4.3,23.0
1976,nba mvp,Dave Bing,bingda01,32,2.0,35.0,925.0,0.038,False,NBA,Dave Bing,32.0,WSB,PG,82.0,,35.9,6.1,13.6,0.447,,,,,,,,4.0,5.1,0.787,1.1,1.7,2.9,6.0,1.4,0.3,,3.2,16.2
1976,nba mvp,Phil Smith,smithph01,23,2.0,25.0,925.0,0.027,False,NBA,Phil Smith,23.0,GSW,SG,82.0,82.0,34.1,8.0,16.9,0.477,,,,,,,,3.9,5.0,0.788,1.6,3.0,4.6,4.4,1.3,0.2,,2.7,20.0
1976,nba mvp,Elvin Hayes,hayesel01,30,1.0,17.0,925.0,0.018,False,NBA,Elvin Hayes,30.0,WSB,PF,80.0,,37.2,8.1,17.3,0.47,,,,,,,,3.6,5.7,0.628,2.6,8.4,11.0,1.5,1.3,2.5,,3.7,19.8
1976,nba mvp,Jim Chones,choneji01,26,2.0,13.0,925.0,0.014,False,NBA,Jim Chones,26.0,CLE,C,82.0,82.0,33.4,6.9,15.3,0.448,,,,,,,,2.1,3.2,0.662,2.4,6.6,9.0,2.0,0.5,1.1,,2.9,15.8
1976,nba mvp,Tiny Archibald,architi01,27,1.0,13.0,925.0,0.014,False,NBA,Tiny Archibald,27.0,KCK,PG,78.0,,40.8,9.2,20.3,0.453,,,,,,,,6.4,8.0,0.802,0.9,1.9,2.7,7.9,1.6,0.2,,2.2,24.8
1976,nba mvp,Wes Unseld,unselwe01,29,0.0,12.0,925.0,0.013,False,NBA,Wes Unseld,29.0,WSB,C,78.0,,37.5,4.1,7.3,0.561,,,,,,,,1.5,2.5,0.585,3.5,9.8,13.3,5.2,1.1,0.8,,2.6,9.6
1976,nba mvp,Earl Monroe,monroea01,31,2.0,11.0,925.0,0.012,False,NBA,Earl Monroe,31.0,NYK,SG,76.0,,38.0,8.5,17.8,0.478,,,,,,,,3.7,4.7,0.787,0.6,3.0,3.6,4.0,1.5,0.3,,2.8,20.7
1976,nba mvp,Fred Brown,brownfr01,27,1.0,10.0,925.0,0.011,False,NBA,Fred Brown,27.0,SEA,SG,76.0,,33.1,9.8,20.0,0.488,,,,,,,,3.6,4.1,0.869,1.5,2.7,4.2,2.7,1.9,0.2,,2.4,23.1
1976,nba mvp,Paul Silas,silaspa01,32,1.0,9.0,925.0,0.01,False,NBA,Paul Silas,32.0,BOS,PF,81.0,,32.9,3.9,9.1,0.426,,,,,,,,2.9,4.1,0.709,4.5,8.1,12.7,2.5,0.7,0.4,,2.8,10.7
1976,nba mvp,Pete Maravich,maravpe01,28,0.0,7.0,925.0,0.008,False,NBA,Pete Maravich,28.0,NOJ,SG,62.0,,38.3,9.7,21.2,0.459,,,,,,,,6.4,7.9,0.811,0.7,4.1,4.8,5.4,1.4,0.4,,3.2,25.9
1976,nba mvp,Clifford Ray,raycl01,27,0.0,6.0,925.0,0.006,False,NBA,Clifford Ray,27.0,GSW,C,82.0,82.0,26.6,2.6,4.9,0.525,,,,,,,,1.7,2.8,0.609,3.3,6.2,9.5,1.8,1.0,1.0,,3.0,6.9
1976,nba mvp,Walt Frazier,fraziwa01,30,1.0,5.0,925.0,0.005,False,NBA,Walt Frazier,30.0,NYK,PG,59.0,,41.1,8.0,16.4,0.485,,,,,,,,3.2,3.8,0.823,1.3,5.4,6.8,5.9,1.8,0.2,,2.8,19.1
1976,nba mvp,Jamaal Wilkes,wilkeja01,22,1.0,5.0,925.0,0.005,False,NBA,Jamaal Wilkes,22.0,GSW,SF,82.0,82.0,33.1,7.5,16.3,0.463,,,,,,,,2.8,3.6,0.772,2.4,6.4,8.8,2.0,1.2,0.4,,2.7,17.8
1976,nba mvp,Phil Chenier,cheniph01,25,0.0,5.0,925.0,0.005,False,NBA,Phil Chenier,25.0,WSB,SG,80.0,,36.9,8.2,16.9,0.483,,,,,,,,3.5,4.3,0.827,1.1,3.0,4.0,3.2,2.0,0.6,,2.3,19.9
1976,nba mvp,Doug Collins,collido01,24,0.0,3.0,925.0,0.003,False,NBA,Doug Collins,24.0,PHI,SG,77.0,77.0,38.9,8.0,15.5,0.513,,,,,,,,4.8,5.8,0.836,1.6,2.4,4.0,2.5,1.4,0.3,,3.2,20.8
1976,nba mvp,John Drew,drewjo01,21,0.0,3.0,925.0,0.003,False,NBA,John Drew,21.0,ATL,SF,77.0,,30.5,7.6,15.2,0.502,,,,,,,,6.3,8.5,0.744,3.7,4.9,8.6,1.9,1.8,0.4,,3.4,21.6
1976,nba mvp,Steve Mix,mixst01,28,0.0,3.0,925.0,0.003,False,NBA,Steve Mix,28.0,PHI,SF,81.0,63.0,37.5,5.2,10.4,0.499,,,,,,,,3.5,4.3,0.818,2.7,5.5,8.2,2.7,2.0,0.4,,3.6,13.9
1976,nba mvp,Jo Jo White,whitejo01,29,0.0,3.0,925.0,0.003,False,NBA,Jo Jo White,29.0,BOS,PG,82.0,82.0,39.7,8.2,18.2,0.449,,,,,,,,2.6,3.1,0.838,0.7,3.1,3.8,5.4,1.3,0.2,,2.2,18.9
1976,nba mvp,Bob Dandridge,dandrbo01,28,0.0,1.0,925.0,0.001,False,NBA,Bob Dandridge,28.0,MIL,SF,73.0,,37.5,8.9,17.8,0.502,,,,,,,,3.7,4.5,0.824,2.3,5.1,7.4,2.8,1.5,0.5,,3.6,21.5
1976,nba mvp,John Havlicek,havlijo01,35,0.0,1.0,925.0,0.001,False,NBA,John Havlicek,35.0,BOS,SF,76.0,,34.2,6.6,14.8,0.45,,,,,,,,3.7,4.4,0.844,1.5,2.6,4.1,3.7,1.3,0.4,,2.7,17.0
1976,nba mvp,Truck Robinson,robintr01,24,0.0,1.0,925.0,0.001,False,NBA,Truck Robinson,24.0,WSB,PF,82.0,,25.1,4.3,9.5,0.454,,,,,,,,2.6,3.8,0.672,1.7,5.1,6.8,1.4,0.5,1.3,,2.9,11.2
1976,nba mvp,Randy Smith,smithra01,27,0.0,1.0,925.0,0.001,False,NBA,Randy Smith,27.0,BUF,SG,82.0,82.0,38.6,8.6,17.3,0.494,,,,,,,,4.7,5.7,0.817,1.3,3.8,5.1,5.9,1.9,0.0,,3.3,21.8
1976,nba mvp,Norm Van Lier,vanlino01,28,0.0,1.0,925.0,0.001,False,NBA,Norm Van Lier,28.0,CHI,PG,76.0,,39.8,4.8,13.0,0.366,,,,,,,,3.1,4.2,0.737,1.8,3.6,5.4,6.6,2.0,0.3,,3.9,12.6
1976,nba mvp,Bill Walton,waltobi01,23,0.0,1.0,925.0,0.001,False,NBA,Bill Walton,23.0,POR,C,51.0,,33.1,6.8,14.4,0.471,,,,,,,,2.6,4.5,0.583,2.6,10.8,13.4,4.3,1.0,1.6,,2.8,16.1
1976,nba mvp,Paul Westphal,westppa01,25,0.0,1.0,925.0,0.001,False,NBA,Paul Westphal,25.0,PHO,PG,82.0,,36.1,8.0,16.2,0.494,,,,,,,,4.5,5.4,0.83,0.9,2.3,3.2,5.4,2.6,0.5,,2.7,20.5
1976,nba roy,Alvan Adams,adamsal01,21,16.6,16.6,18.0,0.922,True,NBA,Alvan Adams,21.0,PHO,C,80.0,,33.2,7.9,16.8,0.469,,,,,,,,3.3,4.4,0.735,2.7,6.4,9.1,5.6,1.5,1.5,,3.4,19.0
1976,nba roy,Gus Williams,willigu01,22,0.6,0.6,18.0,0.033,False,NBA,Gus Williams,22.0,GSW,PG,77.0,,22.4,4.7,11.1,0.428,,,,,,,,2.2,3.0,0.742,0.8,1.3,2.1,3.1,1.8,0.3,,1.9,11.7
1976,nba roy,World B. Free,freewo01,22,0.4,0.4,18.0,0.022,False,NBA,World B. Free,22.0,PHI,SG,71.0,5.0,15.8,3.4,7.5,0.448,,,,,,,,1.6,2.6,0.602,0.9,0.9,1.8,1.5,0.5,0.1,,1.5,8.3
1976,nba roy,Lionel Hollins,hollili01,22,0.3,0.3,18.0,0.017,False,NBA,Lionel Hollins,22.0,POR,PG,74.0,,25.6,4.2,10.0,0.421,,,,,,,,2.4,3.3,0.721,0.5,1.8,2.4,4.1,1.8,0.4,,3.2,10.8
1976,nba roy,John Shumate,shumajo01,23,0.1,0.1,18.0,0.006,False,NBA,John Shumate,23.0,2TM,PF,75.0,,26.3,4.4,7.9,0.561,,,,,,,,2.8,4.3,0.65,1.9,5.5,7.4,1.7,1.1,0.5,,2.1,11.7
1975,aba mvp,Julius Erving,ervinju01,24,11.0,11.0,30.0,0.367,True,,,,,,,,,,,,,,,,,,,,,,,,,,,,,,
1975,aba mvp,George McGinnis,mcginge01,24,11.0,11.0,30.0,0.367,True,,,,,,,,,,,,,,,,,,,,,,,,,,,,,,
1975,aba mvp,Mack Calvin,calvima01,27,6.0,6.0,30.0,0.2,False,,,,,,,,,,,,,,,,,,,,,,,,,,,,,,
1975,aba mvp,Bobby Jones,jonesbo01,23,2.0,2.0,30.0,0.067,False,,,,,,,,,,,,,,,,,,,,,,,,,,,,,,
1975,aba roy,Marvin Barnes,barnema01,22,,14.0,30.0,0.467,True,,,,,,,,,,,,,,,,,,,,,,,,,,,,,,
1975,aba roy,Bobby Jones,jonesbo01,23,,13.0,30.0,0.433,False,,,,,,,,,,,,,,,,,,,,,,,,,,,,,,
1975,aba roy,Moses Malone,malonmo01,19,,3.0,30.0,0.1,False,,,,,,,,,,,,,,,,,,,,,,,,,,,,,,
1975,nba mvp,Bob McAdoo,mcadobo01,23,81.0,547.0,965.0,0.567,True,NBA,Bob McAdoo,23.0,BUF,C,82.0,,43.2,13.4,26.1,0.512,,,,,,,,7.8,9.7,0.805,3.7,10.3,14.1,2.2,1.1,2.1,,3.4,34.5
1975,nba mvp,Dave Cowens,cowenda01,26,32.0,310.0,965.0,0.321,False,NBA,Dave Cowens,26.0,BOS,C,65.0,,40.5,8.8,18.4,0.475,,,,,,,,2.9,3.8,0.783,3.5,11.2,14.7,4.6,1.3,1.1,,3.7,20.4
1975,nba mvp,Elvin Hayes,hayesel01,29,37.0,289.0,965.0,0.299,False,NBA,Elvin Hayes,29.0,WSB,PF,82.0,,42.3,9.0,20.3,0.443,,,,,,,,5.0,6.5,0.766,2.7,9.5,12.2,2.5,1.9,2.3,,2.9,23.0
1975,nba mvp,Rick Barry,barryri01,30,16.0,254.0,965.0,0.263,False,NBA,Rick Barry,30.0,GSW,SF,80.0,,40.4,12.9,27.7,0.464,,,,,,,,4.9,5.5,0.904,1.2,4.6,5.7,6.2,2.9,0.4,,2.8,30.6
1975,nba mvp,Kareem Abdul-Jabbar,abdulka01,27,13.0,161.0,965.0,0.167,False,NBA,Kareem Abdul-Jabbar,27.0,MIL,C,65.0,,42.3,12.5,24.4,0.513,,,,,,,,5.0,6.6,0.763,3.0,11.0,14.0,4.1,1.0,3.3,,3.2,30.0
1975,nba mvp,Tiny Archibald,architi01,26,2.0,30.0,965.0,0.031,False,NBA,Tiny Archibald,26.0,KCO,PG,82.0,,39.6,9.3,20.3,0.456,,,,,,,,8.0,9.1,0.872,0.6,2.1,2.7,6.8,1.5,0.1,,2.3,26.5
1975,nba mvp,John Havlicek,havlijo01,34,3.0,23.0,965.0,0.024,False,NBA,John Havlicek,34.0,BOS,SF,82.0,,38.2,7.8,17.2,0.455,,,,,,,,3.5,4.0,0.87,1.9,4.0,5.9,5.3,1.3,0.2,,2.8,19.2
1975,nba mvp,Phil Chenier,cheniph01,24,3.0,20.0,965.0,0.021,False,NBA,Phil Chenier,24.0,WSB,SG,77.0,,37.3,9.0,19.9,0.45,,,,,,,,3.9,4.7,0.825,1.0,2.8,3.8,3.2,2.3,0.8,,2.1,21.8
1975,nba mvp,Wes Unseld,unselwe01,28,2.0,18.0,965.0,0.019,False,NBA,Wes Unseld,28.0,WSB,C,73.0,,39.8,3.7,7.5,0.502,,,,,,,,1.7,2.5,0.685,4.4,10.4,14.8,4.1,1.6,0.9,,2.5,9.2
1975,nba mvp,Sam Lacey,laceysa01,26,2.0,13.0,965.0,0.013,False,NBA,Sam Lacey,26.0,KCO,C,81.0,,41.7,4.8,11.3,0.427,,,,,,,,1.8,2.4,0.754,2.8,11.4,14.2,5.3,1.7,2.1,,3.4,11.5
1975,nba mvp,Norm Van Lier,vanlino01,27,0.0,9.0,965.0,0.009,False,NBA,Norm Van Lier,27.0,CHI,PG,70.0,,37.0,5.8,13.9,0.42,,,,,,,,3.4,4.3,0.792,1.2,3.5,4.7,5.8,2.0,0.2,,3.5,15.0
1975,nba mvp,Sidney Wicks,wickssi01,25,1.0,8.0,965.0,0.008,False,NBA,Sidney Wicks,25.0,POR,PF,82.0,,38.6,8.4,17.0,0.497,,,,,,,,4.8,6.8,0.706,2.8,7.9,10.7,3.5,1.3,1.0,,3.5,21.7
1975,nba mvp,Spencer Haywood,haywosp01,25,0.0,7.0,965.0,0.007,False,NBA,Spencer Haywood,25.0,SEA,PF,68.0,,37.2,8.9,19.5,0.459,,,,,,,,4.5,5.6,0.811,2.9,6.4,9.3,2.0,0.8,1.6,,2.5,22.4
1975,nba mvp,Bob Lanier,laniebo01,26,0.0,7.0,965.0,0.007,False,NBA,Bob Lanier,26.0,DET,C,76.0,,39.3,9.6,18.9,0.51,,,,,,,,4.8,5.9,0.802,3.0,9.1,12.0,4.6,1.0,2.3,,3.1,24.0
1975,nba mvp,Walt Frazier,fraziwa01,29,0.0,6.0,965.0,0.006,False,NBA,Walt Frazier,29.0,NYK,PG,78.0,,41.1,8.6,17.8,0.483,,,,,,,,4.2,5.1,0.828,1.2,4.8,6.0,6.1,2.4,0.2,,2.6,21.5
1975,nba mvp,Mike Bantom,bantomi01,23,1.0,5.0,965.0,0.005,False,NBA,Mike Bantom,23.0,PHO,SF,82.0,,27.3,5.1,11.1,0.461,,,,,,,,2.3,3.2,0.714,2.6,4.2,6.7,1.9,0.8,0.6,,3.3,12.5
1975,nba mvp,Earl Monroe,monroea01,30,0.0,5.0,965.0,0.005,False,NBA,Earl Monroe,30.0,NYK,SG,78.0,,36.1,8.6,18.7,0.457,,,,,,,,3.8,4.6,0.827,0.7,3.5,4.2,3.5,1.4,0.4,,2.6,20.9
1975,nba mvp,Chet Walker,walkech01,34,0.0,5.0,965.0,0.005,False,NBA,Chet Walker,34.0,CHI,SF,76.0,,32.3,6.9,14.2,0.487,,,,,,,,5.4,6.3,0.86,1.5,4.2,5.7,2.2,0.6,0.1,,2.4,19.2
1975,nba mvp,Bob Love,lovebo01,32,0.0,4.0,965.0,0.004,False,NBA,Bob Love,32.0,CHI,PF,61.0,,39.4,8.8,20.6,0.429,,,,,,,,4.3,5.2,0.83,1.6,4.7,6.3,1.7,1.0,0.2,,3.4,22.0
1975,nba mvp,Jim Chones,choneji01,25,0.0,3.0,965.0,0.003,False,NBA,Jim Chones,25.0,CLE,C,72.0,,33.7,6.2,12.7,0.487,,,,,,,,2.1,3.1,0.679,2.2,7.2,9.4,1.8,0.7,1.7,,3.4,14.5
1975,nba mvp,Fred Brown,brownfr01,26,0.0,1.0,965.0,0.001,False,NBA,Fred Brown,26.0,SEA,SG,81.0,,33.0,9.1,19.0,0.48,,,,,,,,2.8,3.4,0.831,1.4,2.8,4.2,3.5,2.3,0.2,,2.8,21.0
1975,nba mvp,Rudy Tomjanovich,tomjaru01,26,0.0,1.0,965.0,0.001,False,NBA,Rudy Tomjanovich,26.0,HOU,PF,81.0,,38.7,8.6,16.3,0.525,,,,,,,,3.6,4.5,0.79,2.3,5.3,7.6,2.9,0.9,0.3,,2.8,20.7
1975,nba roy,Jamaal Wilkes,wilkeja01,21,7.6,7.6,18.0,0.422,True,NBA,Jamaal Wilkes,21.0,GSW,SF,82.0,,30.7,6.1,13.8,0.442,,,,,,,,2.0,2.7,0.734,2.5,5.7,8.2,2.2,1.3,0.3,,2.7,14.2
1975,nba roy,John Drew,drewjo01,20,5.1,5.1,18.0,0.283,False,NBA,John Drew,20.0,ATL,PF,78.0,,29.3,6.8,15.8,0.428,,,,,,,,5.0,7.0,0.713,4.6,6.1,10.7,1.8,1.5,0.5,,3.5,18.5
1975,nba roy,Scott Wedman,wedmasc01,22,3.8,3.8,18.0,0.211,False,NBA,Scott Wedman,22.0,KCO,SF,80.0,,31.9,4.7,10.1,0.465,,,,,,,,1.7,2.1,0.818,2.5,3.6,6.1,1.6,1.0,0.3,,3.4,11.1
1975,nba roy,Leonard Gray,grayle01,23,1.2,1.2,18.0,0.067,False,NBA,Leonard Gray,23.0,SEA,PF,75.0,,30.4,5.0,10.3,0.489,,,,,,,,1.4,1.9,0.722,1.8,4.6,6.4,2.2,0.8,0.3,,3.9,11.5
1975,nba roy,Mike Sojourner,sojoumi01,21,0.3,0.3,18.0,0.017,False,NBA,Mike Sojourner,21.0,ATL,C,73.0,,29.2,5.2,10.6,0.488,,,,,,,,1.3,2.0,0.651,2.7,6.1,8.8,1.3,0.5,0.8,,3.0,11.7
1974,aba mvp,Julius Erving,ervinju01,23,49.0,49.0,66.0,0.742,True,,,,,,,,,,,,,,,,,,,,,,,,,,,,,,
1974,aba mvp,Artis Gilmore,gilmoar01,24,9.0,9.0,66.0,0.136,False,,,,,,,,,,,,,,,,,,,,,,,,,,,,,,
1974,aba roy,Swen Nater,natersw01,24,,24.0,64.0,0.375,True,,,,,,,,,,,,,,,,,,,,,,,,,,,,,,
1974,aba roy,Caldwell Jones,jonesca01,23,,23.0,64.0,0.359,False,,,,,,,,,,,,,,,,,,,,,,,,,,,,,,
1974,aba roy,Larry Kenon,kenonla01,21,,14.0,64.0,0.219,False,,,,,,,,,,,,,,,,,,,,,,,,,,,,,,
1974,aba roy,John Williamson,willijo01,22,,3.0,64.0,0.047,False,,,,,,,,,,,,,,,,,,,,,,,,,,,,,,
1974,nba mvp,Kareem Abdul-Jabbar,abdulka01,26,74.0,528.0,905.0,0.583,True,NBA,Kareem Abdul-Jabbar,26.0,MIL,C,81.0,,43.8,11.7,21.7,0.539,,,,,,,,3.6,5.2,0.702,3.5,11.0,14.5,4.8,1.4,3.5,,2.9,27.0
1974,nba mvp,Bob McAdoo,mcadobo01,22,60.0,451.0,905.0,0.498,False,NBA,Bob McAdoo,22.0,BUF,C,74.0,,43.0,12.2,22.3,0.547,,,,,,,,6.2,7.8,0.793,3.8,11.3,15.1,2.3,1.2,3.3,,3.4,30.6
1974,nba mvp,Bob Lanier,laniebo01,25,37.0,395.0,905.0,0.436,False,NBA,Bob Lanier,25.0,DET,C,81.0,,37.6,9.2,18.3,0.504,,,,,,,,4.0,5.0,0.797,3.3,9.9,13.3,4.2,1.4,3.0,,3.4,22.5
1974,nba mvp,Dave Cowens,cowenda01,25,3.0,91.0,905.0,0.101,False,NBA,Dave Cowens,25.0,BOS,C,80.0,,41.9,8.1,18.4,0.437,,,,,,,,2.9,3.4,0.832,3.3,12.4,15.7,4.4,1.2,1.3,,3.7,19.0
1974,nba mvp,Elvin Hayes,hayesel01,28,4.0,74.0,905.0,0.082,False,NBA,Elvin Hayes,28.0,CAP,PF,81.0,,44.5,8.5,20.1,0.423,,,,,,,,4.4,6.1,0.721,4.4,13.7,18.1,2.0,1.1,3.0,,3.1,21.4
1974,nba mvp,Walt Frazier,fraziwa01,28,2.0,24.0,905.0,0.027,False,NBA,Walt Frazier,28.0,NYK,PG,80.0,,41.7,8.4,17.9,0.472,,,,,,,,3.7,4.4,0.838,1.5,5.2,6.7,6.9,2.0,0.2,,2.7,20.5
1974,nba mvp,Rick Barry,barryri01,29,0.0,10.0,905.0,0.011,False,NBA,Rick Barry,29.0,GSW,SF,80.0,,36.5,10.0,21.8,0.456,,,,,,,,5.2,5.8,0.899,1.3,5.5,6.8,6.1,2.1,0.5,,3.3,25.1
1974,nba mvp,Nate Thurmond,thurmna01,32,1.0,8.0,905.0,0.009,False,NBA,Nate Thurmond,32.0,GSW,C,62.0,,39.7,5.0,11.2,0.444,,,,,,,,3.1,4.6,0.666,4.0,10.1,14.2,2.7,0.7,2.9,,2.9,13.0
1974,nba mvp,John Havlicek,havlijo01,33,0.0,5.0,905.0,0.006,False,NBA,John Havlicek,33.0,BOS,SF,76.0,,40.7,9.0,19.8,0.456,,,,,,,,4.6,5.5,0.832,1.8,4.6,6.4,5.9,1.3,0.4,,2.6,22.6
1974,nba mvp,Norm Van Lier,vanlino01,26,0.0,5.0,905.0,0.006,False,NBA,Norm Van Lier,26.0,CHI,PG,80.0,,35.8,5.3,13.1,0.406,,,,,,,,3.6,4.6,0.778,1.4,3.3,4.7,6.9,2.0,0.1,,3.5,14.3
1974,nba mvp,Dave Bing,bingda01,30,0.0,3.0,905.0,0.003,False,NBA,Dave Bing,30.0,DET,PG,81.0,,38.6,7.2,16.5,0.436,,,,,,,,4.4,5.4,0.813,1.3,2.1,3.5,6.9,1.3,0.2,,2.7,18.8
1974,nba mvp,Phil Chenier,cheniph01,23,0.0,3.0,905.0,0.003,False,NBA,Phil Chenier,23.0,CAP,SG,76.0,,38.7,9.2,21.1,0.434,,,,,,,,3.6,4.4,0.82,1.5,3.6,5.1,3.1,2.0,0.9,,1.8,21.9
1974,nba mvp,Dave DeBusschere,debusda01,33,0.0,3.0,905.0,0.003,False,NBA,Dave DeBusschere,33.0,NYK,PF,71.0,,38.0,7.9,17.1,0.461,,,,,,,,2.3,3.1,0.756,1.9,8.8,10.7,3.6,0.9,0.5,,3.1,18.1
1974,nba mvp,Clifford Ray,raycl01,25,0.0,3.0,905.0,0.003,False,NBA,Clifford Ray,25.0,CHI,C,80.0,,32.9,3.9,7.7,0.511,,,,,,,,1.5,2.5,0.608,3.6,8.7,12.2,3.1,0.7,2.2,,3.5,9.3
1974,nba mvp,Lucius Allen,allenlu01,26,0.0,2.0,905.0,0.002,False,NBA,Lucius Allen,26.0,MIL,PG,72.0,,33.2,7.3,14.8,0.495,,,,,,,,3.0,3.8,0.788,1.2,2.8,4.0,5.2,1.9,0.3,,3.0,17.6
1974,nba mvp,Bob Love,lovebo01,31,0.0,2.0,905.0,0.002,False,NBA,Bob Love,31.0,CHI,PF,82.0,,40.1,8.9,21.4,0.417,,,,,,,,3.9,4.8,0.818,2.2,3.8,6.0,1.6,1.0,0.3,,2.7,21.8
1974,nba mvp,Spencer Haywood,haywosp01,24,0.0,1.0,905.0,0.001,False,NBA,Spencer Haywood,24.0,SEA,PF,75.0,,40.5,9.3,20.3,0.457,,,,,,,,5.0,6.1,0.814,4.2,9.2,13.4,3.2,0.9,1.4,,2.6,23.5
1974,nba mvp,Clyde Lee,leecl01,29,0.0,1.0,905.0,0.001,False,NBA,Clyde Lee,29.0,GSW,PF,54.0,,30.4,2.4,5.3,0.454,,,,,,,,1.1,2.0,0.579,3.5,7.6,11.1,1.3,0.5,0.3,,3.3,5.9
1974,nba mvp,Pete Maravich,maravpe01,26,0.0,1.0,905.0,0.001,False,NBA,Pete Maravich,26.0,ATL,SG,76.0,,38.2,10.8,23.6,0.457,,,,,,,,6.2,7.5,0.826,1.3,3.6,4.9,5.2,1.5,0.2,,3.4,27.7
1974,nba mvp,Rudy Tomjanovich,tomjaru01,25,0.0,1.0,905.0,0.001,False,NBA,Rudy Tomjanovich,25.0,HOU,SF,80.0,,40.3,9.9,18.4,0.536,,,,,,,,4.8,5.7,0.848,2.9,6.1,9.0,3.1,1.1,0.8,,2.9,24.5
1974,nba roy,Ernie DiGregorio,digreer01,23,16.0,16.0,17.0,0.941,True,NBA,Ernie DiGregorio,23.0,BUF,PG,81.0,,35.9,6.5,15.6,0.421,,,,,,,,2.1,2.4,0.902,0.6,2.1,2.7,8.2,0.7,0.1,,3.0,15.2
1974,nba roy,Ron Behagen,behagro01,23,0.7,0.7,17.0,0.041,False,NBA,Ron Behagen,23.0,KCO,PF,80.0,,25.7,4.5,10.3,0.432,,,,,,,,2.0,2.7,0.764,2.4,4.7,7.1,1.7,0.7,0.5,,3.6,11.0
1974,nba roy,Slick Watts,wattssl01,22,0.2,0.2,17.0,0.012,False,NBA,Slick Watts,22.0,SEA,PG,62.0,,23.0,3.2,8.2,0.388,,,,,,,,1.6,2.5,0.645,1.2,1.8,2.9,5.7,1.9,0.2,,3.3,8.0
1973,aba mvp,Billy Cunningham,cunnibi01,29,44.0,44.0,58.0,0.759,True,,,,,,,,,,,,,,,,,,,,,,,,,,,,,,
1973,aba mvp,Julius Erving,ervinju01,22,7.0,7.0,58.0,0.121,False,,,,,,,,,,,,,,,,,,,,,,,,,,,,,,
1973,aba mvp,George McGinnis,mcginge01,22,3.0,3.0,58.0,0.052,False,,,,,,,,,,,,,,,,,,,,,,,,,,,,,,
1973,aba mvp,Ron Boone,boonero01,26,1.0,1.0,58.0,0.017,False,,,,,,,,,,,,,,,,,,,,,,,,,,,,,,
1973,aba mvp,Joe Caldwell,caldwjo01,31,1.0,1.0,58.0,0.017,False,,,,,,,,,,,,,,,,,,,,,,,,,,,,,,
1973,aba mvp,Artis Gilmore,gilmoar01,23,1.0,1.0,58.0,0.017,False,,,,,,,,,,,,,,,,,,,,,,,,,,,,,,
1973,aba mvp,Willie Wise,wisewi01,25,1.0,1.0,58.0,0.017,False,,,,,,,,,,,,,,,,,,,,,,,,,,,,,,
1973,aba roy,Brian Taylor,taylobr01,21,,24.0,59.0,0.407,True,,,,,,,,,,,,,,,,,,,,,,,,,,,,,,
1973,aba roy,James Silas,silasja01,23,,22.0,59.0,0.373,False,,,,,,,,,,,,,,,,,,,,,,,,,,,,,,
1973,aba roy,Mike Barr,barrmi01,22,,5.0,59.0,0.085,False,,,,,,,,,,,,,,,,,,,,,,,,,,,,,,
1973,aba roy,George Gervin,gervige01,20,,5.0,59.0,0.085,False,,,,,,,,,,,,,,,,,,,,,,,,,,,,,,
1973,aba roy,Jim Chones,choneji01,23,,2.0,59.0,0.034,False,,,,,,,,,,,,,,,,,,,,,,,,,,,,,,
1973,aba roy,Claude Virden,virdecl01,25,,1.0,59.0,0.017,False,,,,,,,,,,,,,,,,,,,,,,,,,,,,,,
1973,nba mvp,Dave Cowens,cowenda01,24,67.0,444.0,875.0,0.507,True,NBA,Dave Cowens,24.0,BOS,C,82.0,,41.8,9.0,20.0,0.452,,,,,,,,2.5,3.2,0.779,,,16.2,4.1,,,,3.8,20.5
1973,nba mvp,Kareem Abdul-Jabbar,abdulka01,25,33.0,339.0,875.0,0.387,False,NBA,Kareem Abdul-Jabbar,25.0,MIL,C,76.0,,42.8,12.9,23.3,0.554,,,,,,,,4.3,6.1,0.713,,,16.1,5.0,,,,2.7,30.2
1973,nba mvp,Tiny Archibald,architi01,24,44.0,319.0,875.0,0.365,False,NBA,Tiny Archibald,24.0,KCO,PG,80.0,,46.0,12.9,26.3,0.488,,,,,,,,8.3,9.8,0.847,,,2.8,11.4,,,,2.6,34.0
1973,nba mvp,Wilt Chamberlain,chambwi01,36,12.0,123.0,875.0,0.141,False,NBA,Wilt Chamberlain,36.0,LAL,C,82.0,,43.2,5.2,7.1,0.727,,,,,,,,2.8,5.5,0.51,,,18.6,4.5,,,,2.3,13.2
1973,nba mvp,John Havlicek,havlijo01,32,5.0,88.0,875.0,0.101,False,NBA,John Havlicek,32.0,BOS,SF,80.0,,42.1,9.6,21.3,0.45,,,,,,,,4.6,5.4,0.858,,,7.1,6.6,,,,2.4,23.8
1973,nba mvp,Jerry West,westje01,34,1.0,70.0,875.0,0.08,False,NBA,Jerry West,34.0,LAL,PG,69.0,,35.7,9.0,18.7,0.479,,,,,,,,4.9,6.1,0.805,,,4.2,8.8,,,,2.0,22.8
1973,nba mvp,Walt Frazier,fraziwa01,27,4.0,40.0,875.0,0.046,False,NBA,Walt Frazier,27.0,NYK,PG,78.0,,40.8,8.7,17.8,0.49,,,,,,,,3.7,4.5,0.817,,,7.3,5.9,,,,2.4,21.1
1973,nba mvp,Spencer Haywood,haywosp01,23,4.0,40.0,875.0,0.046,False,NBA,Spencer Haywood,23.0,SEA,PF,77.0,,42.3,11.5,24.3,0.476,,,,,,,,6.1,7.3,0.839,,,12.9,2.5,,,,2.8,29.2
1973,nba mvp,Nate Thurmond,thurmna01,31,2.0,33.0,875.0,0.038,False,NBA,Nate Thurmond,31.0,GSW,C,79.0,,43.3,6.5,14.7,0.446,,,,,,,,4.0,5.6,0.718,,,17.1,3.5,,,,3.0,17.1
1973,nba mvp,Elvin Hayes,hayesel01,27,1.0,18.0,875.0,0.021,False,NBA,Elvin Hayes,27.0,BAL,PF,81.0,,41.3,8.8,19.8,0.444,,,,,,,,3.6,5.4,0.671,,,14.5,1.6,,,,2.9,21.2
1973,nba mvp,Dave DeBusschere,debusda01,32,0.0,9.0,875.0,0.01,False,NBA,Dave DeBusschere,32.0,NYK,PF,77.0,,36.7,6.9,15.9,0.435,,,,,,,,2.5,3.4,0.746,,,10.2,3.4,,,,2.8,16.3
1973,nba mvp,Bob Love,lovebo01,30,0.0,9.0,875.0,0.01,False,NBA,Bob Love,30.0,CHI,PF,82.0,,37.0,9.4,21.9,0.431,,,,,,,,4.2,5.1,0.824,,,6.5,1.5,,,,2.9,23.1
1973,nba mvp,Elmore Smith,smithel01,23,0.0,6.0,875.0,0.007,False,NBA,Elmore Smith,23.0,BUF,C,76.0,,37.2,7.9,16.4,0.482,,,,,,,,2.5,4.4,0.558,,,12.4,2.5,,,,3.9,18.3
1973,nba mvp,Bob Lanier,laniebo01,24,1.0,5.0,875.0,0.006,False,NBA,Bob Lanier,24.0,DET,C,81.0,,38.9,10.0,20.4,0.49,,,,,,,,3.8,4.9,0.773,,,14.9,3.2,,,,3.4,23.8
1973,nba mvp,Wes Unseld,unselwe01,26,1.0,5.0,875.0,0.006,False,NBA,Wes Unseld,26.0,BAL,C,79.0,,39.1,5.3,10.8,0.493,,,,,,,,1.9,2.7,0.703,,,15.9,4.4,,,,2.1,12.5
1973,nba mvp,Sidney Wicks,wickssi01,23,0.0,3.0,875.0,0.003,False,NBA,Sidney Wicks,23.0,POR,PF,80.0,,39.4,9.5,21.1,0.452,,,,,,,,4.8,6.6,0.723,,,10.9,5.5,,,,3.2,23.8
1973,nba mvp,Lenny Wilkens,wilkele01,35,0.0,3.0,875.0,0.003,False,NBA,Lenny Wilkens,35.0,CLE,PG,75.0,,39.6,7.6,17.0,0.449,,,,,,,,5.3,6.3,0.828,,,4.6,8.4,,,,2.9,20.5
1973,nba mvp,Lou Hudson,hudsolo01,28,0.0,2.0,875.0,0.002,False,NBA,Lou Hudson,28.0,ATL,SF,75.0,,40.4,10.9,22.8,0.477,,,,,,,,5.3,6.4,0.825,,,6.2,3.4,,,,2.6,27.1
1973,nba mvp,Lucius Allen,allenlu01,25,0.0,1.0,875.0,0.001,False,NBA,Lucius Allen,25.0,MIL,PG,80.0,,33.7,6.8,14.1,0.484,,,,,,,,1.8,2.5,0.715,,,3.5,5.3,,,,2.4,15.5
1973,nba mvp,Rick Barry,barryri01,28,0.0,1.0,875.0,0.001,False,NBA,Rick Barry,28.0,GSW,SF,82.0,,37.5,9.0,19.9,0.452,,,,,,,,4.4,4.8,0.902,,,8.9,4.9,,,,3.0,22.3
1973,nba mvp,Dave Bing,bingda01,29,0.0,1.0,875.0,0.001,False,NBA,Dave Bing,29.0,DET,PG,82.0,,41.0,8.4,18.8,0.448,,,,,,,,5.6,6.8,0.814,,,3.6,7.8,,,,2.8,22.4
1973,nba mvp,Pete Maravich,maravpe01,25,0.0,1.0,875.0,0.001,False,NBA,Pete Maravich,25.0,ATL,SG,79.0,,39.1,10.0,22.6,0.441,,,,,,,,6.1,7.7,0.8,,,4.4,6.9,,,,3.1,26.1
1973,nba roy,Bob McAdoo,mcadobo01,21,12.8,12.8,17.0,0.753,True,NBA,Bob McAdoo,21.0,BUF,PF,80.0,,32.0,7.3,16.2,0.452,,,,,,,,3.4,4.4,0.774,,,9.1,1.7,,,,3.2,18.0
1973,nba roy,Lloyd Neal,nealll01,22,3.7,3.7,17.0,0.218,False,NBA,Lloyd Neal,22.0,POR,C,82.0,,33.2,5.5,11.2,0.494,,,,,,,,2.3,3.6,0.638,,,11.8,1.8,,,,3.7,13.4
1973,nba roy,Chris Ford,fordch01,24,0.2,0.2,17.0,0.012,False,NBA,Chris Ford,24.0,DET,SG,74.0,,20.8,2.8,5.9,0.479,,,,,,,,0.8,1.3,0.645,,,3.6,2.6,,,,1.8,6.4
1973,nba roy,Jim Price,priceji01,23,0.1,0.1,17.0,0.006,False,NBA,Jim Price,23.0,LAL,PG,59.0,,14.0,2.7,6.1,0.44,,,,,,,,1.0,1.2,0.822,,,1.9,1.6,,,,2.0,6.4
1973,nba roy,Bud Stallworth,stallbu01,23,0.1,0.1,17.0,0.006,False,NBA,Bud Stallworth,23.0,SEA,SF,77.0,,15.9,2.6,6.8,0.379,,,,,,,,1.1,1.5,0.754,,,2.9,0.8,,,,1.8,6.3
1972,aba mvp,Artis Gilmore,gilmoar01,22,30.0,30.0,43.0,0.698,True,,,,,,,,,,,,,,,,,,,,,,,,,,,,,,
1972,aba mvp,Dan Issel,isselda01,23,7.0,7.0,43.0,0.163,False,,,,,,,,,,,,,,,,,,,,,,,,,,,,,,
1972,aba mvp,Zelmo Beaty,beatyze01,32,6.0,6.0,43.0,0.14,False,,,,,,,,,,,,,,,,,,,,,,,,,,,,,,
1972,aba roy,Artis Gilmore,gilmoar01,22,,38.0,60.0,0.633,True,,,,,,,,,,,,,,,,,,,,,,,,,,,,,,
1972,aba roy,Julius Erving,ervinju01,21,,21.0,60.0,0.35,False,,,,,,,,,,,,,,,,,,,,,,,,,,,,,,
1972,aba roy,George McGinnis,mcginge01,21,,1.0,60.0,0.017,False,,,,,,,,,,,,,,,,,,,,,,,,,,,,,,
1972,nba mvp,Kareem Abdul-Jabbar,abdulka01,24,81.0,581.0,900.0,0.646,True,NBA,Kareem Abdul-Jabbar,24.0,MIL,C,81.0,,44.2,14.3,24.9,0.574,,,,,,,,6.2,9.0,0.689,,,16.6,4.6,,,,2.9,34.8
1972,nba mvp,Jerry West,westje01,33,44.0,393.0,900.0,0.437,False,NBA,Jerry West,33.0,LAL,PG,77.0,,38.6,9.5,20.0,0.477,,,,,,,,6.7,8.2,0.814,,,4.2,9.7,,,,2.7,25.8
1972,nba mvp,Wilt Chamberlain,chambwi01,35,36.0,294.0,900.0,0.327,False,NBA,Wilt Chamberlain,35.0,LAL,C,82.0,,42.3,6.0,9.3,0.649,,,,,,,,2.7,6.4,0.422,,,19.2,4.0,,,,2.4,14.8
1972,nba mvp,John Havlicek,havlijo01,31,1.0,65.0,900.0,0.072,False,NBA,John Havlicek,31.0,BOS,SF,82.0,,45.1,10.9,23.9,0.458,,,,,,,,5.6,6.7,0.834,,,8.2,7.5,,,,2.2,27.5
1972,nba mvp,Spencer Haywood,haywosp01,22,2.0,49.0,900.0,0.054,False,NBA,Spencer Haywood,22.0,SEA,PF,73.0,,43.4,9.8,21.3,0.461,,,,,,,,6.6,8.0,0.819,,,12.7,2.0,,,,2.8,26.2
1972,nba mvp,Bob Love,lovebo01,29,1.0,29.0,900.0,0.032,False,NBA,Bob Love,29.0,CHI,PF,79.0,,39.3,10.4,23.5,0.442,,,,,,,,5.1,6.4,0.784,,,6.6,1.6,,,,3.0,25.8
1972,nba mvp,Dave Cowens,cowenda01,23,2.0,28.0,900.0,0.031,False,NBA,Dave Cowens,23.0,BOS,C,79.0,,40.3,8.3,17.2,0.484,,,,,,,,2.2,3.1,0.72,,,15.2,3.1,,,,4.0,18.8
1972,nba mvp,Nate Thurmond,thurmna01,30,1.0,24.0,900.0,0.027,False,NBA,Nate Thurmond,30.0,GSW,C,78.0,,43.1,8.1,18.6,0.432,,,,,,,,5.3,7.2,0.743,,,16.1,2.9,,,,2.7,21.4
1972,nba mvp,Bob Lanier,laniebo01,23,2.0,21.0,900.0,0.023,False,NBA,Bob Lanier,23.0,DET,C,80.0,,38.7,10.4,21.1,0.493,,,,,,,,4.9,6.3,0.768,,,14.2,3.1,,,,3.7,25.7
1972,nba mvp,Dave DeBusschere,debusda01,31,1.0,20.0,900.0,0.022,False,NBA,Dave DeBusschere,31.0,NYK,PF,80.0,,38.4,6.5,15.2,0.427,,,,,,,,2.4,3.3,0.728,,,11.3,3.6,,,,2.7,15.4
1972,nba mvp,Walt Frazier,fraziwa01,26,1.0,19.0,900.0,0.021,False,NBA,Walt Frazier,26.0,NYK,PG,77.0,,40.6,8.7,17.0,0.512,,,,,,,,5.8,7.2,0.808,,,6.7,5.8,,,,2.4,23.2
1972,nba mvp,Archie Clark,clarkar01,30,0.0,17.0,900.0,0.019,False,NBA,Archie Clark,30.0,2TM,PG,77.0,1.0,42.7,9.2,19.7,0.47,,,,,,,,6.7,8.7,0.771,,,3.5,8.0,,,,2.5,25.2
1972,nba mvp,Jerry Lucas,lucasje01,31,0.0,14.0,900.0,0.016,False,NBA,Jerry Lucas,31.0,NYK,C,77.0,,38.0,7.1,13.8,0.512,,,,,,,,2.6,3.2,0.791,,,13.1,4.1,,,,2.8,16.7
1972,nba mvp,Paul Silas,silaspa01,28,1.0,11.0,900.0,0.012,False,NBA,Paul Silas,28.0,PHO,PF,80.0,,38.5,6.1,12.9,0.47,,,,,,,,5.4,7.0,0.773,,,11.9,4.3,,,,2.5,17.5
1972,nba mvp,Tiny Archibald,architi01,23,2.0,10.0,900.0,0.011,False,NBA,Tiny Archibald,23.0,CIN,PG,76.0,,43.1,9.7,19.9,0.486,,,,,,,,8.9,10.8,0.822,,,2.9,9.2,,,,2.6,28.2
1972,nba mvp,Oscar Robertson,roberos01,33,1.0,10.0,900.0,0.011,False,NBA,Oscar Robertson,33.0,MIL,PG,64.0,,37.3,6.5,13.9,0.472,,,,,,,,4.3,5.2,0.836,,,5.0,7.7,,,,1.8,17.4
1972,nba mvp,Connie Hawkins,hawkico01,29,1.0,5.0,900.0,0.006,False,NBA,Connie Hawkins,29.0,PHO,SF,76.0,,36.8,7.5,16.4,0.459,,,,,,,,6.0,7.4,0.807,,,8.3,3.9,,,,3.1,21.0
1972,nba mvp,Elvin Hayes,hayesel01,26,1.0,5.0,900.0,0.006,False,NBA,Elvin Hayes,26.0,HOU,C,82.0,,42.2,10.1,23.4,0.434,,,,,,,,4.9,7.5,0.649,,,14.6,3.3,,,,2.8,25.2
1972,nba mvp,Cazzie Russell,russeca01,27,1.0,5.0,900.0,0.006,False,NBA,Cazzie Russell,27.0,GSW,SF,79.0,,36.7,8.7,19.2,0.455,,,,,,,,4.0,4.8,0.833,,,5.4,3.1,,,,2.2,21.4
1972,nba mvp,Sidney Wicks,wickssi01,22,1.0,5.0,900.0,0.006,False,NBA,Sidney Wicks,22.0,POR,PF,82.0,,39.6,9.6,22.4,0.427,,,,,,,,5.4,7.6,0.71,,,11.5,4.3,,,,2.3,24.5
1972,nba mvp,Billy Cunningham,cunnibi01,28,0.0,3.0,900.0,0.003,False,NBA,Billy Cunningham,28.0,PHI,SF,75.0,75.0,38.7,8.8,19.0,0.461,,,,,,,,5.7,8.0,0.712,,,12.2,5.9,,,,3.9,23.3
1972,nba mvp,Gail Goodrich,goodrga01,28,0.0,3.0,900.0,0.003,False,NBA,Gail Goodrich,28.0,LAL,SG,82.0,,37.1,10.1,20.7,0.487,,,,,,,,5.8,6.8,0.85,,,3.6,4.5,,,,2.6,25.9
1972,nba mvp,Pete Maravich,maravpe01,24,0.0,3.0,900.0,0.003,False,NBA,Pete Maravich,24.0,ATL,SG,66.0,,34.9,7.0,16.3,0.427,,,,,,,,5.4,6.6,0.811,,,3.9,6.0,,,,3.1,19.3
1972,nba mvp,Jerry Sloan,sloanje01,29,0.0,3.0,900.0,0.003,False,NBA,Jerry Sloan,29.0,CHI,SG,82.0,,37.0,6.5,14.7,0.444,,,,,,,,3.1,4.8,0.66,,,8.4,2.6,,,,3.8,16.2
1972,nba mvp,Walt Bellamy,bellawa01,32,0.0,1.0,900.0,0.001,False,NBA,Walt Bellamy,32.0,ATL,C,82.0,,38.9,7.2,13.3,0.545,,,,,,,,4.1,7.1,0.585,,,12.8,3.2,,,,3.1,18.6
1972,nba mvp,Bill Bradley,bradlbi01,28,0.0,1.0,900.0,0.001,False,NBA,Bill Bradley,28.0,NYK,SF,78.0,,35.6,6.5,13.9,0.465,,,,,,,,2.2,2.6,0.849,,,3.2,4.0,,,,3.3,15.1
1972,nba mvp,Fred Carter,cartefr01,26,0.0,1.0,900.0,0.001,False,NBA,Fred Carter,26.0,2TM,SG,79.0,50.0,28.0,5.6,12.9,0.438,,,,,,,,2.3,3.7,0.621,,,4.1,2.7,,,,3.1,13.6
1972,nba roy,Sidney Wicks,wickssi01,22,77.0,77.0,115.0,0.67,True,NBA,Sidney Wicks,22.0,POR,PF,82.0,,39.6,9.6,22.4,0.427,,,,,,,,5.4,7.6,0.71,,,11.5,4.3,,,,2.3,24.5
1972,nba roy,Elmore Smith,smithel01,22,21.0,21.0,115.0,0.183,False,NBA,Elmore Smith,22.0,BUF,C,78.0,,40.8,7.4,16.3,0.454,,,,,,,,2.5,4.7,0.534,,,15.2,1.4,,,,3.9,17.3
1972,nba roy,Austin Carr,carrau01,23,9.0,9.0,115.0,0.078,False,NBA,Austin Carr,23.0,CLE,SG,43.0,,35.8,8.9,20.8,0.426,,,,,,,,3.5,4.6,0.76,,,3.5,3.4,,,,2.3,21.2
1972,nba roy,Clifford Ray,raycl01,23,5.0,5.0,115.0,0.043,False,NBA,Clifford Ray,23.0,CHI,C,82.0,,22.8,2.7,5.4,0.499,,,,,,,,1.6,2.7,0.615,,,10.6,3.1,,,,3.6,7.0
1972,nba roy,Curtis Rowe,rowecu01,22,2.0,2.0,115.0,0.017,False,NBA,Curtis Rowe,22.0,DET,PF,82.0,,32.5,4.5,9.8,0.46,,,,,,,,2.3,3.5,0.669,,,8.5,1.2,,,,2.1,11.3
1972,nba roy,Mike Newlin,newlimi01,23,1.0,1.0,115.0,0.009,False,NBA,Mike Newlin,23.0,HOU,SG,82.0,,18.2,3.1,7.5,0.414,,,,,,,,1.3,1.8,0.75,,,2.8,1.6,,,,2.8,7.6
1971,aba mvp,Mel Daniels,danieme01,26,9.0,84.0,110.0,0.764,True,,,,,,,,,,,,,,,,,,,,,,,,,,,,,,
1971,aba mvp,Zelmo Beaty,beatyze01,31,5.0,69.0,110.0,0.627,False,,,,,,,,,,,,,,,,,,,,,,,,,,,,,,
1971,aba mvp,Charlie Scott,scottch01,22,5.0,64.0,110.0,0.582,False,,,,,,,,,,,,,,,,,,,,,,,,,,,,,,
1971,aba mvp,Dan Issel,isselda01,22,1.0,45.0,110.0,0.409,False,,,,,,,,,,,,,,,,,,,,,,,,,,,,,,
1971,aba mvp,Rick Barry,barryri01,26,1.0,39.0,110.0,0.355,False,,,,,,,,,,,,,,,,,,,,,,,,,,,,,,
1971,aba mvp,Mack Calvin,calvima01,23,0.0,6.0,110.0,0.055,False,,,,,,,,,,,,,,,,,,,,,,,,,,,,,,
1971,aba mvp,Larry Jones,jonesla01,28,1.0,5.0,110.0,0.045,False,,,,,,,,,,,,,,,,,,,,,,,,,,,,,,
1971,aba mvp,Steve Jones,jonesst01,28,0.0,5.0,110.0,0.045,False,,,,,,,,,,,,,,,,,,,,,,,,,,,,,,
1971,aba mvp,John Brisker,briskjo01,23,0.0,3.0,110.0,0.027,False,,,,,,,,,,,,,,,,,,,,,,,,,,,,,,
1971,aba mvp,Wendell Ladner,ladnewe01,22,0.0,3.0,110.0,0.027,False,,,,,,,,,,,,,,,,,,,,,,,,,,,,,,
1971,aba mvp,Bill Melchionni,melchbi01,26,0.0,3.0,110.0,0.027,False,,,,,,,,,,,,,,,,,,,,,,,,,,,,,,
1971,aba mvp,Mike Barrett,barremi01,27,0.0,1.0,110.0,0.009,False,,,,,,,,,,,,,,,,,,,,,,,,,,,,,,
1971,aba mvp,Roger Brown,brownro01,28,0.0,1.0,110.0,0.009,False,,,,,,,,,,,,,,,,,,,,,,,,,,,,,,
1971,aba mvp,Joe Caldwell,caldwjo01,29,0.0,1.0,110.0,0.009,False,,,,,,,,,,,,,,,,,,,,,,,,,,,,,,
1971,aba mvp,Donnie Freeman,freemdo01,26,0.0,1.0,110.0,0.009,False,,,,,,,,,,,,,,,,,,,,,,,,,,,,,,
1971,aba mvp,Ray Scott,scottra01,32,0.0,1.0,110.0,0.009,False,,,,,,,,,,,,,,,,,,,,,,,,,,,,,,
1971,aba roy,Dan Issel,isselda01,22,,,,,True,,,,,,,,,,,,,,,,,,,,,,,,,,,,,,
1971,aba roy,Charlie Scott,scottch01,22,,,,,True,,,,,,,,,,,,,,,,,,,,,,,,,,,,,,
1971,nba mvp,Kareem Abdul-Jabbar,abdulka01,23,133.0,698.0,780.0,0.895,True,NBA,Kareem Abdul-Jabbar,23.0,MIL,C,82.0,,40.1,13.0,22.5,0.577,,,,,,,,5.7,8.3,0.69,,,16.0,3.3,,,,3.2,31.7
1971,nba mvp,Jerry West,westje01,32,4.0,166.0,780.0,0.213,False,NBA,Jerry West,32.0,LAL,PG,69.0,,41.2,9.7,19.6,0.494,,,,,,,,7.6,9.1,0.832,,,4.6,9.5,,,,2.6,26.9
1971,nba mvp,Dave Bing,bingda01,27,6.0,119.0,780.0,0.153,False,NBA,Dave Bing,27.0,DET,PG,82.0,,37.4,9.7,20.9,0.467,,,,,,,,7.5,9.4,0.797,,,4.4,5.0,,,,2.8,27.0
1971,nba mvp,Willis Reed,reedwi01,28,5.0,109.0,780.0,0.14,False,NBA,Willis Reed,28.0,NYK,C,73.0,,39.1,8.4,18.2,0.462,,,,,,,,4.1,5.2,0.785,,,13.7,2.0,,,,3.1,20.9
1971,nba mvp,Oscar Robertson,roberos01,32,5.0,63.0,780.0,0.081,False,NBA,Oscar Robertson,32.0,MIL,PG,81.0,,39.4,7.3,14.7,0.496,,,,,,,,4.8,5.6,0.85,,,5.7,8.2,,,,2.5,19.4
1971,nba mvp,John Havlicek,havlijo01,30,1.0,56.0,780.0,0.072,False,NBA,John Havlicek,30.0,BOS,SF,81.0,,45.4,11.0,24.5,0.45,,,,,,,,6.8,8.4,0.818,,,9.0,7.5,,,,2.5,28.9
1971,nba mvp,Bob Love,lovebo01,28,0.0,38.0,780.0,0.049,False,NBA,Bob Love,28.0,CHI,PF,81.0,,43.0,9.4,21.1,0.447,,,,,,,,6.3,7.6,0.829,,,8.5,2.3,,,,3.2,25.2
1971,nba mvp,Nate Thurmond,thurmna01,29,0.0,33.0,780.0,0.042,False,NBA,Nate Thurmond,29.0,SFW,C,82.0,,40.9,7.6,17.1,0.445,,,,,,,,4.8,6.6,0.73,,,13.8,3.1,,,,2.3,20.0
1971,nba mvp,Billy Cunningham,cunnibi01,27,1.0,25.0,780.0,0.032,False,NBA,Billy Cunningham,27.0,PHI,SF,81.0,80.0,38.1,8.7,18.8,0.462,,,,,,,,5.6,7.7,0.734,,,11.7,4.9,,,,4.0,23.0
1971,nba mvp,Gus Johnson,johnsgu01,32,1.0,15.0,780.0,0.019,False,NBA,Gus Johnson,32.0,BAL,PF,66.0,,38.5,7.5,16.5,0.453,,,,,,,,3.2,4.4,0.738,,,17.1,2.9,,,,3.4,18.2
1971,nba roy,Dave Cowens,cowenda01,22,36.0,36.0,98.0,0.367,True,NBA,Dave Cowens,22.0,BOS,C,81.0,,38.0,6.8,16.1,0.422,,,,,,,,3.4,4.6,0.732,,,15.0,2.8,,,,4.3,17.0
1971,nba roy,Geoff Petrie,petrige01,22,36.0,36.0,98.0,0.367,True,NBA,Geoff Petrie,22.0,POR,SG,82.0,,37.0,9.6,21.6,0.443,,,,,,,,5.6,7.3,0.772,,,3.4,4.8,,,,2.4,24.8
1971,nba roy,Pete Maravich,maravpe01,23,21.0,21.0,98.0,0.214,False,NBA,Pete Maravich,23.0,ATL,SG,81.0,,36.1,9.1,19.9,0.458,,,,,,,,5.0,6.2,0.8,,,3.7,4.4,,,,2.9,23.2
1971,nba roy,Calvin Murphy,murphca01,22,4.0,4.0,98.0,0.041,False,NBA,Calvin Murphy,22.0,SDR,PG,82.0,,24.6,5.7,12.5,0.458,,,,,,,,4.3,5.3,0.82,,,3.0,4.0,,,,3.2,15.8
1971,nba roy,Bob Lanier,laniebo01,22,1.0,1.0,98.0,0.01,False,NBA,Bob Lanier,22.0,DET,C,82.0,,24.6,6.1,13.5,0.455,,,,,,,,3.3,4.6,0.726,,,8.1,1.8,,,,3.3,15.6
1970,aba mvp,Spencer Haywood,haywosp01,20,17.0,97.0,100.0,0.97,True,,,,,,,,,,,,,,,,,,,,,,,,,,,,,,
1970,aba mvp,Rick Barry,barryri01,25,0.0,48.0,100.0,0.48,False,,,,,,,,,,,,,,,,,,,,,,,,,,,,,,
1970,aba mvp,Mel Daniels,danieme01,25,1.0,44.0,100.0,0.44,False,,,,,,,,,,,,,,,,,,,,,,,,,,,,,,
1970,aba mvp,Roger Brown,brownro01,27,2.0,40.0,100.0,0.4,False,,,,,,,,,,,,,,,,,,,,,,,,,,,,,,
1970,aba mvp,Bob Verga,vergabo01,24,0.0,16.0,100.0,0.16,False,,,,,,,,,,,,,,,,,,,,,,,,,,,,,,
1970,aba mvp,Louie Dampier,dampilo01,25,0.0,14.0,100.0,0.14,False,,,,,,,,,,,,,,,,,,,,,,,,,,,,,,
1970,aba mvp,Donnie Freeman,freemdo01,25,0.0,11.0,100.0,0.11,False,,,,,,,,,,,,,,,,,,,,,,,,,,,,,,
1970,aba mvp,Bill Melchionni,melchbi01,25,0.0,5.0,100.0,0.05,False,,,,,,,,,,,,,,,,,,,,,,,,,,,,,,
1970,aba mvp,Jimmy Jones,jonesji01,25,0.0,4.0,100.0,0.04,False,,,,,,,,,,,,,,,,,,,,,,,,,,,,,,
1970,aba mvp,Doug Moe,moedo01,31,0.0,4.0,100.0,0.04,False,,,,,,,,,,,,,,,,,,,,,,,,,,,,,,
1970,aba mvp,Glen Combs,combsgl01,23,0.0,3.0,100.0,0.03,False,,,,,,,,,,,,,,,,,,,,,,,,,,,,,,
1970,aba mvp,Cincy Powell,powelci01,27,0.0,3.0,100.0,0.03,False,,,,,,,,,,,,,,,,,,,,,,,,,,,,,,
1970,aba mvp,Willie Wise,wisewi01,22,0.0,3.0,100.0,0.03,False,,,,,,,,,,,,,,,,,,,,,,,,,,,,,,
1970,aba mvp,Larry Brown,brownla01,29,0.0,2.0,100.0,0.02,False,,,,,,,,,,,,,,,,,,,,,,,,,,,,,,
1970,aba mvp,Manny Leaks,leaksma01,24,0.0,2.0,100.0,0.02,False,,,,,,,,,,,,,,,,,,,,,,,,,,,,,,
1970,aba mvp,Levern Tart,tartle01,27,0.0,2.0,100.0,0.02,False,,,,,,,,,,,,,,,,,,,,,,,,,,,,,,
1970,aba mvp,Steve Jones,jonesst01,27,0.0,1.0,100.0,0.01,False,,,,,,,,,,,,,,,,,,,,,,,,,,,,,,
1970,aba mvp,Bob Netolicky,netolbo01,27,0.0,1.0,100.0,0.01,False,,,,,,,,,,,,,,,,,,,,,,,,,,,,,,
1970,aba mvp,Red Robbins,robbire01,25,0.0,1.0,100.0,0.01,False,,,,,,,,,,,,,,,,,,,,,,,,,,,,,,
1970,aba roy,Spencer Haywood,haywosp01,20,,,,,True,,,,,,,,,,,,,,,,,,,,,,,,,,,,,,
1970,nba mvp,Willis Reed,reedwi01,27,61.0,498.0,775.0,0.643,True,NBA,Willis Reed,27.0,NYK,C,81.0,,38.1,8.7,17.1,0.507,,,,,,,,4.3,5.7,0.756,,,13.9,2.0,,,,3.5,21.7
1970,nba mvp,Jerry West,westje01,31,51.0,457.0,775.0,0.59,False,NBA,Jerry West,31.0,LAL,PG,74.0,,42.0,11.2,22.6,0.497,,,,,,,,8.7,10.6,0.824,,,4.6,7.5,,,,2.2,31.2
1970,nba mvp,Kareem Abdul-Jabbar,abdulka01,22,30.0,335.0,775.0,0.432,False,NBA,Kareem Abdul-Jabbar,22.0,MIL,C,82.0,,43.1,11.4,22.1,0.518,,,,,,,,5.9,9.1,0.653,,,14.5,4.1,,,,3.5,28.8
1970,nba mvp,Walt Frazier,fraziwa01,24,4.0,50.0,775.0,0.065,False,NBA,Walt Frazier,24.0,NYK,PG,77.0,,39.5,7.8,15.0,0.518,,,,,,,,5.3,7.1,0.748,,,6.0,8.2,,,,2.6,20.9
1970,nba mvp,Billy Cunningham,cunnibi01,26,2.0,27.0,775.0,0.035,False,NBA,Billy Cunningham,26.0,PHI,SF,81.0,,39.4,9.9,21.1,0.469,,,,,,,,6.3,8.6,0.729,,,13.6,4.3,,,,4.1,26.1
1970,nba mvp,Connie Hawkins,hawkico01,27,2.0,27.0,775.0,0.035,False,NBA,Connie Hawkins,27.0,PHO,SF,81.0,,40.9,8.8,17.9,0.49,,,,,,,,7.1,9.1,0.779,,,10.4,4.8,,,,3.5,24.6
1970,nba mvp,Lou Hudson,hudsolo01,25,2.0,23.0,775.0,0.03,False,NBA,Lou Hudson,25.0,ATL,SF,80.0,,38.6,10.4,19.6,0.531,,,,,,,,4.6,5.6,0.824,,,4.7,3.5,,,,2.8,25.4
1970,nba mvp,Bill Bridges,bridgbi01,30,1.0,12.0,775.0,0.015,False,NBA,Bill Bridges,30.0,ATL,PF,82.0,,39.9,5.4,11.4,0.475,,,,,,,,4.0,5.5,0.734,,,14.4,4.2,,,,3.6,14.8
1970,nba mvp,Wes Unseld,unselwe01,23,0.0,12.0,775.0,0.015,False,NBA,Wes Unseld,23.0,BAL,C,82.0,,39.4,6.4,12.4,0.518,,,,,,,,3.3,5.2,0.638,,,16.7,3.5,,,,3.0,16.2
1970,nba mvp,John Havlicek,havlijo01,29,1.0,9.0,775.0,0.012,False,NBA,John Havlicek,29.0,BOS,SG,81.0,,41.6,9.1,19.6,0.464,,,,,,,,6.0,7.1,0.844,,,7.8,6.8,,,,2.6,24.2
1970,nba mvp,Nate Thurmond,thurmna01,28,1.0,5.0,775.0,0.006,False,NBA,Nate Thurmond,28.0,SFW,C,43.0,,44.6,7.9,19.2,0.414,,,,,,,,6.1,8.0,0.754,,,17.7,3.5,,,,2.6,21.9
1970,nba mvp,Walt Bellamy,bellawa01,30,0.0,3.0,775.0,0.004,False,NBA,Walt Bellamy,30.0,2TM,C,79.0,,25.7,4.4,8.5,0.523,,,,,,,,2.7,4.7,0.576,,,8.9,1.8,,,,3.3,11.6
1970,nba mvp,Joe Caldwell,caldwjo01,28,0.0,3.0,775.0,0.004,False,NBA,Joe Caldwell,28.0,ATL,SG,82.0,,34.8,8.2,16.2,0.507,,,,,,,,4.6,6.7,0.688,,,5.0,3.5,,,,3.1,21.1
1970,nba mvp,Walt Hazzard,abdulma01,27,0.0,3.0,775.0,0.004,False,NBA,Walt Hazzard,27.0,ATL,PG,82.0,,33.6,6.0,12.9,0.467,,,,,,,,3.3,4.0,0.809,,,4.0,6.8,,,,3.2,15.3
1970,nba mvp,Elgin Baylor,bayloel01,35,0.0,2.0,775.0,0.003,False,NBA,Elgin Baylor,35.0,LAL,SF,54.0,,41.0,9.5,19.5,0.486,,,,,,,,5.1,6.6,0.773,,,10.4,5.4,,,,2.4,24.0
1970,nba mvp,Bob Love,lovebo01,27,0.0,1.0,775.0,0.001,False,NBA,Bob Love,27.0,CHI,PF,82.0,,38.1,7.8,16.7,0.466,,,,,,,,5.4,6.4,0.842,,,8.7,1.8,,,,3.2,21.0
1970,nba mvp,Earl Monroe,monroea01,25,0.0,1.0,775.0,0.001,False,NBA,Earl Monroe,25.0,BAL,PG,82.0,,37.2,8.5,19.0,0.446,,,,,,,,6.5,7.8,0.83,,,3.1,4.9,,,,3.1,23.4
1970,nba mvp,Otto Moore,mooreot01,23,0.0,1.0,775.0,0.001,False,NBA,Otto Moore,23.0,DET,C,81.0,,31.1,4.7,9.9,0.476,,,,,,,,2.4,3.8,0.636,,,11.1,1.3,,,,2.9,11.9
1970,nba mvp,Oscar Robertson,roberos01,31,0.0,1.0,775.0,0.001,False,NBA,Oscar Robertson,31.0,CIN,PG,69.0,,41.5,9.4,18.4,0.511,,,,,,,,6.6,8.1,0.809,,,6.1,8.1,,,,2.5,25.3
1970,nba roy,Kareem Abdul-Jabbar,abdulka01,22,78.0,78.0,78.0,1.0,True,NBA,Kareem Abdul-Jabbar,22.0,MIL,C,82.0,,43.1,11.4,22.1,0.518,,,,,,,,5.9,9.1,0.653,,,14.5,4.1,,,,3.5,28.8
1969,aba mvp,Mel Daniels,danieme01,24,8.0,160.0,176.0,0.909,True,,,,,,,,,,,,,,,,,,,,,,,,,,,,,,
1969,aba mvp,Connie Hawkins,hawkico01,26,6.0,140.0,176.0,0.795,False,,,,,,,,,,,,,,,,,,,,,,,,,,,,,,
1969,aba mvp,Larry Jones,jonesla01,26,3.0,120.0,176.0,0.682,False,,,,,,,,,,,,,,,,,,,,,,,,,,,,,,
1969,aba mvp,Jimmy Jones,jonesji01,24,3.0,100.0,176.0,0.568,False,,,,,,,,,,,,,,,,,,,,,,,,,,,,,,
1969,aba mvp,Rick Barry,barryri01,24,2.0,70.0,176.0,0.398,False,,,,,,,,,,,,,,,,,,,,,,,,,,,,,,
1969,aba mvp,Donnie Freeman,freemdo01,24,0.0,55.0,176.0,0.313,False,,,,,,,,,,,,,,,,,,,,,,,,,,,,,,
1969,aba mvp,Warren Jabali,jabalwa01,22,0.0,40.0,176.0,0.227,False,,,,,,,,,,,,,,,,,,,,,,,,,,,,,,
1969,aba mvp,Louie Dampier,dampilo01,24,0.0,30.0,176.0,0.17,False,,,,,,,,,,,,,,,,,,,,,,,,,,,,,,
1969,aba mvp,Roger Brown,brownro01,26,0.0,25.0,176.0,0.142,False,,,,,,,,,,,,,,,,,,,,,,,,,,,,,,
1969,aba mvp,Doug Moe,moedo01,30,0.0,20.0,176.0,0.114,False,,,,,,,,,,,,,,,,,,,,,,,,,,,,,,
1969,aba mvp,Cincy Powell,powelci01,26,0.0,15.0,176.0,0.085,False,,,,,,,,,,,,,,,,,,,,,,,,,,,,,,
1969,aba mvp,John Beasley,beasljo01,24,0.0,10.0,176.0,0.057,False,,,,,,,,,,,,,,,,,,,,,,,,,,,,,,
1969,aba roy,Warren Jabali,jabalwa01,22,,,,,True,,,,,,,,,,,,,,,,,,,,,,,,,,,,,,
1969,nba mvp,Wes Unseld,unselwe01,22,53.0,310.0,515.0,0.602,True,NBA,Wes Unseld,22.0,BAL,C,82.0,,36.2,5.2,10.9,0.476,,,,,,,,3.4,5.6,0.605,,,18.2,2.6,,,,3.4,13.8
1969,nba mvp,Willis Reed,reedwi01,26,18.0,137.0,515.0,0.266,False,NBA,Willis Reed,26.0,NYK,C,82.0,,37.9,8.6,16.5,0.521,,,,,,,,4.0,5.3,0.747,,,14.5,2.3,,,,3.8,21.1
1969,nba mvp,Billy Cunningham,cunnibi01,25,15.0,130.0,515.0,0.252,False,NBA,Billy Cunningham,25.0,PHI,PF,82.0,,40.8,9.0,21.2,0.426,,,,,,,,6.8,9.2,0.737,,,12.8,3.5,,,,4.0,24.8
1969,nba mvp,Bill Russell,russebi01,34,11.0,93.0,515.0,0.181,False,NBA,Bill Russell,34.0,BOS,C,77.0,,42.7,3.6,8.4,0.433,,,,,,,,2.6,5.0,0.526,,,19.3,4.9,,,,3.0,9.9
1969,nba mvp,Elgin Baylor,bayloel01,34,6.0,89.0,515.0,0.173,False,NBA,Elgin Baylor,34.0,LAL,SF,76.0,,40.3,9.6,21.5,0.447,,,,,,,,5.5,7.5,0.743,,,10.6,5.4,,,,2.7,24.8
1969,nba roy,Wes Unseld,unselwe01,22,53.0,53.0,78.0,0.679,True,NBA,Wes Unseld,22.0,BAL,C,82.0,,36.2,5.2,10.9,0.476,,,,,,,,3.4,5.6,0.605,,,18.2,2.6,,,,3.4,13.8
1969,nba roy,Elvin Hayes,hayesel01,23,25.0,25.0,78.0,0.321,False,NBA,Elvin Hayes,23.0,SDR,C,82.0,,45.1,11.3,25.4,0.447,,,,,,,,5.7,9.1,0.626,,,17.1,1.4,,,,3.2,28.4
1968,aba mvp,Connie Hawkins,hawkico01,25,19.0,173.0,176.0,0.983,True,,,,,,,,,,,,,,,,,,,,,,,,,,,,,,
1968,aba mvp,Doug Moe,moedo01,29,3.0,150.0,176.0,0.852,False,,,,,,,,,,,,,,,,,,,,,,,,,,,,,,
1968,aba mvp,Mel Daniels,danieme01,23,0.0,120.0,176.0,0.682,False,,,,,,,,,,,,,,,,,,,,,,,,,,,,,,
1968,aba mvp,Larry Jones,jonesla01,25,0.0,100.0,176.0,0.568,False,,,,,,,,,,,,,,,,,,,,,,,,,,,,,,
1968,aba mvp,Willie Somerset,somerwi01,25,0.0,80.0,176.0,0.455,False,,,,,,,,,,,,,,,,,,,,,,,,,,,,,,
1968,aba mvp,Larry Brown,brownla01,27,0.0,60.0,176.0,0.341,False,,,,,,,,,,,,,,,,,,,,,,,,,,,,,,
1968,aba mvp,Roger Brown,brownro01,25,0.0,40.0,176.0,0.227,False,,,,,,,,,,,,,,,,,,,,,,,,,,,,,,
1968,aba mvp,John Beasley,beasljo01,23,0.0,20.0,176.0,0.114,False,,,,,,,,,,,,,,,,,,,,,,,,,,,,,,
1968,aba mvp,Cliff Hagan,hagancl01,36,0.0,10.0,176.0,0.057,False,,,,,,,,,,,,,,,,,,,,,,,,,,,,,,
1968,aba mvp,Cincy Powell,powelci01,25,0.0,10.0,176.0,0.057,False,,,,,,,,,,,,,,,,,,,,,,,,,,,,,,
1968,aba mvp,Art Heyman,heymaar01,26,0.0,9.0,176.0,0.051,False,,,,,,,,,,,,,,,,,,,,,,,,,,,,,,
1968,aba mvp,Jim Hadnot,hadnoji01,28,0.0,8.0,176.0,0.045,False,,,,,,,,,,,,,,,,,,,,,,,,,,,,,,
1968,aba roy,Mel Daniels,danieme01,23,,,,,True,,,,,,,,,,,,,,,,,,,,,,,,,,,,,,
1968,nba mvp,Wilt Chamberlain,chambwi01,31,88.0,504.0,695.0,0.725,True,NBA,Wilt Chamberlain,31.0,PHI,C,82.0,,46.8,10.0,16.8,0.595,,,,,,,,4.3,11.4,0.38,,,23.8,8.6,,,,2.0,24.3
1968,nba mvp,Lenny Wilkens,wilkele01,30,26.0,216.0,695.0,0.311,False,NBA,Lenny Wilkens,30.0,STL,PG,82.0,,38.6,6.7,15.2,0.438,,,,,,,,6.7,8.7,0.768,,,5.3,8.3,,,,3.1,20.0
1968,nba mvp,Elgin Baylor,bayloel01,33,9.0,129.0,695.0,0.186,False,NBA,Elgin Baylor,33.0,LAL,SF,77.0,,39.3,9.8,22.2,0.443,,,,,,,,6.3,8.1,0.786,,,12.2,4.6,,,,3.0,26.0
1968,nba mvp,Dave Bing,bingda01,24,9.0,127.0,695.0,0.183,False,NBA,Dave Bing,24.0,DET,PG,79.0,,40.6,10.6,24.0,0.441,,,,,,,,6.0,8.5,0.707,,,4.7,6.4,,,,3.2,27.1
1968,nba mvp,Oscar Robertson,roberos01,29,7.0,112.0,695.0,0.161,False,NBA,Oscar Robertson,29.0,CIN,PG,65.0,,42.5,10.2,20.3,0.5,,,,,,,,8.9,10.2,0.873,,,6.0,9.7,,,,3.1,29.2
1968,nba roy,Earl Monroe,monroea01,23,78.0,78.0,79.0,0.987,True,NBA,Earl Monroe,23.0,BAL,SG,82.0,,36.7,9.0,20.0,0.453,,,,,,,,6.2,7.9,0.781,,,5.7,4.3,,,,3.4,24.3
1968,nba roy,Bill Bradley,bradlbi01,24,1.0,1.0,79.0,0.013,False,NBA,Bill Bradley,24.0,NYK,SF,45.0,,19.4,3.2,7.6,0.416,,,,,,,,1.7,2.3,0.731,,,2.5,3.0,,,,3.1,8.0
1967,nba mvp,Wilt Chamberlain,chambwi01,30,80.0,444.0,540.0,0.822,True,NBA,Wilt Chamberlain,30.0,PHI,C,81.0,,45.5,9.7,14.2,0.683,,,,,,,,4.8,10.8,0.441,,,24.2,7.8,,,,1.8,24.1
1967,nba mvp,Nate Thurmond,thurmna01,25,15.0,170.0,540.0,0.315,False,NBA,Nate Thurmond,25.0,SFW,C,65.0,,42.5,7.2,16.4,0.437,,,,,,,,4.3,6.8,0.629,,,21.3,2.6,,,,2.8,18.7
1967,nba mvp,Bill Russell,russebi01,32,5.0,96.0,540.0,0.178,False,NBA,Bill Russell,32.0,BOS,C,81.0,,40.7,4.9,10.7,0.454,,,,,,,,3.5,5.8,0.61,,,21.0,5.8,,,,3.2,13.3
1967,nba mvp,Oscar Robertson,roberos01,28,3.0,93.0,540.0,0.172,False,NBA,Oscar Robertson,28.0,CIN,PG,79.0,,43.9,10.6,21.5,0.493,,,,,,,,9.3,10.7,0.873,,,6.2,10.7,,,,2.9,30.5
1967,nba mvp,Rick Barry,barryri01,22,2.0,52.0,540.0,0.096,False,NBA,Rick Barry,22.0,SFW,SF,78.0,,40.7,13.0,28.7,0.451,,,,,,,,9.7,10.9,0.884,,,9.2,3.6,,,,3.3,35.6
1967,nba roy,Dave Bing,bingda01,23,74.0,74.0,90.0,0.822,True,NBA,Dave Bing,23.0,DET,PG,80.0,,34.5,8.3,19.0,0.436,,,,,,,,3.4,4.6,0.738,,,4.5,4.1,,,,2.7,20.0
1967,nba roy,Lou Hudson,hudsolo01,22,13.0,13.0,90.0,0.144,False,NBA,Lou Hudson,22.0,STL,SF,80.0,,30.6,7.8,16.6,0.467,,,,,,,,2.9,4.1,0.706,,,5.4,1.2,,,,3.5,18.4
1967,nba roy,Archie Clark,clarkar01,25,3.0,3.0,90.0,0.033,False,NBA,Archie Clark,25.0,LAL,SG,76.0,,23.2,4.4,9.6,0.452,,,,,,,,1.8,2.5,0.708,,,2.9,2.7,,,,2.5,10.5
1966,nba mvp,Wilt Chamberlain,chambwi01,29,48.0,181.0,267.0,0.678,True,NBA,Wilt Chamberlain,29.0,PHI,C,79.0,,47.3,13.6,25.2,0.54,,,,,,,,6.3,12.4,0.513,,,24.6,5.2,,,,2.2,33.5
1966,nba mvp,Jerry West,westje01,27,16.0,101.0,267.0,0.378,False,NBA,Jerry West,27.0,LAL,SG,79.0,,40.7,10.4,21.9,0.473,,,,,,,,10.6,12.4,0.86,,,7.1,6.1,,,,3.1,31.3
1966,nba mvp,Oscar Robertson,roberos01,27,14.0,93.0,267.0,0.348,False,NBA,Oscar Robertson,27.0,CIN,PG,76.0,,46.0,10.8,22.7,0.475,,,,,,,,9.8,11.6,0.842,,,7.7,11.1,,,,3.0,31.3
1966,nba mvp,Bill Russell,russebi01,31,7.0,69.0,267.0,0.258,False,NBA,Bill Russell,31.0,BOS,C,78.0,,43.4,5.0,12.1,0.415,,,,,,,,2.9,5.2,0.551,,,22.8,4.8,,,,2.8,12.9
1966,nba mvp,Sam Jones,jonessa01,32,2.0,11.0,267.0,0.041,False,NBA,Sam Jones,32.0,BOS,SG,67.0,,32.2,9.3,19.9,0.469,,,,,,,,4.9,6.1,0.799,,,5.2,3.2,,,,2.5,23.5
1966,nba mvp,Jerry Lucas,lucasje01,25,2.0,11.0,267.0,0.041,False,NBA,Jerry Lucas,25.0,CIN,PF,79.0,,44.5,8.7,19.3,0.453,,,,,,,,4.0,5.1,0.787,,,21.1,2.7,,,,3.5,21.5
1966,nba roy,Rick Barry,barryri01,21,84.0,84.0,86.0,0.977,True,NBA,Rick Barry,21.0,SFW,SF,80.0,,37.4,9.3,21.2,0.439,,,,,,,,7.1,8.3,0.862,,,10.6,2.2,,,,3.7,25.7
1966,nba roy,Billy Cunningham,cunnibi01,22,2.0,2.0,86.0,0.023,False,NBA,Billy Cunningham,22.0,PHI,SF,80.0,,26.7,5.4,12.6,0.426,,,,,,,,3.5,5.5,0.634,,,7.5,2.6,,,,3.8,14.3
1965,nba mvp,Bill Russell,russebi01,30,53.0,53.0,99.0,0.535,True,NBA,Bill Russell,30.0,BOS,C,78.0,,44.4,5.5,12.6,0.438,,,,,,,,3.1,5.5,0.573,,,24.1,5.3,,,,2.6,14.1
1965,nba mvp,Oscar Robertson,roberos01,26,21.0,21.0,99.0,0.212,False,NBA,Oscar Robertson,26.0,CIN,PG,75.0,,45.6,10.8,22.4,0.48,,,,,,,,8.9,10.6,0.839,,,9.0,11.5,,,,2.7,30.4
1965,nba mvp,Jerry West,westje01,26,20.0,20.0,99.0,0.202,False,NBA,Jerry West,26.0,LAL,PG,74.0,,41.4,11.1,22.4,0.497,,,,,,,,8.8,10.7,0.821,,,6.0,4.9,,,,3.0,31.0
1965,nba mvp,Sam Jones,jonessa01,31,4.0,4.0,99.0,0.04,False,NBA,Sam Jones,31.0,BOS,SG,80.0,,36.1,10.3,22.7,0.452,,,,,,,,5.4,6.5,0.82,,,5.1,2.8,,,,2.2,25.9
1965,nba mvp,Wilt Chamberlain,chambwi01,28,1.0,1.0,99.0,0.01,False,NBA,Wilt Chamberlain,28.0,2TM,C,73.0,,45.2,14.6,28.5,0.51,,,,,,,,5.6,12.1,0.464,,,22.9,3.4,,,,2.0,34.7
1965,nba roy,Willis Reed,reedwi01,22,47.0,47.0,79.0,0.595,True,NBA,Willis Reed,22.0,NYK,C,80.0,,38.0,7.9,18.2,0.432,,,,,,,,3.8,5.1,0.742,,,14.7,1.7,,,,4.2,19.5
1965,nba roy,Luke Jackson,jackslu01,23,27.0,27.0,79.0,0.342,False,NBA,Luke Jackson,23.0,PHI,PF,76.0,,34.1,5.5,13.3,0.414,,,,,,,,3.8,5.3,0.713,,,12.9,1.2,,,,3.3,14.8
1965,nba roy,Jim Barnes,barneji01,23,2.0,2.0,79.0,0.025,False,NBA,Jim Barnes,23.0,NYK,PF,75.0,,34.5,6.1,14.3,0.424,,,,,,,,3.3,5.1,0.662,,,9.7,1.2,,,,4.2,15.5
1965,nba roy,Ron Bonham,bonharo01,22,1.0,1.0,79.0,0.013,False,NBA,Ron Bonham,22.0,BOS,SF,37.0,,10.0,2.5,5.9,0.414,,,,,,,,2.5,3.0,0.821,,,2.1,0.5,,,,0.9,7.4
1965,nba roy,Joe Caldwell,caldwjo01,23,1.0,1.0,79.0,0.013,False,NBA,Joe Caldwell,23.0,DET,SF,66.0,,23.4,4.4,11.8,0.374,,,,,,,,2.0,3.2,0.614,,,6.7,1.8,,,,2.6,10.7
1965,nba roy,Howard Komives,komivho01,23,1.0,1.0,79.0,0.013,False,NBA,Howard Komives,23.0,NYK,PG,80.0,,29.7,4.8,12.8,0.374,,,,,,,,2.7,3.2,0.835,,,2.4,3.3,,,,3.1,12.2
1964,nba mvp,Oscar Robertson,roberos01,25,60.0,362.0,480.0,0.754,True,NBA,Oscar Robertson,25.0,CIN,PG,79.0,,45.1,10.6,22.0,0.483,,,,,,,,10.1,11.9,0.853,,,9.9,11.0,,,,3.5,31.4
1964,nba mvp,Wilt Chamberlain,chambwi01,27,19.0,215.0,480.0,0.448,False,NBA,Wilt Chamberlain,27.0,SFW,C,80.0,,46.1,15.1,28.7,0.524,,,,,,,,6.8,12.7,0.531,,,22.3,5.0,,,,2.3,36.9
1964,nba mvp,Bill Russell,russebi01,29,11.0,167.0,480.0,0.348,False,NBA,Bill Russell,29.0,BOS,C,78.0,,44.6,6.0,13.8,0.433,,,,,,,,3.0,5.5,0.55,,,24.7,4.7,,,,2.4,15.0
1964,nba mvp,Bob Pettit,pettibo01,31,4.0,69.0,480.0,0.144,False,NBA,Bob Pettit,31.0,STL,PF,80.0,,41.2,9.9,21.4,0.463,,,,,,,,7.6,9.6,0.789,,,15.3,3.2,,,,3.8,27.4
1964,nba mvp,Jerry West,westje01,25,2.0,39.0,480.0,0.081,False,NBA,Jerry West,25.0,LAL,PG,72.0,,40.4,10.3,21.2,0.484,,,,,,,,8.1,9.8,0.832,,,6.0,5.6,,,,2.8,28.7
1964,nba mvp,Elgin Baylor,bayloel01,29,0.0,3.0,480.0,0.006,False,NBA,Elgin Baylor,29.0,LAL,SF,78.0,,40.6,9.7,22.8,0.425,,,,,,,,6.0,7.5,0.804,,,12.0,4.4,,,,3.0,25.4
1964,nba mvp,Hal Greer,greerha01,27,0.0,3.0,480.0,0.006,False,NBA,Hal Greer,27.0,PHI,SG,80.0,,39.5,8.9,20.1,0.444,,,,,,,,5.4,6.6,0.829,,,6.1,4.7,,,,3.6,23.3
1964,nba mvp,Gus Johnson,johnsgu01,25,0.0,3.0,480.0,0.006,False,NBA,Gus Johnson,25.0,BAL,PF,78.0,,36.5,7.3,17.0,0.43,,,,,,,,2.7,4.1,0.658,,,13.6,2.2,,,,4.1,17.3
1964,nba mvp,Wayne Embry,embrywa01,26,0.0,1.0,480.0,0.002,False,NBA,Wayne Embry,26.0,CIN,C,80.0,,36.4,7.0,15.2,0.458,,,,,,,,3.4,5.2,0.65,,,11.6,1.4,,,,4.1,17.3
1964,nba mvp,Sam Jones,jonessa01,30,0.0,1.0,480.0,0.002,False,NBA,Sam Jones,30.0,BOS,SG,76.0,,31.3,8.1,17.9,0.45,,,,,,,,3.3,4.2,0.783,,,4.6,2.7,,,,2.5,19.4
1964,nba mvp,Jerry Lucas,lucasje01,23,0.0,1.0,480.0,0.002,False,NBA,Jerry Lucas,23.0,CIN,PF,79.0,,41.4,6.9,13.1,0.527,,,,,,,,3.9,5.0,0.779,,,17.4,2.6,,,,3.8,17.7
1964,nba roy,Jerry Lucas,lucasje01,23,73.5,73.5,83.0,0.886,True,NBA,Jerry Lucas,23.0,CIN,PF,79.0,,41.4,6.9,13.1,0.527,,,,,,,,3.9,5.0,0.779,,,17.4,2.6,,,,3.8,17.7
1964,nba roy,Gus Johnson,johnsgu01,25,7.5,7.5,83.0,0.09,False,NBA,Gus Johnson,25.0,BAL,PF,78.0,,36.5,7.3,17.0,0.43,,,,,,,,2.7,4.1,0.658,,,13.6,2.2,,,,4.1,17.3
1964,nba roy,Nate Thurmond,thurmna01,22,2.0,2.0,83.0,0.024,False,NBA,Nate Thurmond,22.0,SFW,PF,76.0,,25.9,2.9,7.3,0.395,,,,,,,,1.3,2.3,0.549,,,10.4,1.1,,,,2.4,7.0
1963,nba mvp,Bill Russell,russebi01,28,56.0,341.0,505.0,0.675,True,NBA,Bill Russell,28.0,BOS,C,78.0,,44.9,6.6,15.2,0.432,,,,,,,,3.7,6.6,0.555,,,23.6,4.5,,,,2.4,16.8
1963,nba mvp,Elgin Baylor,bayloel01,28,19.0,221.0,505.0,0.438,False,NBA,Elgin Baylor,28.0,LAL,SF,80.0,,42.1,12.9,28.4,0.453,,,,,,,,8.3,9.9,0.837,,,14.3,4.8,,,,2.8,34.0
1963,nba mvp,Oscar Robertson,roberos01,24,19.0,191.0,505.0,0.378,False,NBA,Oscar Robertson,24.0,CIN,PG,80.0,,44.0,10.3,19.9,0.518,,,,,,,,7.7,9.5,0.81,,,10.4,9.5,,,,3.7,28.3
1963,nba mvp,Bob Pettit,pettibo01,30,3.0,84.0,505.0,0.166,False,NBA,Bob Pettit,30.0,STL,PF,79.0,,39.1,9.8,22.1,0.446,,,,,,,,8.7,11.2,0.774,,,15.1,3.1,,,,3.6,28.4
1963,nba mvp,Jerry West,westje01,24,2.0,19.0,505.0,0.038,False,NBA,Jerry West,24.0,LAL,PG,55.0,,39.3,10.2,22.1,0.461,,,,,,,,6.7,8.7,0.778,,,7.0,5.6,,,,2.7,27.1
1963,nba mvp,Red Kerr,kerrre01,30,1.0,13.0,505.0,0.026,False,NBA,Red Kerr,30.0,SYR,C,80.0,,32.0,6.3,13.4,0.474,,,,,,,,3.0,4.0,0.753,,,13.0,2.7,,,,2.6,15.7
1963,nba mvp,Wilt Chamberlain,chambwi01,26,0.0,9.0,505.0,0.018,False,NBA,Wilt Chamberlain,26.0,SFW,C,80.0,,47.6,18.3,34.6,0.528,,,,,,,,8.3,13.9,0.593,,,24.3,3.4,,,,1.7,44.8
1963,nba mvp,Terry Dischinger,dischte01,22,1.0,5.0,505.0,0.01,False,NBA,Terry Dischinger,22.0,CHZ,SF,57.0,,40.2,9.2,18.0,0.512,,,,,,,,7.1,9.2,0.77,,,8.0,3.1,,,,3.3,25.5
1963,nba mvp,Bob Cousy,cousybo01,34,0.0,5.0,505.0,0.01,False,NBA,Bob Cousy,34.0,BOS,PG,76.0,,26.0,5.2,13.0,0.397,,,,,,,,2.9,3.9,0.735,,,2.5,6.8,,,,2.3,13.2
1963,nba mvp,John Havlicek,havlijo01,22,0.0,3.0,505.0,0.006,False,NBA,John Havlicek,22.0,BOS,SF,80.0,,27.5,6.0,13.6,0.445,,,,,,,,2.2,3.0,0.728,,,6.7,2.2,,,,2.4,14.3
1963,nba mvp,John Barnhill,barnhjo01,24,0.0,1.0,505.0,0.002,False,NBA,John Barnhill,24.0,STL,SG,77.0,,35.0,4.7,10.9,0.43,,,,,,,,2.4,3.3,0.71,,,4.7,4.2,,,,2.2,11.7
1963,nba mvp,Walt Bellamy,bellawa01,23,0.0,1.0,505.0,0.002,False,NBA,Walt Bellamy,23.0,CHZ,C,80.0,,41.3,10.5,19.9,0.527,,,,,,,,6.9,10.3,0.674,,,16.4,2.9,,,,3.5,27.9
1963,nba roy,Terry Dischinger,dischte01,22,,,,,True,NBA,Terry Dischinger,22.0,CHZ,SF,57.0,,40.2,9.2,18.0,0.512,,,,,,,,7.1,9.2,0.77,,,8.0,3.1,,,,3.3,25.5
1962,nba mvp,Bill Russell,russebi01,27,51.0,297.0,425.0,0.699,True,NBA,Bill Russell,27.0,BOS,C,76.0,,45.2,7.6,16.6,0.457,,,,,,,,3.8,6.3,0.595,,,23.6,4.5,,,,2.7,18.9
1962,nba mvp,Wilt Chamberlain,chambwi01,25,9.0,152.0,425.0,0.358,False,NBA,Wilt Chamberlain,25.0,PHW,C,80.0,,48.5,20.0,39.5,0.506,,,,,,,,10.4,17.0,0.613,,,25.7,2.4,,,,1.5,50.4
1962,nba mvp,Oscar Robertson,roberos01,23,13.0,135.0,425.0,0.318,False,NBA,Oscar Robertson,23.0,CIN,PG,79.0,,44.3,11.0,22.9,0.478,,,,,,,,8.9,11.0,0.803,,,12.5,11.4,,,,3.3,30.8
1962,nba mvp,Elgin Baylor,bayloel01,27,3.0,82.0,425.0,0.193,False,NBA,Elgin Baylor,27.0,LAL,SF,48.0,,44.4,14.2,33.1,0.428,,,,,,,,9.9,13.1,0.754,,,18.6,4.6,,,,3.2,38.3
1962,nba mvp,Jerry West,westje01,23,6.0,60.0,425.0,0.141,False,NBA,Jerry West,23.0,LAL,PG,75.0,,41.2,10.7,23.9,0.445,,,,,,,,9.5,12.3,0.769,,,7.9,5.4,,,,2.3,30.8
1962,nba mvp,Bob Pettit,pettibo01,29,2.0,31.0,425.0,0.073,False,NBA,Bob Pettit,29.0,STL,PF,78.0,,42.1,11.1,24.7,0.45,,,,,,,,8.9,11.6,0.771,,,18.7,3.7,,,,3.8,31.1
1962,nba mvp,Richie Guerin,gueriri01,29,1.0,5.0,425.0,0.012,False,NBA,Richie Guerin,29.0,NYK,SG,78.0,,42.9,10.8,24.3,0.442,,,,,,,,8.0,9.8,0.82,,,6.4,6.9,,,,3.8,29.5
1962,nba mvp,Bob Cousy,cousybo01,33,0.0,3.0,425.0,0.007,False,NBA,Bob Cousy,33.0,BOS,PG,75.0,,28.2,6.2,15.7,0.391,,,,,,,,3.3,4.4,0.754,,,3.5,7.8,,,,1.8,15.7
1962,nba roy,Walt Bellamy,bellawa01,22,,,,,True,NBA,Walt Bellamy,22.0,CHP,C,79.0,,42.3,12.3,23.7,0.519,,,,,,,,6.9,10.8,0.644,,,19.0,2.7,,,,3.6,31.6
1961,nba mvp,Bill Russell,russebi01,26,35.0,213.0,380.0,0.561,True,NBA,Bill Russell,26.0,BOS,C,78.0,,44.3,6.8,16.0,0.426,,,,,,,,3.3,6.0,0.55,,,23.9,3.4,,,,2.0,16.9
1961,nba mvp,Bob Pettit,pettibo01,28,14.0,125.0,380.0,0.329,False,NBA,Bob Pettit,28.0,STL,PF,76.0,,39.8,10.1,22.6,0.447,,,,,,,,7.7,10.6,0.724,,,20.3,3.4,,,,2.9,27.9
1961,nba mvp,Elgin Baylor,bayloel01,26,10.0,116.0,380.0,0.305,False,NBA,Elgin Baylor,26.0,LAL,SF,73.0,,42.9,12.8,29.7,0.43,,,,,,,,9.3,11.8,0.783,,,19.8,5.1,,,,3.8,34.8
1961,nba mvp,Wilt Chamberlain,chambwi01,24,3.0,81.0,380.0,0.213,False,NBA,Wilt Chamberlain,24.0,PHW,C,79.0,,47.8,15.8,31.1,0.509,,,,,,,,6.7,13.3,0.504,,,27.2,1.9,,,,1.6,38.4
1961,nba mvp,Oscar Robertson,roberos01,22,7.0,70.0,380.0,0.184,False,NBA,Oscar Robertson,22.0,CIN,PG,71.0,,42.7,10.6,22.5,0.473,,,,,,,,9.2,11.2,0.822,,,10.1,9.7,,,,3.1,30.5
1961,nba mvp,Bob Cousy,cousybo01,32,2.0,17.0,380.0,0.045,False,NBA,Bob Cousy,32.0,BOS,PG,76.0,,32.5,6.8,18.2,0.371,,,,,,,,4.6,5.9,0.779,,,4.4,7.7,,,,2.6,18.1
1961,nba mvp,Tom Heinsohn,heinsto01,26,3.0,15.0,380.0,0.039,False,NBA,Tom Heinsohn,26.0,BOS,PF,74.0,,30.5,8.5,21.2,0.4,,,,,,,,4.4,5.7,0.767,,,9.9,1.9,,,,3.5,21.3
1961,nba mvp,Dolph Schayes,schaydo01,32,1.0,12.0,380.0,0.032,False,NBA,Dolph Schayes,32.0,SYR,PF,79.0,,38.1,7.5,20.2,0.372,,,,,,,,8.6,9.9,0.868,,,12.2,3.7,,,,3.7,23.6
1961,nba mvp,Bailey Howell,howelba01,24,1.0,9.0,380.0,0.024,False,NBA,Bailey Howell,24.0,DET,PF,77.0,,38.3,7.9,16.8,0.469,,,,,,,,7.8,10.4,0.753,,,14.4,2.5,,,,3.9,23.6
1961,nba mvp,Gene Shue,shuege01,29,0.0,8.0,380.0,0.021,False,NBA,Gene Shue,29.0,DET,PG,78.0,,43.1,8.3,19.8,0.421,,,,,,,,6.0,7.0,0.856,,,4.3,6.8,,,,2.7,22.6
1961,nba mvp,Jack Twyman,twymaja01,26,0.0,6.0,380.0,0.016,False,NBA,Jack Twyman,26.0,CIN,SF,79.0,,37.0,10.1,20.7,0.488,,,,,,,,5.1,7.0,0.731,,,8.5,2.8,,,,3.5,25.3
1961,nba mvp,Jerry West,westje01,22,1.0,5.0,380.0,0.013,False,NBA,Jerry West,22.0,LAL,SG,79.0,,35.4,6.7,16.0,0.419,,,,,,,,4.2,6.3,0.666,,,7.7,4.2,,,,2.7,17.6
1961,nba mvp,Clyde Lovellette,lovelcl01,31,0.0,4.0,380.0,0.011,False,NBA,Clyde Lovellette,31.0,STL,C,67.0,,31.5,8.9,19.7,0.453,,,,,,,,4.1,4.9,0.83,,,10.1,2.6,,,,3.7,22.0
1961,nba mvp,Cliff Hagan,hagancl01,29,0.0,3.0,380.0,0.008,False,NBA,Cliff Hagan,29.0,STL,SF,77.0,,35.1,8.6,19.4,0.444,,,,,,,,5.0,6.1,0.82,,,9.3,4.9,,,,3.7,22.1
1961,nba mvp,Richie Guerin,gueriri01,28,0.0,2.0,380.0,0.005,False,NBA,Richie Guerin,28.0,NYK,SG,79.0,,38.3,7.7,19.6,0.396,,,,,,,,6.3,7.9,0.792,,,7.9,6.4,,,,3.9,21.8
1961,nba mvp,Paul Arizin,arizipa01,32,0.0,1.0,380.0,0.003,False,NBA,Paul Arizin,32.0,PHW,SF,79.0,,37.2,8.2,19.4,0.425,,,,,,,,6.7,8.1,0.833,,,8.6,2.4,,,,4.2,23.2
1961,nba mvp,Willie Naulls,naullwi01,26,0.0,1.0,380.0,0.003,False,NBA,Willie Naulls,26.0,NYK,SF,79.0,,37.7,9.3,21.8,0.428,,,,,,,,4.7,5.8,0.816,,,13.4,2.4,,,,3.4,23.4
1961,nba mvp,Kenny Sears,searske01,27,0.0,1.0,380.0,0.003,False,NBA,Kenny Sears,27.0,NYK,SF,52.0,,26.8,4.6,10.9,0.424,,,,,,,,5.2,6.3,0.825,,,5.6,2.0,,,,3.2,14.4
1961,nba roy,Oscar Robertson,roberos01,22,,,,,True,NBA,Oscar Robertson,22.0,CIN,PG,71.0,,42.7,10.6,22.5,0.473,,,,,,,,9.2,11.2,0.822,,,10.1,9.7,,,,3.1,30.5
1960,nba mvp,Wilt Chamberlain,chambwi01,23,49.0,270.0,395.0,0.684,True,NBA,Wilt Chamberlain,23.0,PHW,C,72.0,,46.4,14.8,32.1,0.461,,,,,,,,8.0,13.8,0.582,,,27.0,2.3,,,,2.1,37.6
1960,nba mvp,Bill Russell,russebi01,25,15.0,186.0,395.0,0.471,False,NBA,Bill Russell,25.0,BOS,C,74.0,,42.5,7.5,16.1,0.467,,,,,,,,3.2,5.3,0.612,,,24.0,3.7,,,,2.8,18.2
1960,nba mvp,Bob Pettit,pettibo01,27,3.0,106.0,395.0,0.268,False,NBA,Bob Pettit,27.0,STL,PF,72.0,,40.2,9.3,21.2,0.438,,,,,,,,7.6,10.0,0.753,,,17.0,3.6,,,,2.8,26.1
1960,nba mvp,Bob Cousy,cousybo01,31,8.0,66.0,395.0,0.167,False,NBA,Bob Cousy,31.0,BOS,PG,75.0,,34.5,7.6,19.7,0.384,,,,,,,,4.3,5.4,0.792,,,4.7,9.5,,,,1.9,19.4
1960,nba mvp,Elgin Baylor,bayloel01,25,2.0,40.0,395.0,0.101,False,NBA,Elgin Baylor,25.0,MNL,SF,70.0,,41.0,10.8,25.4,0.424,,,,,,,,8.1,11.0,0.732,,,16.4,3.5,,,,3.3,29.6
1960,nba mvp,Jack Twyman,twymaja01,25,0.0,8.0,395.0,0.02,False,NBA,Jack Twyman,25.0,CIN,SF,75.0,,40.3,11.6,27.5,0.422,,,,,,,,8.0,10.2,0.785,,,8.9,3.5,,,,3.7,31.2
1960,nba mvp,Gene Shue,shuege01,28,0.0,7.0,395.0,0.018,False,NBA,Gene Shue,28.0,DET,PG,75.0,,44.5,8.3,20.0,0.413,,,,,,,,6.3,7.2,0.872,,,5.5,3.9,,,,1.9,22.8
1960,nba mvp,Tom Gola,golato01,27,1.0,6.0,395.0,0.015,False,NBA,Tom Gola,27.0,PHW,SG,75.0,,38.3,5.7,13.1,0.433,,,,,,,,3.6,4.5,0.794,,,10.4,5.5,,,,4.1,15.0
1960,nba mvp,Dolph Schayes,schaydo01,31,0.0,6.0,395.0,0.015,False,NBA,Dolph Schayes,31.0,SYR,PF,75.0,,36.5,7.7,19.2,0.401,,,,,,,,7.1,8.0,0.893,,,12.8,3.4,,,,3.5,22.5
1960,nba mvp,Tom Heinsohn,heinsto01,25,1.0,5.0,395.0,0.013,False,NBA,Tom Heinsohn,25.0,BOS,PF,75.0,,32.3,9.0,21.2,0.423,,,,,,,,3.8,5.1,0.733,,,10.6,2.3,,,,3.7,21.7
1960,nba mvp,Walter Dukes,dukeswa01,29,0.0,4.0,395.0,0.01,False,NBA,Walter Dukes,29.0,DET,C,66.0,,32.4,4.8,13.2,0.361,,,,,,,,5.7,7.7,0.74,,,13.4,1.2,,,,4.7,15.2
1960,nba mvp,Richie Guerin,gueriri01,27,0.0,3.0,395.0,0.008,False,NBA,Richie Guerin,27.0,NYK,SG,74.0,,32.8,7.8,18.6,0.42,,,,,,,,6.2,8.0,0.773,,,6.8,6.3,,,,3.3,21.8
1960,nba mvp,Willie Naulls,naullwi01,25,0.0,3.0,395.0,0.008,False,NBA,Willie Naulls,25.0,NYK,SF,65.0,,34.6,8.5,19.8,0.428,,,,,,,,4.4,5.3,0.836,,,14.2,2.1,,,,3.3,21.4
1960,nba mvp,Cliff Hagan,hagancl01,28,0.0,1.0,395.0,0.003,False,NBA,Cliff Hagan,28.0,STL,SF,75.0,,37.3,9.6,20.7,0.464,,,,,,,,5.6,7.0,0.803,,,10.7,4.0,,,,3.6,24.8
1960,nba roy,Wilt Chamberlain,chambwi01,23,,,,,True,NBA,Wilt Chamberlain,23.0,PHW,C,72.0,,46.4,14.8,32.1,0.461,,,,,,,,8.0,13.8,0.582,,,27.0,2.3,,,,2.1,37.6
1959,nba mvp,Bob Pettit,pettibo01,26,59.0,317.0,410.0,0.773,True,NBA,Bob Pettit,26.0,STL,PF,72.0,,39.9,10.0,22.8,0.438,,,,,,,,9.3,12.2,0.759,,,16.4,3.1,,,,2.8,29.2
1959,nba mvp,Bill Russell,russebi01,24,10.0,144.0,410.0,0.351,False,NBA,Bill Russell,24.0,BOS,C,70.0,,42.6,6.5,14.2,0.457,,,,,,,,3.7,6.1,0.598,,,23.0,3.2,,,,2.3,16.7
1959,nba mvp,Elgin Baylor,bayloel01,24,2.0,88.0,410.0,0.215,False,NBA,Elgin Baylor,24.0,MNL,SF,70.0,,40.8,8.6,21.2,0.408,,,,,,,,7.6,9.8,0.777,,,15.0,4.1,,,,3.9,24.9
1959,nba mvp,Bob Cousy,cousybo01,30,4.0,71.0,410.0,0.173,False,NBA,Bob Cousy,30.0,BOS,PG,65.0,,37.0,7.4,19.4,0.384,,,,,,,,5.1,5.9,0.855,,,5.5,8.6,,,,2.1,20.0
1959,nba mvp,Paul Arizin,arizipa01,30,1.0,39.0,410.0,0.095,False,NBA,Paul Arizin,30.0,PHW,SF,70.0,,40.0,9.0,20.9,0.431,,,,,,,,8.4,10.3,0.813,,,9.1,1.7,,,,3.8,26.4
1959,nba mvp,Dolph Schayes,schaydo01,30,1.0,26.0,410.0,0.063,False,NBA,Dolph Schayes,30.0,SYR,PF,72.0,,36.7,7.0,18.1,0.387,,,,,,,,7.3,8.5,0.864,,,13.4,2.5,,,,3.9,21.3
1959,nba mvp,Larry Costello,costela01,27,3.0,15.0,410.0,0.037,False,NBA,Larry Costello,27.0,SYR,PG,70.0,,39.3,5.9,13.5,0.437,,,,,,,,4.0,5.0,0.802,,,5.2,5.4,,,,3.8,15.8
1959,nba mvp,Kenny Sears,searske01,25,1.0,12.0,410.0,0.029,False,NBA,Kenny Sears,25.0,NYK,PF,71.0,,35.2,6.9,14.1,0.49,,,,,,,,7.1,8.3,0.861,,,9.3,1.9,,,,3.3,21.0
1959,nba mvp,Cliff Hagan,hagancl01,27,1.0,11.0,410.0,0.027,False,NBA,Cliff Hagan,27.0,STL,SF,72.0,,37.5,9.0,19.7,0.456,,,,,,,,5.8,7.4,0.774,,,10.9,3.4,,,,3.8,23.7
1959,nba mvp,Jack Twyman,twymaja01,24,0.0,7.0,410.0,0.017,False,NBA,Jack Twyman,24.0,CIN,SF,72.0,,37.7,9.9,23.5,0.42,,,,,,,,6.1,7.8,0.783,,,9.1,2.9,,,,3.8,25.8
1959,nba mvp,Tom Gola,golato01,26,0.0,3.0,410.0,0.007,False,NBA,Tom Gola,26.0,PHW,SG,64.0,,36.5,4.8,12.1,0.401,,,,,,,,4.4,5.6,0.787,,,11.1,4.2,,,,3.8,14.1
1959,nba mvp,Richie Guerin,gueriri01,26,0.0,3.0,410.0,0.007,False,NBA,Richie Guerin,26.0,NYK,SG,71.0,,36.0,6.2,14.7,0.424,,,,,,,,5.7,7.1,0.802,,,7.3,5.1,,,,3.6,18.2
1959,nba mvp,Dick McGuire,mcguidi01,33,0.0,3.0,410.0,0.007,False,NBA,Dick McGuire,33.0,DET,PG,71.0,,29.1,3.3,7.6,0.427,,,,,,,,2.7,3.6,0.74,,,4.0,6.2,,,,2.1,9.2
1959,nba mvp,Al Bianchi,biancal01,26,0.0,1.0,410.0,0.002,False,NBA,Al Bianchi,26.0,SYR,PG,72.0,,24.7,4.0,10.5,0.377,,,,,,,,2.1,2.9,0.723,,,2.8,2.2,,,,3.6,10.0
1959,nba mvp,Gene Shue,shuege01,27,0.0,1.0,410.0,0.002,False,NBA,Gene Shue,27.0,DET,PG,72.0,,38.1,6.4,16.6,0.388,,,,,,,,4.7,5.8,0.803,,,4.7,3.2,,,,1.8,17.6
1959,nba roy,Elgin Baylor,bayloel01,24,73.0,73.0,85.0,0.859,True,NBA,Elgin Baylor,24.0,MNL,SF,70.0,,40.8,8.6,21.2,0.408,,,,,,,,7.6,9.8,0.777,,,15.0,4.1,,,,3.9,24.9
1958,nba mvp,Bill Russell,russebi01,23,33.0,228.0,400.0,0.57,True,NBA,Bill Russell,23.0,BOS,C,69.0,,38.3,6.6,15.0,0.442,,,,,,,,3.3,6.4,0.519,,,22.7,2.9,,,,2.6,16.6
1958,nba mvp,Dolph Schayes,schaydo01,29,25.0,198.0,400.0,0.495,False,NBA,Dolph Schayes,29.0,SYR,PF,72.0,,40.5,8.1,20.3,0.398,,,,,,,,8.7,9.7,0.904,,,14.2,3.1,,,,3.4,24.9
1958,nba mvp,George Yardley,yardlge01,29,12.0,120.0,400.0,0.3,False,NBA,George Yardley,29.0,DET,SF,72.0,,39.5,9.3,22.6,0.414,,,,,,,,9.1,11.2,0.811,,,10.7,1.3,,,,3.1,27.8
1958,nba mvp,Bob Pettit,pettibo01,25,4.0,97.0,400.0,0.243,False,NBA,Bob Pettit,25.0,STL,PF,70.0,,36.1,8.3,20.3,0.41,,,,,,,,8.0,10.6,0.749,,,17.4,2.2,,,,3.2,24.6
1958,nba mvp,Maurice Stokes,stokema01,24,2.0,28.0,400.0,0.07,False,NBA,Maurice Stokes,24.0,CIN,PF,63.0,,39.0,6.6,18.7,0.351,,,,,,,,3.8,5.3,0.715,,,18.1,6.4,,,,3.6,16.9
1958,nba mvp,Bob Cousy,cousybo01,29,2.0,18.0,400.0,0.045,False,NBA,Bob Cousy,29.0,BOS,PG,65.0,,34.2,6.8,19.4,0.353,,,,,,,,4.3,5.0,0.85,,,5.0,7.1,,,,2.1,18.0
1958,nba mvp,Bill Sharman,sharmbi01,31,2.0,11.0,400.0,0.028,False,NBA,Bill Sharman,31.0,BOS,SG,63.0,,35.1,8.7,20.6,0.424,,,,,,,,4.8,5.4,0.893,,,4.7,2.7,,,,2.5,22.3
1958,nba mvp,Paul Arizin,arizipa01,29,0.0,8.0,400.0,0.02,False,NBA,Paul Arizin,29.0,PHW,SF,68.0,,35.0,7.1,18.1,0.393,,,,,,,,6.5,8.0,0.809,,,7.4,2.0,,,,3.5,20.7
1958,nba mvp,Walter Dukes,dukeswa01,27,0.0,4.0,400.0,0.01,False,NBA,Walter Dukes,27.0,DET,C,72.0,,30.3,3.9,11.1,0.349,,,,,,,,3.4,5.1,0.675,,,13.3,0.7,,,,4.3,11.2
1958,nba mvp,Vern Mikkelsen,mikkeve01,29,0.0,3.0,400.0,0.008,False,NBA,Vern Mikkelsen,29.0,MNL,PF,72.0,,33.2,6.1,14.9,0.41,,,,,,,,5.1,6.5,0.786,,,11.2,2.3,,,,4.2,17.3
1958,nba mvp,Cliff Hagan,hagancl01,26,0.0,2.0,400.0,0.005,False,NBA,Cliff Hagan,26.0,STL,SF,70.0,,31.3,7.2,16.2,0.443,,,,,,,,5.5,7.2,0.768,,,10.1,2.5,,,,3.8,19.9
1958,nba mvp,Neil Johnston,johnsne01,28,0.0,1.0,400.0,0.003,False,NBA,Neil Johnston,28.0,PHW,C,71.0,,33.9,6.7,15.5,0.429,,,,,,,,6.2,7.6,0.819,,,11.1,2.3,,,,3.3,19.5
1958,nba mvp,Clyde Lovellette,lovelcl01,28,0.0,1.0,400.0,0.003,False,NBA,Clyde Lovellette,28.0,CIN,C,71.0,,36.5,9.6,21.7,0.441,,,,,,,,4.2,5.7,0.743,,,12.1,1.9,,,,3.3,23.4
1958,nba mvp,Kenny Sears,searske01,24,0.0,1.0,400.0,0.003,False,NBA,Kenny Sears,24.0,NYK,PF,72.0,,37.3,6.2,14.1,0.439,,,,,,,,6.3,7.6,0.822,,,10.9,1.8,,,,3.5,18.6
1958,nba roy,Woody Sauldsberry,sauldwo01,23,,,,,True,NBA,Woody Sauldsberry,23.0,PHW,PF,71.0,,33.5,5.5,15.2,0.36,,,,,,,,1.9,3.1,0.615,,,10.3,0.8,,,,3.5,12.8
1957,nba mvp,Bob Cousy,cousybo01,28,23.0,23.0,80.0,0.288,True,NBA,Bob Cousy,28.0,BOS,PG,64.0,,36.9,7.5,19.8,0.378,,,,,,,,5.7,6.9,0.821,,,4.8,7.5,,,,2.1,20.6
1957,nba mvp,Bob Pettit,pettibo01,24,21.0,21.0,80.0,0.263,False,NBA,Bob Pettit,24.0,STL,C,71.0,,35.1,8.6,20.8,0.415,,,,,,,,7.5,9.6,0.773,,,14.6,1.9,,,,2.5,24.7
1957,nba mvp,Paul Arizin,arizipa01,28,9.0,9.0,80.0,0.113,False,NBA,Paul Arizin,28.0,PHW,SF,71.0,,39.0,8.6,20.4,0.422,,,,,,,,8.3,10.0,0.829,,,7.9,2.1,,,,3.9,25.6
1957,nba mvp,Dolph Schayes,schaydo01,28,8.0,8.0,80.0,0.1,False,NBA,Dolph Schayes,28.0,SYR,PF,72.0,,39.6,6.9,18.2,0.379,,,,,,,,8.7,9.6,0.904,,,14.0,3.2,,,,3.0,22.5
1957,nba mvp,George Yardley,yardlge01,28,7.0,7.0,80.0,0.088,False,NBA,George Yardley,28.0,FTW,SF,72.0,,37.4,7.3,17.7,0.41,,,,,,,,7.0,8.9,0.787,,,10.5,2.0,,,,3.2,21.5
1957,nba mvp,Maurice Stokes,stokema01,23,5.0,5.0,80.0,0.063,False,NBA,Maurice Stokes,23.0,ROC,PF,72.0,,38.3,6.0,17.3,0.347,,,,,,,,3.6,5.3,0.665,,,17.4,4.6,,,,4.0,15.6
1957,nba mvp,Bill Russell,russebi01,22,2.0,2.0,80.0,0.025,False,NBA,Bill Russell,22.0,BOS,C,48.0,,35.3,5.8,13.5,0.427,,,,,,,,3.2,6.4,0.492,,,19.6,1.8,,,,3.0,14.7
1957,nba mvp,Ray Felix,felixra01,26,1.0,1.0,80.0,0.013,False,NBA,Ray Felix,26.0,NYK,C,72.0,,22.5,4.1,9.8,0.416,,,,,,,,3.8,5.2,0.747,,,8.2,0.5,,,,3.9,12.0
1957,nba mvp,Harry Gallatin,gallaha01,29,1.0,1.0,80.0,0.013,False,NBA,Harry Gallatin,29.0,NYK,PF,72.0,,27.0,4.6,11.3,0.406,,,,,,,,5.8,7.2,0.8,,,10.1,1.2,,,,2.8,15.0
1957,nba mvp,Mel Hutchins,hutchme01,28,1.0,1.0,80.0,0.013,False,NBA,Mel Hutchins,28.0,FTW,PF,72.0,,36.8,5.1,13.2,0.387,,,,,,,,2.1,2.9,0.738,,,7.9,2.9,,,,2.5,12.4
1957,nba mvp,Kenny Sears,searske01,23,1.0,1.0,80.0,0.013,False,NBA,Kenny Sears,23.0,NYK,SF,72.0,,34.9,4.8,11.4,0.418,,,,,,,,5.3,6.7,0.79,,,8.5,1.4,,,,3.1,14.8
1957,nba mvp,Jack Twyman,twymaja01,22,1.0,1.0,80.0,0.013,False,NBA,Jack Twyman,22.0,ROC,SG,72.0,,32.5,6.2,14.2,0.439,,,,,,,,3.8,5.0,0.76,,,4.9,1.7,,,,3.5,16.3
1957,nba roy,Tom Heinsohn,heinsto01,22,,,,,True,NBA,Tom Heinsohn,22.0,BOS,PF,72.0,,29.9,6.2,15.6,0.397,,,,,,,,3.8,4.8,0.79,,,9.8,1.6,,,,4.2,16.2
1956,nba mvp,Bob Pettit,pettibo01,23,33.0,33.0,80.0,0.413,True,NBA,Bob Pettit,23.0,STL,C,72.0,,38.8,9.0,20.9,0.429,,,,,,,,7.7,10.5,0.736,,,16.2,2.6,,,,2.8,25.7
1956,nba mvp,Paul Arizin,arizipa01,27,21.0,21.0,80.0,0.263,False,NBA,Paul Arizin,27.0,PHW,SF,72.0,,37.8,8.6,19.1,0.448,,,,,,,,7.0,8.7,0.81,,,7.5,2.6,,,,3.9,24.2
1956,nba mvp,Bob Cousy,cousybo01,27,11.0,11.0,80.0,0.138,False,NBA,Bob Cousy,27.0,BOS,PG,72.0,,38.4,6.1,17.0,0.36,,,,,,,,6.6,7.8,0.844,,,6.8,8.9,,,,2.9,18.8
1956,nba mvp,Mel Hutchins,hutchme01,27,9.0,9.0,80.0,0.113,False,NBA,Mel Hutchins,27.0,FTW,PF,66.0,,33.9,4.9,11.6,0.425,,,,,,,,2.2,3.3,0.643,,,7.5,2.7,,,,2.5,12.0
1956,nba mvp,Dolph Schayes,schaydo01,27,2.0,2.0,80.0,0.025,False,NBA,Dolph Schayes,27.0,SYR,PF,72.0,,35.0,6.5,16.7,0.387,,,,,,,,7.5,8.8,0.858,,,12.4,2.8,,,,3.5,20.4
1956,nba mvp,Bill Sharman,sharmbi01,29,2.0,2.0,80.0,0.025,False,NBA,Bill Sharman,29.0,BOS,SG,72.0,,37.5,7.5,17.1,0.438,,,,,,,,5.0,5.7,0.867,,,3.6,4.7,,,,2.7,19.9
1956,nba mvp,Tom Gola,golato01,23,1.0,1.0,80.0,0.013,False,NBA,Tom Gola,23.0,PHW,SG,68.0,,34.5,3.6,8.7,0.412,,,,,,,,3.6,4.9,0.733,,,9.1,5.9,,,,4.0,10.8
1956,nba mvp,Maurice Stokes,stokema01,22,1.0,1.0,80.0,0.013,False,NBA,Maurice Stokes,22.0,ROC,C,67.0,,34.7,6.0,17.0,0.354,,,,,,,,4.8,6.7,0.714,,,16.3,4.9,,,,4.1,16.8
1956,nba roy,Maurice Stokes,stokema01,22,,,,,True,NBA,Maurice Stokes,22.0,ROC,C,67.0,,34.7,6.0,17.0,0.354,,,,,,,,4.8,6.7,0.714,,,16.3,4.9,,,,4.1,16.8
1955,nba roy,Bob Pettit,pettibo01,22,,,,,True,NBA,Bob Pettit,22.0,MLH,PF,72.0,,36.9,7.2,17.8,0.407,,,,,,,,5.9,7.9,0.751,,,13.8,3.2,,,,3.6,20.4
1954,nba roy,Ray Felix,felixra01,23,,,,,True,NBA,Ray Felix,23.0,BLB,C,72.0,,37.1,5.7,13.7,0.417,,,,,,,,6.2,9.8,0.638,,,13.3,1.1,,,,3.5,17.6
1953,nba roy,Monk Meineke,meinemo01,22,,,,,True,NBA,Monk Meineke,22.0,FTW,PF,68.0,,33.1,3.5,9.3,0.381,,,,,,,,3.6,4.6,0.783,,,6.9,2.2,,,,4.9,10.7
1952,nba roy,Mel Hutchins,hutchme01,23,,,,,True,NBA,Mel Hutchins,23.0,MLH,C,66.0,,39.7,3.5,9.6,0.365,,,,,,,,2.2,3.4,0.644,,,13.3,2.9,,,,2.9,9.2
1952,nba roy,Bill Tosheff,toshebi01,25,,,,,True,NBA,Bill Tosheff,25.0,INO,PG,65.0,,31.6,3.3,10.0,0.327,,,,,,,,2.8,3.4,0.824,,,3.3,3.4,,,,3.1,9.4
1951,nba roy,Paul Arizin,arizipa01,22,,,,,True,NBA,Paul Arizin,22.0,PHW,SF,65.0,,,5.4,13.3,0.407,,,,,,,,6.4,8.1,0.793,,,9.8,2.1,,,,4.4,17.2
1950,nba roy,Alex Groza,grozaal01,23,,,,,True,NBA,Alex Groza,23.0,INO,,64.0,,,8.1,17.0,0.478,,,,,,,,7.1,9.7,0.729,,,,2.5,,,,3.5,23.4
1949,baa roy,Howie Shannon,shannho01,25,,,,,True,,,,,,,,,,,,,,,,,,,,,,,,,,,,,,
1948,baa roy,Paul Hoffman,hoffmpa01,22,,,,,True,,,,,,,,,,,,,,,,,,,,,,,,,,,,,,
